patient_id,xml_filename,pdf_filename,xml_relative_path,pdf_relative_path,histologic_type,histologic_variant,pathologic_T,pathologic_N,pathologic_M,extrathyroidal_extension,margins,focality,lymph_nodes_examined_status,lymph_nodes_examined_count,lymph_nodes_positive_count,lymph_nodes_resected,tumor_site,tumor_size,data_quality_flag,strat_ete,strat_margins,strat_site,strat_ln,strat_site_simple,strata_key
TCGA-DE-A69J,nationwidechildrens.org_clinical.TCGA-DE-A69J.xml,TCGA-DE-A69J.90A9DDB6-4DCF-4467-908F-25A5481B5D70.PDF,data/raw/GDC Data Thyroid/gdc_download_20260123_154153.943271/b6d9e1ec-bf6a-4027-8090-0e1ff5ba8650/nationwidechildrens.org_clinical.TCGA-DE-A69J.xml,data/raw/GDC Data Thyroid/gdc_download_20260123_154153.943271/9ea1e115-e8af-4328-9732-99bf01f97e06/TCGA-DE-A69J.90A9DDB6-4DCF-4467-908F-25A5481B5D70.PDF,Papillary Thyroid Carcinoma,Classical,T2,NX,M0,No ETE,R0,Multifocal,NO,,,no,Right lobe,2.5,OK,No ETE,R0,Right lobe,NO,Right,No ETE_R0_Right_NO
TCGA-DJ-A13L,nationwidechildrens.org_clinical.TCGA-DJ-A13L.xml,TCGA-DJ-A13L.52AF2DB0-ABEF-44A8-ADD8-9A5E6F8EF624.PDF,data/raw/GDC Data Thyroid/gdc_download_20260123_154153.943271/f7012bc7-0326-441d-a8ca-9b35756e0892/nationwidechildrens.org_clinical.TCGA-DJ-A13L.xml,data/raw/GDC Data Thyroid/gdc_download_20260123_154153.943271/d1a7100c-e157-4ad9-ba7c-f518969f94b6/TCGA-DJ-A13L.52AF2DB0-ABEF-44A8-ADD8-9A5E6F8EF624.PDF,Papillary Thyroid Carcinoma,Tall Cell,T1b,N0,M0,No ETE,R0,Multifocal,NO,,,no,Right lobe,1.4,OK,No ETE,R0,Right lobe,NO,Right,No ETE_R0_Right_NO
TCGA-DJ-A13R,nationwidechildrens.org_clinical.TCGA-DJ-A13R.xml,TCGA-DJ-A13R.1A4EFF12-E96A-4D1E-8BA7-C126E7333211.PDF,data/raw/GDC Data Thyroid/gdc_download_20260123_154153.943271/74cbc030-ce68-4a11-bc17-5a4890ea03e8/nationwidechildrens.org_clinical.TCGA-DJ-A13R.xml,data/raw/GDC Data Thyroid/gdc_download_20260123_154153.943271/eca989ff-a6ed-498b-b6d6-973ba8ba5298/TCGA-DJ-A13R.1A4EFF12-E96A-4D1E-8BA7-C126E7333211.PDF,Papillary Thyroid Carcinoma,Follicular,T3,N0,M0,No ETE,R0,Multifocal,YES,2.0,0.0,yes,Right lobe,5.0,OK,No ETE,R0,Right lobe,YES,Right,No ETE_R0_Right_YES
TCGA-DJ-A13S,nationwidechildrens.org_clinical.TCGA-DJ-A13S.xml,TCGA-DJ-A13S.5568CCD4-25F8-4C94-93FC-17B1E8BF050A.PDF,data/raw/GDC Data Thyroid/gdc_download_20260123_154153.943271/5fdae1cb-f3c4-4c17-937c-e4a78f702dbe/nationwidechildrens.org_clinical.TCGA-DJ-A13S.xml,data/raw/GDC Data Thyroid/gdc_download_20260123_154153.943271/e146da39-4e5e-4653-996b-1cd40de2b856/TCGA-DJ-A13S.5568CCD4-25F8-4C94-93FC-17B1E8BF050A.PDF,Papillary Thyroid Carcinoma,Follicular,T1b,N0,M0,No ETE,R0,Unifocal,NO,,,no,Right lobe,1.8,OK,No ETE,R0,Right lobe,NO,Right,No ETE_R0_Right_NO
TCGA-DJ-A13X,nationwidechildrens.org_clinical.TCGA-DJ-A13X.xml,TCGA-DJ-A13X.FA8ABF27-AF99-41FD-85EB-49F2975C0E1B.PDF,data/raw/GDC Data Thyroid/gdc_download_20260123_154153.943271/fb8dd901-f801-4fb8-9a84-6b76ba94b075/nationwidechildrens.org_clinical.TCGA-DJ-A13X.xml,data/raw/GDC Data Thyroid/gdc_download_20260123_154153.943271/b53db840-4b13-4a6d-afa8-7d968ae9fd2d/TCGA-DJ-A13X.FA8ABF27-AF99-41FD-85EB-49F2975C0E1B.PDF,Papillary Thyroid Carcinoma,Follicular,T3,N0,M0,No ETE,R0,Unifocal,YES,1.0,0.0,yes,Right lobe,6.5,OK,No ETE,R0,Right lobe,YES,Right,No ETE_R0_Right_YES
TCGA-DJ-A1QE,nationwidechildrens.org_clinical.TCGA-DJ-A1QE.xml,TCGA-DJ-A1QE.B7953E61-5047-4648-8A15-DE47510090BE.PDF,data/raw/GDC Data Thyroid/gdc_download_20260123_154153.943271/46fe518c-8ffb-4154-8f96-792d142a14bc/nationwidechildrens.org_clinical.TCGA-DJ-A1QE.xml,data/raw/GDC Data Thyroid/gdc_download_20260123_154153.943271/314ef293-071d-475f-94cb-30aa57499b57/TCGA-DJ-A1QE.B7953E61-5047-4648-8A15-DE47510090BE.PDF,Papillary Thyroid Carcinoma,Classical,T3,N0,M0,Microscopic,R0,Unifocal,NO,,,no,Right lobe,1.5,OK,Microscopic,R0,Right lobe,NO,Right,Microscopic_R0_Right_NO
TCGA-DJ-A1QQ,nationwidechildrens.org_clinical.TCGA-DJ-A1QQ.xml,TCGA-DJ-A1QQ.692F9D3F-844B-45B5-9E10-4BEEC1FB93C8.PDF,data/raw/GDC Data Thyroid/gdc_download_20260123_154153.943271/d5e24812-47e5-48ef-b4df-3f40d9f91678/nationwidechildrens.org_clinical.TCGA-DJ-A1QQ.xml,data/raw/GDC Data Thyroid/gdc_download_20260123_154153.943271/e8df9783-b8eb-4ddf-befa-ef33cfd035de/TCGA-DJ-A1QQ.692F9D3F-844B-45B5-9E10-4BEEC1FB93C8.PDF,Papillary Thyroid Carcinoma,Classical,T3,N0,M0,Microscopic,R0,Multifocal,NO,,,no,Bilateral,3.0,OK,Microscopic,R0,Bilateral,NO,Bilateral,Microscopic_R0_Bilateral_NO
TCGA-DJ-A2PN,nationwidechildrens.org_clinical.TCGA-DJ-A2PN.xml,TCGA-DJ-A2PN.894CA3E0-0279-45E2-8762-E53EEBE01272.PDF,data/raw/GDC Data Thyroid/gdc_download_20260123_154153.943271/d96541dc-0860-4754-9bfb-7e898456c238/nationwidechildrens.org_clinical.TCGA-DJ-A2PN.xml,data/raw/GDC Data Thyroid/gdc_download_20260123_154153.943271/18de022c-8ec8-41fb-85e6-06e54011bbff/TCGA-DJ-A2PN.894CA3E0-0279-45E2-8762-E53EEBE01272.PDF,Papillary Thyroid Carcinoma,Classical,T1b,N0,M0,No ETE,R0,Unifocal,NO,,,no,Left lobe,1.3,OK,No ETE,R0,Left lobe,NO,Left,No ETE_R0_Left_NO
TCGA-DJ-A2PR,nationwidechildrens.org_clinical.TCGA-DJ-A2PR.xml,TCGA-DJ-A2PR.B78B9C06-DE73-47A9-A32A-73F60351433A.PDF,data/raw/GDC Data Thyroid/gdc_download_20260123_154153.943271/f959aa67-e475-4b7c-8f62-4e780636385b/nationwidechildrens.org_clinical.TCGA-DJ-A2PR.xml,data/raw/GDC Data Thyroid/gdc_download_20260123_154153.943271/0a0d9f63-7f32-49b0-a246-b2572e8e99f4/TCGA-DJ-A2PR.B78B9C06-DE73-47A9-A32A-73F60351433A.PDF,Papillary Thyroid Carcinoma,Classical,T3,N1a,M0,Microscopic,R0,Multifocal,YES,12.0,6.0,yes,Bilateral,2.0,OK,Microscopic,R0,Bilateral,YES,Bilateral,Microscopic_R0_Bilateral_YES
TCGA-DJ-A2PZ,nationwidechildrens.org_clinical.TCGA-DJ-A2PZ.xml,TCGA-DJ-A2PZ.EDBA3217-6ED8-47CC-87F0-B18E41F29217.PDF,data/raw/GDC Data Thyroid/gdc_download_20260123_154153.943271/e288a114-eb01-4bc2-9cb8-ad74db1943a1/nationwidechildrens.org_clinical.TCGA-DJ-A2PZ.xml,data/raw/GDC Data Thyroid/gdc_download_20260123_154153.943271/7a056b27-4291-44db-922a-85df7a12dd73/TCGA-DJ-A2PZ.EDBA3217-6ED8-47CC-87F0-B18E41F29217.PDF,Papillary Thyroid Carcinoma,Classical,T3,N0,M0,Microscopic,R0,Unifocal,YES,1.0,0.0,yes,Left lobe,1.7,OK,Microscopic,R0,Left lobe,YES,Left,Microscopic_R0_Left_YES
TCGA-DJ-A2Q0,nationwidechildrens.org_clinical.TCGA-DJ-A2Q0.xml,TCGA-DJ-A2Q0.7A818447-E2BC-4206-BF8E-6BF323630171.PDF,data/raw/GDC Data Thyroid/gdc_download_20260123_154153.943271/d889d579-677b-4d5e-97b8-6f1b0854012b/nationwidechildrens.org_clinical.TCGA-DJ-A2Q0.xml,data/raw/GDC Data Thyroid/gdc_download_20260123_154153.943271/0f32f714-246d-4247-bd82-f9d87c7dcb27/TCGA-DJ-A2Q0.7A818447-E2BC-4206-BF8E-6BF323630171.PDF,Papillary Thyroid Carcinoma,Classical,T2,N0,M0,No ETE,R0,Unifocal,YES,4.0,0.0,yes,Right lobe,2.8,OK,No ETE,R0,Right lobe,YES,Right,No ETE_R0_Right_YES
TCGA-DJ-A2Q5,nationwidechildrens.org_clinical.TCGA-DJ-A2Q5.xml,TCGA-DJ-A2Q5.5291CCC7-0571-48D7-B523-7B0F05C8749D.PDF,data/raw/GDC Data Thyroid/gdc_download_20260123_154153.943271/96aa5de2-54fd-4ce5-a8dd-928c364e190b/nationwidechildrens.org_clinical.TCGA-DJ-A2Q5.xml,data/raw/GDC Data Thyroid/gdc_download_20260123_154153.943271/6d68b6f6-1efa-450e-bb36-cbdf93f50575/TCGA-DJ-A2Q5.5291CCC7-0571-48D7-B523-7B0F05C8749D.PDF,Papillary Thyroid Carcinoma,Classical,T2,N1b,M0,No ETE,R0,Unifocal,YES,5.0,2.0,yes,Left lobe,4.0,OK,No ETE,R0,Left lobe,YES,Left,No ETE_R0_Left_YES
TCGA-DJ-A3UK,nationwidechildrens.org_clinical.TCGA-DJ-A3UK.xml,TCGA-DJ-A3UK.C4494D77-7172-4C95-95D4-CFCC3A0F66C5.PDF,data/raw/GDC Data Thyroid/gdc_download_20260123_154153.943271/146ba78a-1015-4993-8d1c-6a2b6db72e0c/nationwidechildrens.org_clinical.TCGA-DJ-A3UK.xml,data/raw/GDC Data Thyroid/gdc_download_20260123_154153.943271/c6483632-0508-49e1-bf4a-7d7bf6958a9e/TCGA-DJ-A3UK.C4494D77-7172-4C95-95D4-CFCC3A0F66C5.PDF,Papillary Thyroid Carcinoma,Classical,T1b,N0,M0,No ETE,R0,Multifocal,YES,3.0,0.0,yes,Left lobe,1.5,OK,No ETE,R0,Left lobe,YES,Left,No ETE_R0_Left_YES
TCGA-DJ-A3UM,nationwidechildrens.org_clinical.TCGA-DJ-A3UM.xml,TCGA-DJ-A3UM.1C0C70EB-0C68-438E-BF0E-E2A24B7800BF.PDF,data/raw/GDC Data Thyroid/gdc_download_20260123_154153.943271/8ac90bec-85f4-4a33-a826-8dccaca772bf/nationwidechildrens.org_clinical.TCGA-DJ-A3UM.xml,data/raw/GDC Data Thyroid/gdc_download_20260123_154153.943271/cc054563-2fb0-4923-9583-fc0d02ff4870/TCGA-DJ-A3UM.1C0C70EB-0C68-438E-BF0E-E2A24B7800BF.PDF,Papillary Thyroid Carcinoma,Classical,T1b,N0,M0,No ETE,R0,Unifocal,YES,3.0,0.0,yes,Left lobe,1.3,OK,No ETE,R0,Left lobe,YES,Left,No ETE_R0_Left_YES
TCGA-DJ-A3UP,nationwidechildrens.org_clinical.TCGA-DJ-A3UP.xml,TCGA-DJ-A3UP.237FE672-A255-4C6D-A53F-CF7234779BE4.PDF,data/raw/GDC Data Thyroid/gdc_download_20260123_154153.943271/dad526aa-4144-422c-ab44-7c28ab1bb1e5/nationwidechildrens.org_clinical.TCGA-DJ-A3UP.xml,data/raw/GDC Data Thyroid/gdc_download_20260123_154153.943271/44fe901a-9686-4f07-bc06-3073fa4a9b66/TCGA-DJ-A3UP.237FE672-A255-4C6D-A53F-CF7234779BE4.PDF,Papillary Thyroid Carcinoma,Follicular,T2,N0,M0,No ETE,R0,Unifocal,YES,24.0,0.0,yes,Left lobe,2.1,OK,No ETE,R0,Left lobe,YES,Left,No ETE_R0_Left_YES
TCGA-DJ-A3US,nationwidechildrens.org_clinical.TCGA-DJ-A3US.xml,TCGA-DJ-A3US.9994E892-85D5-4754-963E-16F0F3AEC2C2.PDF,data/raw/GDC Data Thyroid/gdc_download_20260123_154153.943271/b0fc99a0-c99e-4cd5-825a-d39151f0b796/nationwidechildrens.org_clinical.TCGA-DJ-A3US.xml,data/raw/GDC Data Thyroid/gdc_download_20260123_154153.943271/ffc7a8fb-d362-483b-b675-8ac4b2090850/TCGA-DJ-A3US.9994E892-85D5-4754-963E-16F0F3AEC2C2.PDF,Papillary Thyroid Carcinoma,Classical,T1b,N0,M0,No ETE,R0,Unifocal,NO,,,no,Right lobe,1.5,OK,No ETE,R0,Right lobe,NO,Right,No ETE_R0_Right_NO
TCGA-DJ-A3UX,nationwidechildrens.org_clinical.TCGA-DJ-A3UX.xml,TCGA-DJ-A3UX.8791C9F6-CB05-47BE-900F-76A896823EC2.PDF,data/raw/GDC Data Thyroid/gdc_download_20260123_154153.943271/ab1c6e7a-7844-4908-9b29-554c19711850/nationwidechildrens.org_clinical.TCGA-DJ-A3UX.xml,data/raw/GDC Data Thyroid/gdc_download_20260123_154153.943271/80255daa-4cbb-400b-8a88-01c938ce3e64/TCGA-DJ-A3UX.8791C9F6-CB05-47BE-900F-76A896823EC2.PDF,Papillary Thyroid Carcinoma,Classical,T1,N0,M0,No ETE,R0,Unifocal,YES,3.0,0.0,yes,Right lobe,0.5,OK,No ETE,R0,Right lobe,YES,Right,No ETE_R0_Right_YES
TCGA-DJ-A3UY,nationwidechildrens.org_clinical.TCGA-DJ-A3UY.xml,TCGA-DJ-A3UY.31C6D2B0-71BA-4E3E-A3FA-911F3B2B1BFC.PDF,data/raw/GDC Data Thyroid/gdc_download_20260123_154153.943271/b0bc3e0e-848c-4a96-8904-968549ff63cd/nationwidechildrens.org_clinical.TCGA-DJ-A3UY.xml,data/raw/GDC Data Thyroid/gdc_download_20260123_154153.943271/6bdb6a43-4e87-42be-a2f5-068ac17f1760/TCGA-DJ-A3UY.31C6D2B0-71BA-4E3E-A3FA-911F3B2B1BFC.PDF,Papillary Thyroid Carcinoma,Classical,T1b,N0,M0,No ETE,R0,Unifocal,NO,,,no,Left lobe,1.2,OK,No ETE,R0,Left lobe,NO,Left,No ETE_R0_Left_NO
TCGA-DJ-A3V3,nationwidechildrens.org_clinical.TCGA-DJ-A3V3.xml,TCGA-DJ-A3V3.1DA78954-60CB-4A8D-9943-02417D2ECF9D.PDF,data/raw/GDC Data Thyroid/gdc_download_20260123_154153.943271/983ee813-1c64-4113-a29d-09ab9f85e86d/nationwidechildrens.org_clinical.TCGA-DJ-A3V3.xml,data/raw/GDC Data Thyroid/gdc_download_20260123_154153.943271/a5b04ac3-d454-4b46-ae81-5e1f5b88f812/TCGA-DJ-A3V3.1DA78954-60CB-4A8D-9943-02417D2ECF9D.PDF,Papillary Thyroid Carcinoma,Classical,T2,N0,M0,No ETE,R0,Unifocal,YES,15.0,0.0,yes,Left lobe,2.4,OK,No ETE,R0,Left lobe,YES,Left,No ETE_R0_Left_YES
TCGA-DJ-A3VG,nationwidechildrens.org_clinical.TCGA-DJ-A3VG.xml,TCGA-DJ-A3VG.5810F25F-31D6-4A52-9569-57AD6E4153DF.PDF,data/raw/GDC Data Thyroid/gdc_download_20260123_154153.943271/493f9c3d-4297-49af-9638-925ea700a1c7/nationwidechildrens.org_clinical.TCGA-DJ-A3VG.xml,data/raw/GDC Data Thyroid/gdc_download_20260123_154153.943271/47060413-4e83-4707-8a53-a3eee820b5b5/TCGA-DJ-A3VG.5810F25F-31D6-4A52-9569-57AD6E4153DF.PDF,Papillary Thyroid Carcinoma,Follicular,T1b,N0,M0,No ETE,R0,Unifocal,YES,1.0,0.0,yes,Left lobe,1.1,OK,No ETE,R0,Left lobe,YES,Left,No ETE_R0_Left_YES
TCGA-DJ-A3VM,nationwidechildrens.org_clinical.TCGA-DJ-A3VM.xml,TCGA-DJ-A3VM.2F246E42-FAA4-4E33-A22A-1F35ECC038FF.PDF,data/raw/GDC Data Thyroid/gdc_download_20260123_154153.943271/14e3086f-463c-4700-9276-1537e5cbe8a5/nationwidechildrens.org_clinical.TCGA-DJ-A3VM.xml,data/raw/GDC Data Thyroid/gdc_download_20260123_154153.943271/b0c16195-80cb-4fc0-b0a7-cc3a75a5dbce/TCGA-DJ-A3VM.2F246E42-FAA4-4E33-A22A-1F35ECC038FF.PDF,Papillary Thyroid Carcinoma,Follicular,T2,N0,M0,No ETE,R0,Unifocal,NO,,,no,Right lobe,3.0,OK,No ETE,R0,Right lobe,NO,Right,No ETE_R0_Right_NO
TCGA-DJ-A4UP,nationwidechildrens.org_clinical.TCGA-DJ-A4UP.xml,TCGA-DJ-A4UP.54D2F116-9BEF-4B6D-A30C-745481122882.PDF,data/raw/GDC Data Thyroid/gdc_download_20260123_154153.943271/b3fb1466-a4ff-4f70-a0e6-2ffc69e94b17/nationwidechildrens.org_clinical.TCGA-DJ-A4UP.xml,data/raw/GDC Data Thyroid/gdc_download_20260123_154153.943271/c42d630b-fd80-4dce-9b50-cf3ea1a8e52b/TCGA-DJ-A4UP.54D2F116-9BEF-4B6D-A30C-745481122882.PDF,Papillary Thyroid Carcinoma,Classical,T1b,N1b,M0,No ETE,R0,Unifocal,YES,49.0,5.0,yes,Right lobe,1.6,OK,No ETE,R0,Right lobe,YES,Right,No ETE_R0_Right_YES
TCGA-DJ-A4UR,nationwidechildrens.org_clinical.TCGA-DJ-A4UR.xml,TCGA-DJ-A4UR.E27BD8E1-D5E4-4506-83D1-FF05EF12C3B4.PDF,data/raw/GDC Data Thyroid/gdc_download_20260123_154153.943271/84210d67-6993-4f69-a88f-353d8cd1ef6f/nationwidechildrens.org_clinical.TCGA-DJ-A4UR.xml,data/raw/GDC Data Thyroid/gdc_download_20260123_154153.943271/b28ecc76-c18d-46f3-af0d-7f7bbbc2a2a3/TCGA-DJ-A4UR.E27BD8E1-D5E4-4506-83D1-FF05EF12C3B4.PDF,Papillary Thyroid Carcinoma,Follicular,T3,N1b,M1,Microscopic,R0,Unifocal,YES,23.0,11.0,yes,Right lobe,2.0,OK,Microscopic,R0,Right lobe,YES,Right,Microscopic_R0_Right_YES
TCGA-DJ-A4V0,nationwidechildrens.org_clinical.TCGA-DJ-A4V0.xml,TCGA-DJ-A4V0.9807707B-9175-467A-A3F5-879E105129FC.PDF,data/raw/GDC Data Thyroid/gdc_download_20260123_154153.943271/6056f2a0-5cff-453f-9a7f-3d7ac6d5371c/nationwidechildrens.org_clinical.TCGA-DJ-A4V0.xml,data/raw/GDC Data Thyroid/gdc_download_20260123_154153.943271/45f070f8-9881-4f73-99c3-47a33e362b48/TCGA-DJ-A4V0.9807707B-9175-467A-A3F5-879E105129FC.PDF,Papillary Thyroid Carcinoma,Classical,T2,N0,M0,No ETE,R0,Unifocal,NO,,,no,Left lobe,2.1,OK,No ETE,R0,Left lobe,NO,Left,No ETE_R0_Left_NO
TCGA-E3-A3DZ,nationwidechildrens.org_clinical.TCGA-E3-A3DZ.xml,TCGA-E3-A3DZ.B9BD9C12-4F77-4B8F-9C8E-316CA441FC6A.PDF,data/raw/GDC Data Thyroid/gdc_download_20260123_154153.943271/8a343b7a-f390-46f4-8eb4-1408fd52221d/nationwidechildrens.org_clinical.TCGA-E3-A3DZ.xml,data/raw/GDC Data Thyroid/gdc_download_20260123_154153.943271/0696418e-b396-4c5b-a4b4-ae0d1c6b11d4/TCGA-E3-A3DZ.B9BD9C12-4F77-4B8F-9C8E-316CA441FC6A.PDF,Papillary Thyroid Carcinoma,Follicular,T3,N0,M0,No ETE,R0,Multifocal,YES,1.0,0.0,yes,Right lobe,5.0,OK,No ETE,R0,Right lobe,YES,Right,No ETE_R0_Right_YES
TCGA-E3-A3E1,nationwidechildrens.org_clinical.TCGA-E3-A3E1.xml,TCGA-E3-A3E1.EA6E1AAE-435A-4092-B4F3-59FC83D78BC4.PDF,data/raw/GDC Data Thyroid/gdc_download_20260123_154153.943271/5123e5fd-a4bf-4c49-a5cc-b71f6e84bd94/nationwidechildrens.org_clinical.TCGA-E3-A3E1.xml,data/raw/GDC Data Thyroid/gdc_download_20260123_154153.943271/f5005c19-1f8f-4eae-ba4c-a2862b1fdc70/TCGA-E3-A3E1.EA6E1AAE-435A-4092-B4F3-59FC83D78BC4.PDF,Papillary Thyroid Carcinoma,Classical,T1,N0,M0,No ETE,R0,Unifocal,YES,2.0,0.0,yes,Right lobe,1.5,OK,No ETE,R0,Right lobe,YES,Right,No ETE_R0_Right_YES
TCGA-E8-A413,nationwidechildrens.org_clinical.TCGA-E8-A413.xml,TCGA-E8-A413.67AA3628-75B9-4045-869C-CE3A28B2DA1D.PDF,data/raw/GDC Data Thyroid/gdc_download_20260123_154153.943271/54931524-aac7-41fd-8403-5a0ed63703af/nationwidechildrens.org_clinical.TCGA-E8-A413.xml,data/raw/GDC Data Thyroid/gdc_download_20260123_154153.943271/143c56f1-e630-42fa-9e1e-9a1a98b9316f/TCGA-E8-A413.67AA3628-75B9-4045-869C-CE3A28B2DA1D.PDF,Papillary Thyroid Carcinoma,Classical,T1b,N0,M0,No ETE,R0,Unifocal,NO,,,no,Left lobe,1.5,OK,No ETE,R0,Left lobe,NO,Left,No ETE_R0_Left_NO
TCGA-E8-A414,nationwidechildrens.org_clinical.TCGA-E8-A414.xml,TCGA-E8-A414.ACDA1B0C-0F5D-40E3-936A-C96D921B861A.PDF,data/raw/GDC Data Thyroid/gdc_download_20260123_154153.943271/f4f50d76-c3cd-4fda-b25b-ff949c63785e/nationwidechildrens.org_clinical.TCGA-E8-A414.xml,data/raw/GDC Data Thyroid/gdc_download_20260123_154153.943271/02e0cdbe-a101-46e8-b21a-17611555edff/TCGA-E8-A414.ACDA1B0C-0F5D-40E3-936A-C96D921B861A.PDF,Papillary Thyroid Carcinoma,Classical,T3,N0,M0,No ETE,R0,Unifocal,YES,1.0,0.0,yes,Left lobe,5.0,OK,No ETE,R0,Left lobe,YES,Left,No ETE_R0_Left_YES
TCGA-E8-A433,nationwidechildrens.org_clinical.TCGA-E8-A433.xml,TCGA-E8-A433.A87AB565-515E-4DF2-BC2A-5420AB808377.PDF,data/raw/GDC Data Thyroid/gdc_download_20260123_154153.943271/6ab1cf9d-281d-41d9-84be-07f6a4e47689/nationwidechildrens.org_clinical.TCGA-E8-A433.xml,data/raw/GDC Data Thyroid/gdc_download_20260123_154153.943271/9291933e-3125-4548-a926-1303a449edd1/TCGA-E8-A433.A87AB565-515E-4DF2-BC2A-5420AB808377.PDF,Papillary Thyroid Carcinoma,Classical,T2,N0,M0,No ETE,R0,Unifocal,YES,2.0,0.0,yes,Right lobe,2.5,OK,No ETE,R0,Right lobe,YES,Right,No ETE_R0_Right_YES
TCGA-E8-A436,nationwidechildrens.org_clinical.TCGA-E8-A436.xml,TCGA-E8-A436.0DE23F0B-79FC-49FF-86FE-E715BAC24B3A.PDF,data/raw/GDC Data Thyroid/gdc_download_20260123_154153.943271/6d67d2e1-4c81-4134-9b65-c0ae359e572c/nationwidechildrens.org_clinical.TCGA-E8-A436.xml,data/raw/GDC Data Thyroid/gdc_download_20260123_154153.943271/7123bfa1-d0e9-4d56-9978-954adb1da29f/TCGA-E8-A436.0DE23F0B-79FC-49FF-86FE-E715BAC24B3A.PDF,Papillary Thyroid Carcinoma,Classical,T2,N1b,M0,No ETE,R0,Multifocal,YES,10.0,1.0,yes,Bilateral,2.5,OK,No ETE,R0,Bilateral,YES,Bilateral,No ETE_R0_Bilateral_YES
TCGA-E8-A44K,nationwidechildrens.org_clinical.TCGA-E8-A44K.xml,TCGA-E8-A44K.65882DB3-606B-4C8C-9B7B-67D996F982C4.PDF,data/raw/GDC Data Thyroid/gdc_download_20260123_154153.943271/2ab8f9ff-ec00-48d0-bc24-01f4c070b92a/nationwidechildrens.org_clinical.TCGA-E8-A44K.xml,data/raw/GDC Data Thyroid/gdc_download_20260123_154153.943271/f5914aba-c165-409d-b76a-d9692cbb2848/TCGA-E8-A44K.65882DB3-606B-4C8C-9B7B-67D996F982C4.PDF,Papillary Thyroid Carcinoma,Classical,T1b,N0,M0,No ETE,R0,Unifocal,YES,3.0,0.0,yes,Left lobe,2.0,OK,No ETE,R0,Left lobe,YES,Left,No ETE_R0_Left_YES
TCGA-E8-A44M,nationwidechildrens.org_clinical.TCGA-E8-A44M.xml,TCGA-E8-A44M.596CF3BD-A887-4BDB-BFCA-10046877BC94.PDF,data/raw/GDC Data Thyroid/gdc_download_20260123_154153.943271/7e252dc2-e2fe-4405-8553-c4ef823b3b6a/nationwidechildrens.org_clinical.TCGA-E8-A44M.xml,data/raw/GDC Data Thyroid/gdc_download_20260123_154153.943271/d94f62ff-f051-44e5-a414-322aa2cec1ee/TCGA-E8-A44M.596CF3BD-A887-4BDB-BFCA-10046877BC94.PDF,Papillary Thyroid Carcinoma,Classical,T1b,N0,M0,No ETE,R0,Unifocal,NO,,,no,Right lobe,1.0,OK,No ETE,R0,Right lobe,NO,Right,No ETE_R0_Right_NO
TCGA-EL-A3GV,nationwidechildrens.org_clinical.TCGA-EL-A3GV.xml,TCGA-EL-A3GV.96FB4A04-40F7-4E07-9FAD-334AFFEF232C.PDF,data/raw/GDC Data Thyroid/gdc_download_20260123_154153.943271/96bec39a-8f41-4e8a-8405-7cff8d3b2fd4/nationwidechildrens.org_clinical.TCGA-EL-A3GV.xml,data/raw/GDC Data Thyroid/gdc_download_20260123_154153.943271/e81b6174-25be-43fc-8a13-ae326ddd3317/TCGA-EL-A3GV.96FB4A04-40F7-4E07-9FAD-334AFFEF232C.PDF,Papillary Thyroid Carcinoma,Classical,T3,N0,M0,Microscopic,R0,Unifocal,YES,1.0,0.0,yes,Left lobe,1.9,OK,Microscopic,R0,Left lobe,YES,Left,Microscopic_R0_Left_YES
TCGA-EL-A3GW,nationwidechildrens.org_clinical.TCGA-EL-A3GW.xml,TCGA-EL-A3GW.9093C3DC-F933-4705-86BF-9CA24A98C624.PDF,data/raw/GDC Data Thyroid/gdc_download_20260123_154153.943271/5e2e15c0-8686-4e01-a0f1-9d1adf83e065/nationwidechildrens.org_clinical.TCGA-EL-A3GW.xml,data/raw/GDC Data Thyroid/gdc_download_20260123_154153.943271/471d5862-81cf-4080-b632-be04773d3694/TCGA-EL-A3GW.9093C3DC-F933-4705-86BF-9CA24A98C624.PDF,Papillary Thyroid Carcinoma,Classical,T2,N0,M0,No ETE,R0,Unifocal,NO,,,no,Right lobe,2.5,OK,No ETE,R0,Right lobe,NO,Right,No ETE_R0_Right_NO
TCGA-EL-A3T6,nationwidechildrens.org_clinical.TCGA-EL-A3T6.xml,TCGA-EL-A3T6.146DAFAC-42A9-4AFB-805A-6E970520D880.PDF,data/raw/GDC Data Thyroid/gdc_download_20260123_154153.943271/cee2a4d9-49e7-4df5-9bb5-8ae053f5a63d/nationwidechildrens.org_clinical.TCGA-EL-A3T6.xml,data/raw/GDC Data Thyroid/gdc_download_20260123_154153.943271/ff80ddd6-899a-435f-9ec3-386b0406d419/TCGA-EL-A3T6.146DAFAC-42A9-4AFB-805A-6E970520D880.PDF,Papillary Thyroid Carcinoma,Classical,T3,N0,M0,No ETE,R0,Unifocal,NO,,,no,Left lobe,4.5,OK,No ETE,R0,Left lobe,NO,Left,No ETE_R0_Left_NO
TCGA-EL-A3ZK,nationwidechildrens.org_clinical.TCGA-EL-A3ZK.xml,TCGA-EL-A3ZK.1C5F1577-8BE5-470A-8E27-E3CA45200F3A.PDF,data/raw/GDC Data Thyroid/gdc_download_20260123_154153.943271/f12f0c1c-9f60-458f-ac03-a9d2f8b20d04/nationwidechildrens.org_clinical.TCGA-EL-A3ZK.xml,data/raw/GDC Data Thyroid/gdc_download_20260123_154153.943271/6a192a25-bf6c-4c32-a40f-9ccf0a8ad1db/TCGA-EL-A3ZK.1C5F1577-8BE5-470A-8E27-E3CA45200F3A.PDF,Papillary Thyroid Carcinoma,Classical,T2,N1,M0,No ETE,R0,Unifocal,YES,16.0,2.0,yes,Right lobe,2.5,OK,No ETE,R0,Right lobe,YES,Right,No ETE_R0_Right_YES
TCGA-EL-A3ZQ,nationwidechildrens.org_clinical.TCGA-EL-A3ZQ.xml,TCGA-EL-A3ZQ.1C104C06-BB8E-49C8-851E-79D0EC5C89B0.PDF,data/raw/GDC Data Thyroid/gdc_download_20260123_154153.943271/e48a4548-a647-4c52-8823-0d7c54e4f156/nationwidechildrens.org_clinical.TCGA-EL-A3ZQ.xml,data/raw/GDC Data Thyroid/gdc_download_20260123_154153.943271/b59a1519-dd17-4068-9b87-d68ac49b31c4/TCGA-EL-A3ZQ.1C104C06-BB8E-49C8-851E-79D0EC5C89B0.PDF,Papillary Thyroid Carcinoma,Classical,T2,N0,M0,No ETE,R0,Unifocal,YES,1.0,,yes,Right lobe,3.6,OK,No ETE,R0,Right lobe,YES,Right,No ETE_R0_Right_YES
TCGA-EL-A3ZS,nationwidechildrens.org_clinical.TCGA-EL-A3ZS.xml,TCGA-EL-A3ZS.28FCCF82-C2A7-462A-8590-E873CC86696A.PDF,data/raw/GDC Data Thyroid/gdc_download_20260123_154153.943271/61d259b0-7648-40ea-9f87-47220c167495/nationwidechildrens.org_clinical.TCGA-EL-A3ZS.xml,data/raw/GDC Data Thyroid/gdc_download_20260123_154153.943271/04d1ebc1-a6a8-4d77-be73-8249533869bb/TCGA-EL-A3ZS.28FCCF82-C2A7-462A-8590-E873CC86696A.PDF,Papillary Thyroid Carcinoma,Classical,T1a,N1,M0,No ETE,R0,Unifocal,YES,40.0,13.0,yes,Isthmus,1.6,OK,No ETE,R0,Isthmus,YES,Isthmus,No ETE_R0_Isthmus_YES
TCGA-EL-A4JW,nationwidechildrens.org_clinical.TCGA-EL-A4JW.xml,TCGA-EL-A4JW.63B98E77-2C2B-4767-9D06-D5C6BC5011D7.PDF,data/raw/GDC Data Thyroid/gdc_download_20260123_154153.943271/4424f765-4fc5-494f-be43-f634a4e388f1/nationwidechildrens.org_clinical.TCGA-EL-A4JW.xml,data/raw/GDC Data Thyroid/gdc_download_20260123_154153.943271/4d5b4143-eb24-4e32-a666-55a835dd4039/TCGA-EL-A4JW.63B98E77-2C2B-4767-9D06-D5C6BC5011D7.PDF,Papillary Thyroid Carcinoma,Classical,T1,N0,M0,No ETE,R0,Unifocal,YES,1.0,0.0,yes,Right lobe,1.6,OK,No ETE,R0,Right lobe,YES,Right,No ETE_R0_Right_YES
TCGA-EL-A4JX,nationwidechildrens.org_clinical.TCGA-EL-A4JX.xml,TCGA-EL-A4JX.1B5E8571-DB8F-49A3-85C0-66FE037DC1E3.PDF,data/raw/GDC Data Thyroid/gdc_download_20260123_154153.943271/0fdd69a8-8056-4aa0-8768-766e6c6154f3/nationwidechildrens.org_clinical.TCGA-EL-A4JX.xml,data/raw/GDC Data Thyroid/gdc_download_20260123_154153.943271/b20caa60-e1e3-4b41-a8ce-a32e0ab9e718/TCGA-EL-A4JX.1B5E8571-DB8F-49A3-85C0-66FE037DC1E3.PDF,Papillary Thyroid Carcinoma,Classical,T3,N0,MX,No ETE,R0,Unifocal,YES,1.0,0.0,yes,Right lobe,4.0,OK,No ETE,R0,Right lobe,YES,Right,No ETE_R0_Right_YES
TCGA-EL-A4JZ,nationwidechildrens.org_clinical.TCGA-EL-A4JZ.xml,TCGA-EL-A4JZ.E8887291-5C5F-46B8-BFA9-A959B8510345.PDF,data/raw/GDC Data Thyroid/gdc_download_20260123_154153.943271/c1148b8a-870e-48a2-9ec9-670d279fa18e/nationwidechildrens.org_clinical.TCGA-EL-A4JZ.xml,data/raw/GDC Data Thyroid/gdc_download_20260123_154153.943271/dc5c0661-9706-47a5-a70d-709028bde0f1/TCGA-EL-A4JZ.E8887291-5C5F-46B8-BFA9-A959B8510345.PDF,Papillary Thyroid Carcinoma,Classical,T3,N1a,M0,Microscopic,R0,Unifocal,YES,23.0,6.0,yes,Isthmus,2.0,OK,Microscopic,R0,Isthmus,YES,Isthmus,Microscopic_R0_Isthmus_YES
TCGA-EL-A4K2,nationwidechildrens.org_clinical.TCGA-EL-A4K2.xml,TCGA-EL-A4K2.F7DCEAA1-8E7C-44CA-8537-3F2706AE1068.PDF,data/raw/GDC Data Thyroid/gdc_download_20260123_154153.943271/9b272054-0911-4238-809c-28a90cf88bca/nationwidechildrens.org_clinical.TCGA-EL-A4K2.xml,data/raw/GDC Data Thyroid/gdc_download_20260123_154153.943271/fe8ad061-fb4c-467c-a894-d9f5216ce9cb/TCGA-EL-A4K2.F7DCEAA1-8E7C-44CA-8537-3F2706AE1068.PDF,Papillary Thyroid Carcinoma,Classical,T1,N0,M0,No ETE,R0,Unifocal,YES,1.0,0.0,yes,Left lobe,1.8,OK,No ETE,R0,Left lobe,YES,Left,No ETE_R0_Left_YES
TCGA-EM-A1YD,nationwidechildrens.org_clinical.TCGA-EM-A1YD.xml,TCGA-EM-A1YD.20E7B915-FBA5-422C-98CD-008444AAF8F0.PDF,data/raw/GDC Data Thyroid/gdc_download_20260123_154153.943271/9205a05b-156e-426c-84df-d01db3b76c4c/nationwidechildrens.org_clinical.TCGA-EM-A1YD.xml,data/raw/GDC Data Thyroid/gdc_download_20260123_154153.943271/fcc4c1c1-abdf-421b-90dd-a90019274695/TCGA-EM-A1YD.20E7B915-FBA5-422C-98CD-008444AAF8F0.PDF,Papillary Thyroid Carcinoma,Follicular,T2,N0,MX,No ETE,R0,Multifocal,YES,5.0,0.0,yes,Right lobe,3.7,OK,No ETE,R0,Right lobe,YES,Right,No ETE_R0_Right_YES
TCGA-EM-A2CJ,nationwidechildrens.org_clinical.TCGA-EM-A2CJ.xml,TCGA-EM-A2CJ.09CC2B22-1C81-474B-82F2-D69FE5ACC413.PDF,data/raw/GDC Data Thyroid/gdc_download_20260123_154153.943271/7901f34b-61bc-4736-adde-931639d0e172/nationwidechildrens.org_clinical.TCGA-EM-A2CJ.xml,data/raw/GDC Data Thyroid/gdc_download_20260123_154153.943271/d83484ba-a7f6-4bb4-882e-33b21bf6eab5/TCGA-EM-A2CJ.09CC2B22-1C81-474B-82F2-D69FE5ACC413.PDF,Papillary Thyroid Carcinoma,Follicular,T1b,NX,MX,No ETE,R0,Multifocal,NO,,,no,Left lobe,1.2,OK,No ETE,R0,Left lobe,NO,Left,No ETE_R0_Left_NO
TCGA-EM-A2CL,nationwidechildrens.org_clinical.TCGA-EM-A2CL.xml,TCGA-EM-A2CL.2C563AAE-210A-40FB-9FB3-23FCD79E9D19.PDF,data/raw/GDC Data Thyroid/gdc_download_20260123_154153.943271/e34706dd-c924-471d-9086-003b22c8d91d/nationwidechildrens.org_clinical.TCGA-EM-A2CL.xml,data/raw/GDC Data Thyroid/gdc_download_20260123_154153.943271/df23b2cd-6dcb-4c38-b842-3a5c2e1f3481/TCGA-EM-A2CL.2C563AAE-210A-40FB-9FB3-23FCD79E9D19.PDF,Papillary Thyroid Carcinoma,Follicular,T2,NX,MX,No ETE,R0,Multifocal,NO,0.0,,no,Left lobe,2.5,OK,No ETE,R0,Left lobe,NO,Left,No ETE_R0_Left_NO
TCGA-EM-A2OX,nationwidechildrens.org_clinical.TCGA-EM-A2OX.xml,TCGA-EM-A2OX.8BC70A7D-F4F4-4268-88DC-4F7A6B30D67A.PDF,data/raw/GDC Data Thyroid/gdc_download_20260123_154153.943271/7d7c2be2-7e99-454b-86ab-fb7d2542e984/nationwidechildrens.org_clinical.TCGA-EM-A2OX.xml,data/raw/GDC Data Thyroid/gdc_download_20260123_154153.943271/80545e48-9679-40bb-aca6-36d30dbd7b18/TCGA-EM-A2OX.8BC70A7D-F4F4-4268-88DC-4F7A6B30D67A.PDF,Papillary Thyroid Carcinoma,Classical,T1b,N1b,MX,No ETE,R0,Multifocal,YES,9.0,8.0,yes,Right lobe,1.8,OK,No ETE,R0,Right lobe,YES,Right,No ETE_R0_Right_YES
TCGA-EM-A2OY,nationwidechildrens.org_clinical.TCGA-EM-A2OY.xml,TCGA-EM-A2OY.9962DA33-6B07-4433-A4BC-777B4E5942A0.PDF,data/raw/GDC Data Thyroid/gdc_download_20260123_154153.943271/00443bd9-9fef-4296-abc4-fd4188ba1086/nationwidechildrens.org_clinical.TCGA-EM-A2OY.xml,data/raw/GDC Data Thyroid/gdc_download_20260123_154153.943271/9f0ff8d5-c0cf-4926-97d9-f1352b0e4863/TCGA-EM-A2OY.9962DA33-6B07-4433-A4BC-777B4E5942A0.PDF,Papillary Thyroid Carcinoma,Follicular,T2,N0,MX,No ETE,R0,Multifocal,YES,1.0,0.0,yes,Right lobe,2.6,OK,No ETE,R0,Right lobe,YES,Right,No ETE_R0_Right_YES
TCGA-EM-A3AP,nationwidechildrens.org_clinical.TCGA-EM-A3AP.xml,TCGA-EM-A3AP.10520066-D640-420F-B717-24B60B3F7465.PDF,data/raw/GDC Data Thyroid/gdc_download_20260123_154153.943271/3de4d387-71dd-41d9-8ea7-c367d694e600/nationwidechildrens.org_clinical.TCGA-EM-A3AP.xml,data/raw/GDC Data Thyroid/gdc_download_20260123_154153.943271/66a18972-dcd2-47d1-8d1f-780caf449ce9/TCGA-EM-A3AP.10520066-D640-420F-B717-24B60B3F7465.PDF,Papillary Thyroid Carcinoma,Follicular,T2,NX,MX,No ETE,R0,Unifocal,NO,,,no,Left lobe,3.6,OK,No ETE,R0,Left lobe,NO,Left,No ETE_R0_Left_NO
TCGA-EM-A3FL,nationwidechildrens.org_clinical.TCGA-EM-A3FL.xml,TCGA-EM-A3FL.BFC4CD62-F17E-4F0B-8766-389A882167FE.PDF,data/raw/GDC Data Thyroid/gdc_download_20260123_154153.943271/9df574d0-a3d6-46d4-adc5-b3bbe9636f63/nationwidechildrens.org_clinical.TCGA-EM-A3FL.xml,data/raw/GDC Data Thyroid/gdc_download_20260123_154153.943271/ac35f3fc-1f7f-41a7-8e10-41c633726118/TCGA-EM-A3FL.BFC4CD62-F17E-4F0B-8766-389A882167FE.PDF,Papillary Thyroid Carcinoma,Follicular,T1b,NX,MX,No ETE,R0,Multifocal,NO,,,no,Left lobe,1.5,OK,No ETE,R0,Left lobe,NO,Left,No ETE_R0_Left_NO
TCGA-EM-A3FP,nationwidechildrens.org_clinical.TCGA-EM-A3FP.xml,TCGA-EM-A3FP.59293B22-6D8E-4DC9-ABED-B4831E4FB34B.PDF,data/raw/GDC Data Thyroid/gdc_download_20260123_154153.943271/cdf555f8-5639-49ef-adbe-00a7cd180453/nationwidechildrens.org_clinical.TCGA-EM-A3FP.xml,data/raw/GDC Data Thyroid/gdc_download_20260123_154153.943271/c87ef506-3a67-4330-a253-949687758e1f/TCGA-EM-A3FP.59293B22-6D8E-4DC9-ABED-B4831E4FB34B.PDF,Papillary Thyroid Carcinoma,Follicular,T2,N0,MX,No ETE,R0,Multifocal,YES,3.0,0.0,yes,Right lobe,2.2,OK,No ETE,R0,Right lobe,YES,Right,No ETE_R0_Right_YES
TCGA-EM-A3FQ,nationwidechildrens.org_clinical.TCGA-EM-A3FQ.xml,TCGA-EM-A3FQ.B31240E2-85DF-44E6-ABFE-6AE5D04E5E2F.PDF,data/raw/GDC Data Thyroid/gdc_download_20260123_154153.943271/ecae6b93-0e47-48a9-8d5d-4c0d7e32a922/nationwidechildrens.org_clinical.TCGA-EM-A3FQ.xml,data/raw/GDC Data Thyroid/gdc_download_20260123_154153.943271/e76c1e1c-919c-4665-9d3a-e8a158517124/TCGA-EM-A3FQ.B31240E2-85DF-44E6-ABFE-6AE5D04E5E2F.PDF,Papillary Thyroid Carcinoma,Classical,T3,N1b,MX,No ETE,R0,Multifocal,YES,66.0,41.0,yes,Right lobe,4.8,OK,No ETE,R0,Right lobe,YES,Right,No ETE_R0_Right_YES
TCGA-EM-A3O9,nationwidechildrens.org_clinical.TCGA-EM-A3O9.xml,TCGA-EM-A3O9.44788DFC-8228-4220-A9DA-66AD8126C43B.PDF,data/raw/GDC Data Thyroid/gdc_download_20260123_154153.943271/8e7194b1-331c-45d0-96e1-c984a2465f89/nationwidechildrens.org_clinical.TCGA-EM-A3O9.xml,data/raw/GDC Data Thyroid/gdc_download_20260123_154153.943271/720d0663-9189-4429-a374-c5f4e626fd86/TCGA-EM-A3O9.44788DFC-8228-4220-A9DA-66AD8126C43B.PDF,Papillary Thyroid Carcinoma,Follicular,T3,N0,MX,No ETE,R0,Multifocal,YES,2.0,0.0,yes,Right lobe,4.5,OK,No ETE,R0,Right lobe,YES,Right,No ETE_R0_Right_YES
TCGA-EM-A3OA,nationwidechildrens.org_clinical.TCGA-EM-A3OA.xml,TCGA-EM-A3OA.68C1C276-EB58-4A3C-8693-0A7229214A28.PDF,data/raw/GDC Data Thyroid/gdc_download_20260123_154153.943271/27769632-fa28-4c18-a3f6-65bb550cd013/nationwidechildrens.org_clinical.TCGA-EM-A3OA.xml,data/raw/GDC Data Thyroid/gdc_download_20260123_154153.943271/dab8f7af-9d67-4d1b-a6ff-17b887a41bcf/TCGA-EM-A3OA.68C1C276-EB58-4A3C-8693-0A7229214A28.PDF,Papillary Thyroid Carcinoma,Follicular,T2,N0,MX,No ETE,R0,Unifocal,YES,1.0,0.0,yes,Right lobe,2.2,OK,No ETE,R0,Right lobe,YES,Right,No ETE_R0_Right_YES
TCGA-EM-A3OB,nationwidechildrens.org_clinical.TCGA-EM-A3OB.xml,TCGA-EM-A3OB.E32ED26A-731B-4D14-A5CB-6C87A5D876DA.PDF,data/raw/GDC Data Thyroid/gdc_download_20260123_154153.943271/09a74534-7652-4702-9e76-813b2ee96fb4/nationwidechildrens.org_clinical.TCGA-EM-A3OB.xml,data/raw/GDC Data Thyroid/gdc_download_20260123_154153.943271/d0d85091-a90a-4254-9bf3-95b51b93225b/TCGA-EM-A3OB.E32ED26A-731B-4D14-A5CB-6C87A5D876DA.PDF,Papillary Thyroid Carcinoma,Follicular,T2,N0,MX,No ETE,R0,Unifocal,YES,3.0,0.0,yes,Isthmus,2.2,OK,No ETE,R0,Isthmus,YES,Isthmus,No ETE_R0_Isthmus_YES
TCGA-EM-A4FF,nationwidechildrens.org_clinical.TCGA-EM-A4FF.xml,TCGA-EM-A4FF.013C1D9F-3602-413B-B211-31BE03C5C1D6.PDF,data/raw/GDC Data Thyroid/gdc_download_20260123_154153.943271/9a0ca0c0-a2ed-4b48-aab3-d6caf671754e/nationwidechildrens.org_clinical.TCGA-EM-A4FF.xml,data/raw/GDC Data Thyroid/gdc_download_20260123_154153.943271/39695b22-86ad-4b29-a5cc-ee0dda01f2c4/TCGA-EM-A4FF.013C1D9F-3602-413B-B211-31BE03C5C1D6.PDF,Papillary Thyroid Carcinoma,Classical,T1b,N1,MX,No ETE,R1,Multifocal,YES,4.0,1.0,yes,Left lobe,1.5,OK,No ETE,R1,Left lobe,YES,Left,No ETE_R1_Left_YES
TCGA-EM-A4FH,nationwidechildrens.org_clinical.TCGA-EM-A4FH.xml,TCGA-EM-A4FH.2D5F749F-4D86-4CDE-9EA2-2FB4E3C894AC.PDF,data/raw/GDC Data Thyroid/gdc_download_20260123_154153.943271/400fa849-5870-442f-9a1c-44fef4548979/nationwidechildrens.org_clinical.TCGA-EM-A4FH.xml,data/raw/GDC Data Thyroid/gdc_download_20260123_154153.943271/d8eb0635-5de0-4e70-aa06-b52861880e3e/TCGA-EM-A4FH.2D5F749F-4D86-4CDE-9EA2-2FB4E3C894AC.PDF,Papillary Thyroid Carcinoma,Follicular,T3,NX,MX,No ETE,R0,Multifocal,NO,,,no,Right lobe,4.7,OK,No ETE,R0,Right lobe,NO,Right,No ETE_R0_Right_NO
TCGA-ET-A25I,nationwidechildrens.org_clinical.TCGA-ET-A25I.xml,TCGA-ET-A25I.94CB3835-0E2E-4187-A3D7-52F48537520E.PDF,data/raw/GDC Data Thyroid/gdc_download_20260123_154153.943271/dd75a1af-5abd-42fc-a784-949885923b9f/nationwidechildrens.org_clinical.TCGA-ET-A25I.xml,data/raw/GDC Data Thyroid/gdc_download_20260123_154153.943271/2e6f5de6-264b-42a6-ab15-ef87bcc57aee/TCGA-ET-A25I.94CB3835-0E2E-4187-A3D7-52F48537520E.PDF,Papillary Thyroid Carcinoma,Follicular,T2,N0,MX,No ETE,R0,Unifocal,YES,1.0,0.0,yes,Left lobe,2.4,OK,No ETE,R0,Left lobe,YES,Left,No ETE_R0_Left_YES
TCGA-ET-A25J,nationwidechildrens.org_clinical.TCGA-ET-A25J.xml,TCGA-ET-A25J.EC2F28C3-6E69-4BCD-B08A-54FD4B2F9603.PDF,data/raw/GDC Data Thyroid/gdc_download_20260123_154153.943271/b7eba687-0bcb-468f-ba50-a487806df635/nationwidechildrens.org_clinical.TCGA-ET-A25J.xml,data/raw/GDC Data Thyroid/gdc_download_20260123_154153.943271/88c9fb98-c916-4be1-8ee8-2d06b1168919/TCGA-ET-A25J.EC2F28C3-6E69-4BCD-B08A-54FD4B2F9603.PDF,Papillary Thyroid Carcinoma,Classical,T2,N1a,MX,No ETE,R0,Unifocal,YES,18.0,2.0,yes,Right lobe,2.5,OK,No ETE,R0,Right lobe,YES,Right,No ETE_R0_Right_YES
TCGA-ET-A25M,nationwidechildrens.org_clinical.TCGA-ET-A25M.xml,TCGA-ET-A25M.9140CD19-069D-4F54-82C8-6823CE2C2914.PDF,data/raw/GDC Data Thyroid/gdc_download_20260123_154153.943271/018da04a-4436-42b5-a86b-3ca30d8ce2af/nationwidechildrens.org_clinical.TCGA-ET-A25M.xml,data/raw/GDC Data Thyroid/gdc_download_20260123_154153.943271/5d2e16e1-3093-4b0a-9ee4-124144ac973f/TCGA-ET-A25M.9140CD19-069D-4F54-82C8-6823CE2C2914.PDF,Papillary Thyroid Carcinoma,Classical,T2,N1,MX,No ETE,R0,Unifocal,YES,2.0,1.0,yes,Right lobe,2.5,OK,No ETE,R0,Right lobe,YES,Right,No ETE_R0_Right_YES
TCGA-ET-A25N,nationwidechildrens.org_clinical.TCGA-ET-A25N.xml,TCGA-ET-A25N.D79E273F-D349-4F6B-93EB-688A3D4EE983.PDF,data/raw/GDC Data Thyroid/gdc_download_20260123_154153.943271/20790415-71f4-4fda-a087-2ec0a9fd1703/nationwidechildrens.org_clinical.TCGA-ET-A25N.xml,data/raw/GDC Data Thyroid/gdc_download_20260123_154153.943271/ac871353-001f-4aca-96e3-f2eed27e59c0/TCGA-ET-A25N.D79E273F-D349-4F6B-93EB-688A3D4EE983.PDF,Papillary Thyroid Carcinoma,Classical,T2,N1a,MX,No ETE,R0,Unifocal,YES,8.0,1.0,yes,Right lobe,2.3,OK,No ETE,R0,Right lobe,YES,Right,No ETE_R0_Right_YES
TCGA-ET-A2N0,nationwidechildrens.org_clinical.TCGA-ET-A2N0.xml,TCGA-ET-A2N0.32489588-DB83-48DF-A0A9-9D3669D5511C.PDF,data/raw/GDC Data Thyroid/gdc_download_20260123_154153.943271/93ce5164-6642-44fc-b13a-743f949132ea/nationwidechildrens.org_clinical.TCGA-ET-A2N0.xml,data/raw/GDC Data Thyroid/gdc_download_20260123_154153.943271/7a37081a-2525-4824-a2e3-5cf1250f0f61/TCGA-ET-A2N0.32489588-DB83-48DF-A0A9-9D3669D5511C.PDF,Papillary Thyroid Carcinoma,Classical,T1b,N1a,MX,No ETE,R0,Unifocal,YES,27.0,20.0,yes,Right lobe,2.0,OK,No ETE,R0,Right lobe,YES,Right,No ETE_R0_Right_YES
TCGA-ET-A39I,nationwidechildrens.org_clinical.TCGA-ET-A39I.xml,TCGA-ET-A39I.130DFC95-3FA7-4B7B-9CC9-22C06F89C9A7.PDF,data/raw/GDC Data Thyroid/gdc_download_20260123_154153.943271/b56ef15c-d662-41f9-9445-149c65bd2109/nationwidechildrens.org_clinical.TCGA-ET-A39I.xml,data/raw/GDC Data Thyroid/gdc_download_20260123_154153.943271/8e6ec431-fde0-4701-af4a-3c8872b153c3/TCGA-ET-A39I.130DFC95-3FA7-4B7B-9CC9-22C06F89C9A7.PDF,Papillary Thyroid Carcinoma,Follicular,T1,NX,MX,No ETE,R0,Unifocal,NO,,,no,Right lobe,1.9,OK,No ETE,R0,Right lobe,NO,Right,No ETE_R0_Right_NO
TCGA-ET-A39J,nationwidechildrens.org_clinical.TCGA-ET-A39J.xml,TCGA-ET-A39J.3B981FAD-AA10-4FCE-84FD-97C14CEF2EB7.PDF,data/raw/GDC Data Thyroid/gdc_download_20260123_154153.943271/352c54e3-9695-4915-a260-cc1131e9cc67/nationwidechildrens.org_clinical.TCGA-ET-A39J.xml,data/raw/GDC Data Thyroid/gdc_download_20260123_154153.943271/638d3512-fedf-4a4e-8acb-8ec6a84df30c/TCGA-ET-A39J.3B981FAD-AA10-4FCE-84FD-97C14CEF2EB7.PDF,Papillary Thyroid Carcinoma,Classical,T2,NX,MX,No ETE,R0,Multifocal,NO,,,no,Right lobe,3.0,OK,No ETE,R0,Right lobe,NO,Right,No ETE_R0_Right_NO
TCGA-ET-A39L,nationwidechildrens.org_clinical.TCGA-ET-A39L.xml,TCGA-ET-A39L.C284BB2D-209D-42BD-9DDC-DD5C152BE2CE.PDF,data/raw/GDC Data Thyroid/gdc_download_20260123_154153.943271/13ba0c63-b55d-4ab5-aeee-6952d2ca2e62/nationwidechildrens.org_clinical.TCGA-ET-A39L.xml,data/raw/GDC Data Thyroid/gdc_download_20260123_154153.943271/df35914f-39e3-4523-9b90-6fb61d8c05e0/TCGA-ET-A39L.C284BB2D-209D-42BD-9DDC-DD5C152BE2CE.PDF,Papillary Thyroid Carcinoma,Classical,T3,N0,MX,No ETE,R0,Unifocal,YES,4.0,0.0,yes,Left lobe,5.5,OK,No ETE,R0,Left lobe,YES,Left,No ETE_R0_Left_YES
TCGA-ET-A39M,nationwidechildrens.org_clinical.TCGA-ET-A39M.xml,TCGA-ET-A39M.978AE60E-CA27-49D9-A338-1338005A672A.PDF,data/raw/GDC Data Thyroid/gdc_download_20260123_154153.943271/52880440-48f1-4ea8-a53b-6629d6a54de6/nationwidechildrens.org_clinical.TCGA-ET-A39M.xml,data/raw/GDC Data Thyroid/gdc_download_20260123_154153.943271/2a152299-89df-408d-b65d-04a56a745f19/TCGA-ET-A39M.978AE60E-CA27-49D9-A338-1338005A672A.PDF,Papillary Thyroid Carcinoma,Classical,T2,NX,MX,No ETE,R0,Unifocal,NO,,,no,Left lobe,4.0,OK,No ETE,R0,Left lobe,NO,Left,No ETE_R0_Left_NO
TCGA-ET-A39O,nationwidechildrens.org_clinical.TCGA-ET-A39O.xml,TCGA-ET-A39O.95EB9A3F-F213-4D62-9823-21E3D31DDB5E.PDF,data/raw/GDC Data Thyroid/gdc_download_20260123_154153.943271/f2e996e2-72ff-45d8-8fec-dd6d0b0d282e/nationwidechildrens.org_clinical.TCGA-ET-A39O.xml,data/raw/GDC Data Thyroid/gdc_download_20260123_154153.943271/1e7161e4-0134-4efa-a0e2-008e097b6fb6/TCGA-ET-A39O.95EB9A3F-F213-4D62-9823-21E3D31DDB5E.PDF,Papillary Thyroid Carcinoma,Tall Cell,T1,N0,MX,No ETE,R0,Multifocal,YES,4.0,0.0,yes,Isthmus,1.6,OK,No ETE,R0,Isthmus,YES,Isthmus,No ETE_R0_Isthmus_YES
TCGA-ET-A39S,nationwidechildrens.org_clinical.TCGA-ET-A39S.xml,TCGA-ET-A39S.2E9B4821-BC11-4BE9-9420-01B5C16B3270.PDF,data/raw/GDC Data Thyroid/gdc_download_20260123_154153.943271/f4c479eb-fa41-4e40-9e2d-def31c2c3c89/nationwidechildrens.org_clinical.TCGA-ET-A39S.xml,data/raw/GDC Data Thyroid/gdc_download_20260123_154153.943271/e66accef-2470-4f07-b2fa-e2582661b7fc/TCGA-ET-A39S.2E9B4821-BC11-4BE9-9420-01B5C16B3270.PDF,Papillary Thyroid Carcinoma,Classical,T1,N0,MX,No ETE,R0,Unifocal,YES,2.0,0.0,yes,Left lobe,1.0,OK,No ETE,R0,Left lobe,YES,Left,No ETE_R0_Left_YES
TCGA-ET-A3BN,nationwidechildrens.org_clinical.TCGA-ET-A3BN.xml,TCGA-ET-A3BN.285F05E8-2C8E-4D4A-968C-AE1F3D5882FE.PDF,data/raw/GDC Data Thyroid/gdc_download_20260123_154153.943271/3253d64a-7139-4e33-a32e-c11bd4d08c4f/nationwidechildrens.org_clinical.TCGA-ET-A3BN.xml,data/raw/GDC Data Thyroid/gdc_download_20260123_154153.943271/86947105-3a79-4695-895b-1a5ec1b73564/TCGA-ET-A3BN.285F05E8-2C8E-4D4A-968C-AE1F3D5882FE.PDF,Papillary Thyroid Carcinoma,Classical,T2,NX,MX,No ETE,R0,Unifocal,NO,,,no,Right lobe,3.0,OK,No ETE,R0,Right lobe,NO,Right,No ETE_R0_Right_NO
TCGA-ET-A3BQ,nationwidechildrens.org_clinical.TCGA-ET-A3BQ.xml,TCGA-ET-A3BQ.D00A2399-3F56-472B-9382-93651D6EFB0E.PDF,data/raw/GDC Data Thyroid/gdc_download_20260123_154153.943271/d2d6934e-d400-4084-9c03-3ca3c30131eb/nationwidechildrens.org_clinical.TCGA-ET-A3BQ.xml,data/raw/GDC Data Thyroid/gdc_download_20260123_154153.943271/8b262478-0962-4b83-a9a3-998d3eb862e8/TCGA-ET-A3BQ.D00A2399-3F56-472B-9382-93651D6EFB0E.PDF,Papillary Thyroid Carcinoma,Classical,T2,N0,MX,No ETE,R0,Unifocal,YES,2.0,0.0,yes,Right lobe,3.0,OK,No ETE,R0,Right lobe,YES,Right,No ETE_R0_Right_YES
TCGA-ET-A3BV,nationwidechildrens.org_clinical.TCGA-ET-A3BV.xml,TCGA-ET-A3BV.97DA3EC1-87E4-46BA-AEBB-255DA0A24778.PDF,data/raw/GDC Data Thyroid/gdc_download_20260123_154153.943271/93fdea23-4557-4549-bbe5-50926bd4b362/nationwidechildrens.org_clinical.TCGA-ET-A3BV.xml,data/raw/GDC Data Thyroid/gdc_download_20260123_154153.943271/d5b2497c-0e32-41ea-987a-e86211418e88/TCGA-ET-A3BV.97DA3EC1-87E4-46BA-AEBB-255DA0A24778.PDF,Papillary Thyroid Carcinoma,Classical,T2,N1a,MX,No ETE,R0,Unifocal,YES,17.0,2.0,yes,Left lobe,4.0,OK,No ETE,R0,Left lobe,YES,Left,No ETE_R0_Left_YES
TCGA-ET-A3DP,nationwidechildrens.org_clinical.TCGA-ET-A3DP.xml,TCGA-ET-A3DP.65943762-40CF-4F6D-8C1C-1CE807C02D6E.PDF,data/raw/GDC Data Thyroid/gdc_download_20260123_154153.943271/757e3c7c-2c2a-404b-b7db-981a6d8316a5/nationwidechildrens.org_clinical.TCGA-ET-A3DP.xml,data/raw/GDC Data Thyroid/gdc_download_20260123_154153.943271/8217b107-9440-4e59-b4e5-44a3eba7fb05/TCGA-ET-A3DP.65943762-40CF-4F6D-8C1C-1CE807C02D6E.PDF,Papillary Thyroid Carcinoma,Classical,T2,NX,MX,No ETE,R0,Unifocal,NO,,,no,Left lobe,2.5,OK,No ETE,R0,Left lobe,NO,Left,No ETE_R0_Left_NO
TCGA-ET-A3DQ,nationwidechildrens.org_clinical.TCGA-ET-A3DQ.xml,TCGA-ET-A3DQ.C6AC3695-85B8-400F-A539-54305CD46DFF.PDF,data/raw/GDC Data Thyroid/gdc_download_20260123_154153.943271/5edcbc26-2f9e-4024-ad26-1118ac2d0f25/nationwidechildrens.org_clinical.TCGA-ET-A3DQ.xml,data/raw/GDC Data Thyroid/gdc_download_20260123_154153.943271/af18a95d-38b7-4f6a-bed4-b1e44e0d5a02/TCGA-ET-A3DQ.C6AC3695-85B8-400F-A539-54305CD46DFF.PDF,Papillary Thyroid Carcinoma,Follicular,T1,N0,MX,No ETE,R0,Multifocal,YES,2.0,0.0,yes,Right lobe,1.0,OK,No ETE,R0,Right lobe,YES,Right,No ETE_R0_Right_YES
TCGA-ET-A3DR,nationwidechildrens.org_clinical.TCGA-ET-A3DR.xml,TCGA-ET-A3DR.7EABB2C4-F2D3-467D-B725-4D9F61B6F6FF.PDF,data/raw/GDC Data Thyroid/gdc_download_20260123_154153.943271/b1401a44-c09f-49b7-83a0-bee1f8284d1a/nationwidechildrens.org_clinical.TCGA-ET-A3DR.xml,data/raw/GDC Data Thyroid/gdc_download_20260123_154153.943271/53a72b1a-6812-4c48-86bc-2cb9b88a33e2/TCGA-ET-A3DR.7EABB2C4-F2D3-467D-B725-4D9F61B6F6FF.PDF,Papillary Thyroid Carcinoma,Classical,T1,N1a,MX,No ETE,R0,Unifocal,YES,6.0,5.0,yes,Left lobe,1.2,OK,No ETE,R0,Left lobe,YES,Left,No ETE_R0_Left_YES
TCGA-ET-A3DS,nationwidechildrens.org_clinical.TCGA-ET-A3DS.xml,TCGA-ET-A3DS.7EFF2F11-7160-4259-904F-44D39C1C0243.PDF,data/raw/GDC Data Thyroid/gdc_download_20260123_154153.943271/e90650e5-c149-44ae-8ffa-88f18b72d903/nationwidechildrens.org_clinical.TCGA-ET-A3DS.xml,data/raw/GDC Data Thyroid/gdc_download_20260123_154153.943271/67c6e098-5cff-469b-9842-dbf5adb1cd3b/TCGA-ET-A3DS.7EFF2F11-7160-4259-904F-44D39C1C0243.PDF,Papillary Thyroid Carcinoma,Classical,T1,N0,MX,No ETE,R0,Unifocal,YES,8.0,0.0,yes,Right lobe,0.8,OK,No ETE,R0,Right lobe,YES,Right,No ETE_R0_Right_YES
TCGA-ET-A3DT,nationwidechildrens.org_clinical.TCGA-ET-A3DT.xml,TCGA-ET-A3DT.18B667CB-A763-4EF9-8498-6AD7ADD697BD.PDF,data/raw/GDC Data Thyroid/gdc_download_20260123_154153.943271/75e0d087-c0e0-4bbb-91a8-0777633331c8/nationwidechildrens.org_clinical.TCGA-ET-A3DT.xml,data/raw/GDC Data Thyroid/gdc_download_20260123_154153.943271/9f3714b0-7cc5-4dcd-aa3b-c9b38e6320ce/TCGA-ET-A3DT.18B667CB-A763-4EF9-8498-6AD7ADD697BD.PDF,Papillary Thyroid Carcinoma,Classical,T2,N1a,MX,No ETE,R0,Unifocal,YES,4.0,1.0,yes,Left lobe,2.5,OK,No ETE,R0,Left lobe,YES,Left,No ETE_R0_Left_YES
TCGA-ET-A3DU,nationwidechildrens.org_clinical.TCGA-ET-A3DU.xml,TCGA-ET-A3DU.6AB7842E-8DC5-458A-8AE0-AE429E095DCA.PDF,data/raw/GDC Data Thyroid/gdc_download_20260123_154153.943271/e43c6f24-d6b1-4681-a0d5-501573db3105/nationwidechildrens.org_clinical.TCGA-ET-A3DU.xml,data/raw/GDC Data Thyroid/gdc_download_20260123_154153.943271/21c670e7-ecf5-4b8d-b9d7-5baf4f4bcb78/TCGA-ET-A3DU.6AB7842E-8DC5-458A-8AE0-AE429E095DCA.PDF,Papillary Thyroid Carcinoma,Classical,T1,N1a,MX,No ETE,R1,Unifocal,YES,2.0,1.0,yes,Left lobe,1.4,OK,No ETE,R1,Left lobe,YES,Left,No ETE_R1_Left_YES
TCGA-ET-A40P,nationwidechildrens.org_clinical.TCGA-ET-A40P.xml,TCGA-ET-A40P.BC87B4BA-1694-4472-9616-D1C83671B416.PDF,data/raw/GDC Data Thyroid/gdc_download_20260123_154153.943271/5b71198e-4218-4f32-9045-0affe6583f02/nationwidechildrens.org_clinical.TCGA-ET-A40P.xml,data/raw/GDC Data Thyroid/gdc_download_20260123_154153.943271/56d37373-5c7f-4503-8e07-90a134164f26/TCGA-ET-A40P.BC87B4BA-1694-4472-9616-D1C83671B416.PDF,Papillary Thyroid Carcinoma,Follicular,T2,N0,MX,No ETE,R0,Unifocal,YES,1.0,0.0,yes,Right lobe,3.2,OK,No ETE,R0,Right lobe,YES,Right,No ETE_R0_Right_YES
TCGA-ET-A40Q,nationwidechildrens.org_clinical.TCGA-ET-A40Q.xml,TCGA-ET-A40Q.D0250E29-21AE-4A68-B3F4-2DD739A5D088.PDF,data/raw/GDC Data Thyroid/gdc_download_20260123_154153.943271/765c35f7-c00e-4c94-806a-c8648692b3e7/nationwidechildrens.org_clinical.TCGA-ET-A40Q.xml,data/raw/GDC Data Thyroid/gdc_download_20260123_154153.943271/4777f756-a44a-4f55-bc81-ddd24101f853/TCGA-ET-A40Q.D0250E29-21AE-4A68-B3F4-2DD739A5D088.PDF,Papillary Thyroid Carcinoma,Tall Cell,T3,N1b,MX,Microscopic,R0,Multifocal,YES,40.0,19.0,yes,Right lobe,2.5,OK,Microscopic,R0,Right lobe,YES,Right,Microscopic_R0_Right_YES
TCGA-ET-A4KQ,nationwidechildrens.org_clinical.TCGA-ET-A4KQ.xml,TCGA-ET-A4KQ.AE832FB1-0B21-463D-A8F5-68CF8EFDAC62.PDF,data/raw/GDC Data Thyroid/gdc_download_20260123_154153.943271/f09d1578-847a-4ca2-bb88-d3cc6a00cb5e/nationwidechildrens.org_clinical.TCGA-ET-A4KQ.xml,data/raw/GDC Data Thyroid/gdc_download_20260123_154153.943271/a413324f-77d7-48ac-b643-4056ee1153c5/TCGA-ET-A4KQ.AE832FB1-0B21-463D-A8F5-68CF8EFDAC62.PDF,Papillary Thyroid Carcinoma,Follicular,T2,NX,MX,No ETE,R0,Unifocal,NO,,,no,Right lobe,4.0,OK,No ETE,R0,Right lobe,NO,Right,No ETE_R0_Right_NO
TCGA-FE-A230,nationwidechildrens.org_clinical.TCGA-FE-A230.xml,TCGA-FE-A230.376056EE-C698-481C-8B30-4489F3C75D58.PDF,data/raw/GDC Data Thyroid/gdc_download_20260123_154153.943271/f19c0cce-8eef-457d-8450-6e6ba9b694eb/nationwidechildrens.org_clinical.TCGA-FE-A230.xml,data/raw/GDC Data Thyroid/gdc_download_20260123_154153.943271/3ad2d20b-84b8-4bd6-9bdf-6a9eb590d189/TCGA-FE-A230.376056EE-C698-481C-8B30-4489F3C75D58.PDF,Papillary Thyroid Carcinoma,Classical,T3,N1a,MX,No ETE,R0,Unifocal,YES,3.0,3.0,yes,Left lobe,4.4,OK,No ETE,R0,Left lobe,YES,Left,No ETE_R0_Left_YES
TCGA-FE-A231,nationwidechildrens.org_clinical.TCGA-FE-A231.xml,TCGA-FE-A231.8B8522CD-C9E7-4762-99F9-D597B35ABF03.PDF,data/raw/GDC Data Thyroid/gdc_download_20260123_154153.943271/f63cc68c-1bfc-4726-af0e-f56ab21f3206/nationwidechildrens.org_clinical.TCGA-FE-A231.xml,data/raw/GDC Data Thyroid/gdc_download_20260123_154153.943271/321b328c-bc4c-4d41-9440-abf757aa768d/TCGA-FE-A231.8B8522CD-C9E7-4762-99F9-D597B35ABF03.PDF,Papillary Thyroid Carcinoma,Classical,T3,N1b,MX,No ETE,R0,Unifocal,YES,31.0,16.0,yes,Right lobe,9.4,OK,No ETE,R0,Right lobe,YES,Right,No ETE_R0_Right_YES
TCGA-FE-A234,nationwidechildrens.org_clinical.TCGA-FE-A234.xml,TCGA-FE-A234.9161208D-62BA-4043-B3E6-25C0640B98E4.PDF,data/raw/GDC Data Thyroid/gdc_download_20260123_154153.943271/5cc07c93-9b5f-473f-9274-2d919ad2f7f9/nationwidechildrens.org_clinical.TCGA-FE-A234.xml,data/raw/GDC Data Thyroid/gdc_download_20260123_154153.943271/c77aa555-8511-43f0-8993-4cb8b9ffe745/TCGA-FE-A234.9161208D-62BA-4043-B3E6-25C0640B98E4.PDF,Papillary Thyroid Carcinoma,Classical,T2,N1,MX,No ETE,R0,Unifocal,YES,2.0,2.0,yes,Right lobe,3.3,OK,No ETE,R0,Right lobe,YES,Right,No ETE_R0_Right_YES
TCGA-FE-A23A,nationwidechildrens.org_clinical.TCGA-FE-A23A.xml,TCGA-FE-A23A.365B2777-B6AC-4B9B-A082-B209C61F9ACE.PDF,data/raw/GDC Data Thyroid/gdc_download_20260123_154153.943271/af8e23ec-849f-4ce7-81cb-52bcc5ce0293/nationwidechildrens.org_clinical.TCGA-FE-A23A.xml,data/raw/GDC Data Thyroid/gdc_download_20260123_154153.943271/c9466413-96ab-46bb-9edf-577028ee6897/TCGA-FE-A23A.365B2777-B6AC-4B9B-A082-B209C61F9ACE.PDF,Papillary Thyroid Carcinoma,Classical,T2,N0,MX,No ETE,R0,Unifocal,YES,13.0,0.0,yes,Right lobe,2.7,OK,No ETE,R0,Right lobe,YES,Right,No ETE_R0_Right_YES
TCGA-FK-A3S3,nationwidechildrens.org_clinical.TCGA-FK-A3S3.xml,TCGA-FK-A3S3.6CE1962B-78BA-4FBC-B3FD-8AB5C4D1869A.PDF,data/raw/GDC Data Thyroid/gdc_download_20260123_154153.943271/5849c020-821c-41bb-9cd6-8e8896bdd9f8/nationwidechildrens.org_clinical.TCGA-FK-A3S3.xml,data/raw/GDC Data Thyroid/gdc_download_20260123_154153.943271/f23b319d-bcfb-495e-87d9-bbd973091722/TCGA-FK-A3S3.6CE1962B-78BA-4FBC-B3FD-8AB5C4D1869A.PDF,Papillary Thyroid Carcinoma,Follicular,T3,N1b,MX,Microscopic,R0,Multifocal,YES,11.0,4.0,yes,Left lobe,2.5,OK,Microscopic,R0,Left lobe,YES,Left,Microscopic_R0_Left_YES
TCGA-FK-A3SE,nationwidechildrens.org_clinical.TCGA-FK-A3SE.xml,TCGA-FK-A3SE.3489196F-F9FD-4797-B4F2-0D66D420102A.PDF,data/raw/GDC Data Thyroid/gdc_download_20260123_154153.943271/c419d4ee-35b4-415f-a06c-864f0eff93a4/nationwidechildrens.org_clinical.TCGA-FK-A3SE.xml,data/raw/GDC Data Thyroid/gdc_download_20260123_154153.943271/4f1fa593-2702-4753-9058-0674242c80d7/TCGA-FK-A3SE.3489196F-F9FD-4797-B4F2-0D66D420102A.PDF,Papillary Thyroid Carcinoma,Classical,T2,N1a,MX,No ETE,R0,Multifocal,YES,8.0,2.0,yes,Bilateral,3.5,OK,No ETE,R0,Bilateral,YES,Bilateral,No ETE_R0_Bilateral_YES
TCGA-FK-A4UB,nationwidechildrens.org_clinical.TCGA-FK-A4UB.xml,TCGA-FK-A4UB.689C08E4-6032-4933-9F13-FD89AEBD3615.PDF,data/raw/GDC Data Thyroid/gdc_download_20260123_154153.943271/05500da5-6828-447e-8298-51eec6cbfe4d/nationwidechildrens.org_clinical.TCGA-FK-A4UB.xml,data/raw/GDC Data Thyroid/gdc_download_20260123_154153.943271/c9bfea4b-f9a4-48d9-9d4a-3e01c3d85cff/TCGA-FK-A4UB.689C08E4-6032-4933-9F13-FD89AEBD3615.PDF,Papillary Thyroid Carcinoma,Classical,T3,N1a,MX,Microscopic,R1,Multifocal,YES,85.0,20.0,yes,Right lobe,2.0,OK,Microscopic,R1,Right lobe,YES,Right,Microscopic_R1_Right_YES
TCGA-FY-A3NP,nationwidechildrens.org_clinical.TCGA-FY-A3NP.xml,TCGA-FY-A3NP.F84A8B24-1877-4833-83B5-C417D32D3DB1.PDF,data/raw/GDC Data Thyroid/gdc_download_20260123_154153.943271/a19f3ec4-ebbd-456c-88f9-8c70aee0b29d/nationwidechildrens.org_clinical.TCGA-FY-A3NP.xml,data/raw/GDC Data Thyroid/gdc_download_20260123_154153.943271/9d591aba-056c-4bf1-98a8-a37f6173a957/TCGA-FY-A3NP.F84A8B24-1877-4833-83B5-C417D32D3DB1.PDF,Papillary Thyroid Carcinoma,Follicular,T1,N0,M0,No ETE,R0,Unifocal,NO,,,no,Right lobe,2.0,OK,No ETE,R0,Right lobe,NO,Right,No ETE_R0_Right_NO
TCGA-FY-A3ON,nationwidechildrens.org_clinical.TCGA-FY-A3ON.xml,TCGA-FY-A3ON.986CE45F-0D9A-44C9-B019-C9B1C56D34A9.PDF,data/raw/GDC Data Thyroid/gdc_download_20260123_154153.943271/c73caefd-862c-47ac-983b-69f57b1eb057/nationwidechildrens.org_clinical.TCGA-FY-A3ON.xml,data/raw/GDC Data Thyroid/gdc_download_20260123_154153.943271/41c99c52-27ad-4a2d-98ed-8c0a22e53512/TCGA-FY-A3ON.986CE45F-0D9A-44C9-B019-C9B1C56D34A9.PDF,Papillary Thyroid Carcinoma,Classical,T2,N1,MX,No ETE,R0,Multifocal,YES,4.0,1.0,yes,Bilateral,2.5,OK,No ETE,R0,Bilateral,YES,Bilateral,No ETE_R0_Bilateral_YES
TCGA-FY-A3RA,nationwidechildrens.org_clinical.TCGA-FY-A3RA.xml,TCGA-FY-A3RA.370C33BA-DDB3-4DA9-984E-68037C4C5D73.PDF,data/raw/GDC Data Thyroid/gdc_download_20260123_154153.943271/d1fa51f5-e10d-4aa1-a53b-fe72e677e32b/nationwidechildrens.org_clinical.TCGA-FY-A3RA.xml,data/raw/GDC Data Thyroid/gdc_download_20260123_154153.943271/d7769a3b-cdc1-4a32-bbd9-e4aac77e58c8/TCGA-FY-A3RA.370C33BA-DDB3-4DA9-984E-68037C4C5D73.PDF,Papillary Thyroid Carcinoma,Classical,T2,NX,MX,No ETE,R0,Unifocal,NO,,,no,Left lobe,4.0,OK,No ETE,R0,Left lobe,NO,Left,No ETE_R0_Left_NO
TCGA-FY-A3TY,nationwidechildrens.org_clinical.TCGA-FY-A3TY.xml,TCGA-FY-A3TY.BE77789A-ACE9-4D62-887E-BB2810470B94.PDF,data/raw/GDC Data Thyroid/gdc_download_20260123_154153.943271/cbeadb17-fdb2-4e24-919e-952922a53a5a/nationwidechildrens.org_clinical.TCGA-FY-A3TY.xml,data/raw/GDC Data Thyroid/gdc_download_20260123_154153.943271/05455572-42ba-4326-bb0b-5eeada93f2f5/TCGA-FY-A3TY.BE77789A-ACE9-4D62-887E-BB2810470B94.PDF,Papillary Thyroid Carcinoma,Classical,T3,N0,MX,Microscopic,R0,Unifocal,YES,6.0,0.0,yes,Right lobe,4.2,OK,Microscopic,R0,Right lobe,YES,Right,Microscopic_R0_Right_YES
TCGA-FY-A3W9,nationwidechildrens.org_clinical.TCGA-FY-A3W9.xml,TCGA-FY-A3W9.1396A81D-089B-4E98-A099-E15AFABE4191.PDF,data/raw/GDC Data Thyroid/gdc_download_20260123_154153.943271/7e9ce7cb-ea9d-4b58-a618-fa946130e37e/nationwidechildrens.org_clinical.TCGA-FY-A3W9.xml,data/raw/GDC Data Thyroid/gdc_download_20260123_154153.943271/68bd935c-cc40-44ab-8c51-3657c7adf5e8/TCGA-FY-A3W9.1396A81D-089B-4E98-A099-E15AFABE4191.PDF,Papillary Thyroid Carcinoma,Follicular,T2,N0,MX,No ETE,R1,Unifocal,YES,1.0,0.0,yes,Left lobe,2.3,OK,No ETE,R1,Left lobe,YES,Left,No ETE_R1_Left_YES
TCGA-FY-A3WA,nationwidechildrens.org_clinical.TCGA-FY-A3WA.xml,TCGA-FY-A3WA.8569144D-DBE4-4012-9BE2-F39E44B83039.PDF,data/raw/GDC Data Thyroid/gdc_download_20260123_154153.943271/86102bc7-ef9f-42b9-b5a3-571a21d0aace/nationwidechildrens.org_clinical.TCGA-FY-A3WA.xml,data/raw/GDC Data Thyroid/gdc_download_20260123_154153.943271/e6895ff8-006e-46c9-8e89-3920995966b1/TCGA-FY-A3WA.8569144D-DBE4-4012-9BE2-F39E44B83039.PDF,Papillary Thyroid Carcinoma,Follicular,T1a,NX,MX,No ETE,R0,Unifocal,NO,,,no,Right lobe,0.5,OK,No ETE,R0,Right lobe,NO,Right,No ETE_R0_Right_NO
TCGA-FY-A3YR,nationwidechildrens.org_clinical.TCGA-FY-A3YR.xml,TCGA-FY-A3YR.1DA19725-B6C2-44B7-A164-2FAB6CD3DE2C.PDF,data/raw/GDC Data Thyroid/gdc_download_20260123_154153.943271/ec3d9b73-e4e4-4887-804a-a22d36ef6b22/nationwidechildrens.org_clinical.TCGA-FY-A3YR.xml,data/raw/GDC Data Thyroid/gdc_download_20260123_154153.943271/4829b2f5-aa27-4386-98f6-352bc7053693/TCGA-FY-A3YR.1DA19725-B6C2-44B7-A164-2FAB6CD3DE2C.PDF,Papillary Thyroid Carcinoma,Classical,T3,N1a,MX,Microscopic,R0,Unifocal,YES,11.0,4.0,yes,Right lobe,1.7,OK,Microscopic,R0,Right lobe,YES,Right,Microscopic_R0_Right_YES
TCGA-FY-A40K,nationwidechildrens.org_clinical.TCGA-FY-A40K.xml,TCGA-FY-A40K.EEF7A2AF-C12B-49F5-91CE-458B62D3F4D7.PDF,data/raw/GDC Data Thyroid/gdc_download_20260123_154153.943271/9e6c6c36-4701-4f4b-900f-af6739fe277c/nationwidechildrens.org_clinical.TCGA-FY-A40K.xml,data/raw/GDC Data Thyroid/gdc_download_20260123_154153.943271/ed9d3f20-3245-4505-817e-44ff901a3647/TCGA-FY-A40K.EEF7A2AF-C12B-49F5-91CE-458B62D3F4D7.PDF,Papillary Thyroid Carcinoma,Classical,T1a,N0,MX,No ETE,R0,Multifocal,YES,4.0,0.0,yes,Right lobe,1.0,OK,No ETE,R0,Right lobe,YES,Right,No ETE_R0_Right_YES
TCGA-IM-A3ED,nationwidechildrens.org_clinical.TCGA-IM-A3ED.xml,TCGA-IM-A3ED.0B417B72-0AD2-4B67-ADB3-E6156572D787.PDF,data/raw/GDC Data Thyroid/gdc_download_20260123_154153.943271/5a1e9ac8-4cf4-4b70-b674-ea66dc87ea29/nationwidechildrens.org_clinical.TCGA-IM-A3ED.xml,data/raw/GDC Data Thyroid/gdc_download_20260123_154153.943271/cb2037c4-35fa-4b40-8339-bf64aa949ab4/TCGA-IM-A3ED.0B417B72-0AD2-4B67-ADB3-E6156572D787.PDF,Papillary Thyroid Carcinoma,Classical,T1,N0,MX,No ETE,R0,Unifocal,YES,9.0,0.0,yes,Left lobe,1.7,OK,No ETE,R0,Left lobe,YES,Left,No ETE_R0_Left_YES
TCGA-J8-A3O1,nationwidechildrens.org_clinical.TCGA-J8-A3O1.xml,TCGA-J8-A3O1.08ABFE9F-B5B1-49F3-907A-7E9BF2556180.PDF,data/raw/GDC Data Thyroid/gdc_download_20260123_154153.943271/5fb236be-3b81-44ac-878c-e1ad0c89f53b/nationwidechildrens.org_clinical.TCGA-J8-A3O1.xml,data/raw/GDC Data Thyroid/gdc_download_20260123_154153.943271/396ca676-0593-43f4-912a-ab5652f9e53b/TCGA-J8-A3O1.08ABFE9F-B5B1-49F3-907A-7E9BF2556180.PDF,Papillary Thyroid Carcinoma,Classical,T3,N1b,M0,No ETE,R0,Unifocal,YES,19.0,12.0,yes,Left lobe,6.5,OK,No ETE,R0,Left lobe,YES,Left,No ETE_R0_Left_YES
TCGA-J8-A3YG,nationwidechildrens.org_clinical.TCGA-J8-A3YG.xml,TCGA-J8-A3YG.33C2ECE3-CA9B-476A-AA2A-F60FCCECD6BF.PDF,data/raw/GDC Data Thyroid/gdc_download_20260123_154153.943271/c4c9b8a0-53f4-4a45-a4d1-41431463afdf/nationwidechildrens.org_clinical.TCGA-J8-A3YG.xml,data/raw/GDC Data Thyroid/gdc_download_20260123_154153.943271/d1beba5d-76ec-414d-833a-aa74e299d3c4/TCGA-J8-A3YG.33C2ECE3-CA9B-476A-AA2A-F60FCCECD6BF.PDF,Papillary Thyroid Carcinoma,Classical,T2,N1a,M0,No ETE,R0,Multifocal,YES,9.0,6.0,yes,Bilateral,2.5,OK,No ETE,R0,Bilateral,YES,Bilateral,No ETE_R0_Bilateral_YES
TCGA-J8-A4HW,nationwidechildrens.org_clinical.TCGA-J8-A4HW.xml,TCGA-J8-A4HW.44129C44-89D0-4967-92DE-8E8E2082519A.PDF,data/raw/GDC Data Thyroid/gdc_download_20260123_154153.943271/777f8596-e8ec-4d8b-9a3e-9129ef9211c8/nationwidechildrens.org_clinical.TCGA-J8-A4HW.xml,data/raw/GDC Data Thyroid/gdc_download_20260123_154153.943271/99a1e6c2-2de9-48a6-a848-00bdc584148e/TCGA-J8-A4HW.44129C44-89D0-4967-92DE-8E8E2082519A.PDF,Papillary Thyroid Carcinoma,Classical,T2,N1,M0,No ETE,R0,Multifocal,YES,8.0,7.0,yes,Left lobe,3.0,OK,No ETE,R0,Left lobe,YES,Left,No ETE_R0_Left_YES
TCGA-J8-A4HY,nationwidechildrens.org_clinical.TCGA-J8-A4HY.xml,TCGA-J8-A4HY.44A2984E-9B5D-4A22-957D-359C2647589F.PDF,data/raw/GDC Data Thyroid/gdc_download_20260123_154153.943271/86aa71ac-7670-4154-a201-a22795262f36/nationwidechildrens.org_clinical.TCGA-J8-A4HY.xml,data/raw/GDC Data Thyroid/gdc_download_20260123_154153.943271/9e49d791-9e97-4175-8b71-85e58caa3026/TCGA-J8-A4HY.44A2984E-9B5D-4A22-957D-359C2647589F.PDF,Papillary Thyroid Carcinoma,Classical,T4a,N1b,MX,Gross,R0,Unifocal,YES,40.0,13.0,yes,Left lobe,6.5,OK,Gross,R0,Left lobe,YES,Left,Gross_R0_Left_YES
TCGA-KS-A41I,nationwidechildrens.org_clinical.TCGA-KS-A41I.xml,TCGA-KS-A41I.8D7FB9FA-F66C-431F-985F-90F811FBB487.PDF,data/raw/GDC Data Thyroid/gdc_download_20260123_154153.943271/80c78f06-9f54-4f69-bbd6-61485a581762/nationwidechildrens.org_clinical.TCGA-KS-A41I.xml,data/raw/GDC Data Thyroid/gdc_download_20260123_154153.943271/25fffe56-edde-4252-96d9-f0b51943580b/TCGA-KS-A41I.8D7FB9FA-F66C-431F-985F-90F811FBB487.PDF,Papillary Thyroid Carcinoma,Follicular,T1,N0,M0,No ETE,R0,Unifocal,YES,,0.0,yes,Right lobe,2.0,OK,No ETE,R0,Right lobe,YES,Right,No ETE_R0_Right_YES
TCGA-KS-A41L,nationwidechildrens.org_clinical.TCGA-KS-A41L.xml,TCGA-KS-A41L.982CB386-A34A-4610-B9A8-9A6A43F84D87.PDF,data/raw/GDC Data Thyroid/gdc_download_20260123_154153.943271/ad35ff86-7a82-4b70-8982-6beaeb43ffd2/nationwidechildrens.org_clinical.TCGA-KS-A41L.xml,data/raw/GDC Data Thyroid/gdc_download_20260123_154153.943271/fb06669a-624f-4bdc-99c9-20d1ac678eee/TCGA-KS-A41L.982CB386-A34A-4610-B9A8-9A6A43F84D87.PDF,Papillary Thyroid Carcinoma,Follicular,T2,N0,M0,No ETE,R0,Unifocal,YES,3.0,0.0,yes,Right lobe,3.2,OK,No ETE,R0,Right lobe,YES,Right,No ETE_R0_Right_YES
TCGA-KS-A4I7,nationwidechildrens.org_clinical.TCGA-KS-A4I7.xml,TCGA-KS-A4I7.819E8C9B-A49F-450A-A55D-19BF97E3F9ED.PDF,data/raw/GDC Data Thyroid/gdc_download_20260123_154153.943271/f4e428d3-c170-4811-b145-ec1eaa96b4b2/nationwidechildrens.org_clinical.TCGA-KS-A4I7.xml,data/raw/GDC Data Thyroid/gdc_download_20260123_154153.943271/2d577bd2-477a-4d85-8379-e422edaced82/TCGA-KS-A4I7.819E8C9B-A49F-450A-A55D-19BF97E3F9ED.PDF,Papillary Thyroid Carcinoma,Classical,T1b,N0,M0,No ETE,R0,Unifocal,YES,4.0,0.0,yes,Left lobe,1.5,OK,No ETE,R0,Left lobe,YES,Left,No ETE_R0_Left_YES
TCGA-KS-A4I9,nationwidechildrens.org_clinical.TCGA-KS-A4I9.xml,TCGA-KS-A4I9.C4D74382-93BC-4798-83C5-DD669AD67794.PDF,data/raw/GDC Data Thyroid/gdc_download_20260123_154153.943271/3af0d6e1-c2dd-44f4-9945-cca0de7ab71c/nationwidechildrens.org_clinical.TCGA-KS-A4I9.xml,data/raw/GDC Data Thyroid/gdc_download_20260123_154153.943271/8776369b-23ff-48cd-b6e8-5652d0c5ba4e/TCGA-KS-A4I9.C4D74382-93BC-4798-83C5-DD669AD67794.PDF,Papillary Thyroid Carcinoma,Classical,T1b,N0,M0,No ETE,R0,Unifocal,YES,5.0,0.0,yes,Isthmus,1.7,OK,No ETE,R0,Isthmus,YES,Isthmus,No ETE_R0_Isthmus_YES
TCGA-KS-A4IB,nationwidechildrens.org_clinical.TCGA-KS-A4IB.xml,TCGA-KS-A4IB.53A2A6C2-4847-459F-8881-E4C37FEF9D9E.PDF,data/raw/GDC Data Thyroid/gdc_download_20260123_154153.943271/2aef3bbb-6334-47e3-9e6d-f262c17b678a/nationwidechildrens.org_clinical.TCGA-KS-A4IB.xml,data/raw/GDC Data Thyroid/gdc_download_20260123_154153.943271/16ec5faa-e3a4-486f-b6d7-d94e25839952/TCGA-KS-A4IB.53A2A6C2-4847-459F-8881-E4C37FEF9D9E.PDF,Papillary Thyroid Carcinoma,Classical,T2,N1,M0,No ETE,R0,Unifocal,YES,7.0,2.0,yes,Left lobe,3.2,OK,No ETE,R0,Left lobe,YES,Left,No ETE_R0_Left_YES
TCGA-L6-A4EP,nationwidechildrens.org_clinical.TCGA-L6-A4EP.xml,TCGA-L6-A4EP.9F0E20CB-BCF4-4C9D-AB94-792EE20D5033.PDF,data/raw/GDC Data Thyroid/gdc_download_20260123_154153.943271/54f8d8e8-45b8-40d4-b93e-a53e8bea1e72/nationwidechildrens.org_clinical.TCGA-L6-A4EP.xml,data/raw/GDC Data Thyroid/gdc_download_20260123_154153.943271/974f04bf-680f-4f9a-9f28-71f043aae85e/TCGA-L6-A4EP.9F0E20CB-BCF4-4C9D-AB94-792EE20D5033.PDF,Papillary Thyroid Carcinoma,Classical,T2,N0,M0,No ETE,R0,Unifocal,YES,1.0,0.0,yes,Right lobe,3.0,OK,No ETE,R0,Right lobe,YES,Right,No ETE_R0_Right_YES
TCGA-CE-A484,nationwidechildrens.org_clinical.TCGA-CE-A484.xml,TCGA-CE-A484.273EB66C-5921-40B5-A4B8-8383EA27ED4B.PDF,data/raw/GDC Data Thyroid/gdc_download_20260123_154153.943271/1bca780d-f9b9-45a4-90fa-a9240a1c4690/nationwidechildrens.org_clinical.TCGA-CE-A484.xml,data/raw/GDC Data Thyroid/gdc_download_20260123_154153.943271/53890556-8707-499e-a74f-2482a7e722f9/TCGA-CE-A484.273EB66C-5921-40B5-A4B8-8383EA27ED4B.PDF,Papillary Thyroid Carcinoma,Classical,T2,N1,M0,No ETE,R0,Unifocal,YES,4.0,2.0,yes,Right lobe,5.0,OK,No ETE,R0,Right lobe,YES,Right,No ETE_R0_Right_YES
TCGA-DE-A4MC,nationwidechildrens.org_clinical.TCGA-DE-A4MC.xml,TCGA-DE-A4MC.FAD65DE3-2C89-4A88-AB39-6B9B9BC0954C.PDF,data/raw/GDC Data Thyroid/gdc_download_20260123_154153.943271/5c7107f8-4e69-4a67-bc70-0961072002fd/nationwidechildrens.org_clinical.TCGA-DE-A4MC.xml,data/raw/GDC Data Thyroid/gdc_download_20260123_154153.943271/c481fcef-bd48-4410-80ae-d06d28a41c62/TCGA-DE-A4MC.FAD65DE3-2C89-4A88-AB39-6B9B9BC0954C.PDF,Papillary Thyroid Carcinoma,Classical,T3,N1b,M0,Microscopic,R0,Unifocal,YES,1.0,1.0,yes,Right lobe,2.8,OK,Microscopic,R0,Right lobe,YES,Right,Microscopic_R0_Right_YES
TCGA-DJ-A2PO,nationwidechildrens.org_clinical.TCGA-DJ-A2PO.xml,TCGA-DJ-A2PO.752F974A-53AA-4946-9994-E4E49EEE5AEC.PDF,data/raw/GDC Data Thyroid/gdc_download_20260123_154153.943271/9af91972-9101-4ca0-9a38-391c3a12e8ff/nationwidechildrens.org_clinical.TCGA-DJ-A2PO.xml,data/raw/GDC Data Thyroid/gdc_download_20260123_154153.943271/4bcbb096-ddf4-4b74-bae1-9c6f2a6c65f6/TCGA-DJ-A2PO.752F974A-53AA-4946-9994-E4E49EEE5AEC.PDF,Papillary Thyroid Carcinoma,Classical,T1a,N0,M0,No ETE,R0,Multifocal,YES,4.0,0.0,yes,Bilateral,0.6,OK,No ETE,R0,Bilateral,YES,Bilateral,No ETE_R0_Bilateral_YES
TCGA-DJ-A2PP,nationwidechildrens.org_clinical.TCGA-DJ-A2PP.xml,TCGA-DJ-A2PP.EE368CF1-9955-49B2-9EBA-3F6E37EE8D46.PDF,data/raw/GDC Data Thyroid/gdc_download_20260123_154153.943271/66155e82-96e4-4f39-8227-ba6c649b6182/nationwidechildrens.org_clinical.TCGA-DJ-A2PP.xml,data/raw/GDC Data Thyroid/gdc_download_20260123_154153.943271/3df97d8d-0edf-4105-92dd-543ebb8faa0d/TCGA-DJ-A2PP.EE368CF1-9955-49B2-9EBA-3F6E37EE8D46.PDF,Papillary Thyroid Carcinoma,Follicular,T2,N0,M0,No ETE,R0,Multifocal,YES,3.0,0.0,yes,Bilateral,3.6,OK,No ETE,R0,Bilateral,YES,Bilateral,No ETE_R0_Bilateral_YES
TCGA-DJ-A2PQ,nationwidechildrens.org_clinical.TCGA-DJ-A2PQ.xml,TCGA-DJ-A2PQ.54BC5DC2-5750-4B60-AFA2-89018B799420.PDF,data/raw/GDC Data Thyroid/gdc_download_20260123_154153.943271/28eaeadb-5231-46ee-b651-e40fc372010a/nationwidechildrens.org_clinical.TCGA-DJ-A2PQ.xml,data/raw/GDC Data Thyroid/gdc_download_20260123_154153.943271/7e10108f-bf49-43c9-b80f-826023af8908/TCGA-DJ-A2PQ.54BC5DC2-5750-4B60-AFA2-89018B799420.PDF,Papillary Thyroid Carcinoma,Classical,T2,N1a,M0,No ETE,R0,Unifocal,YES,12.0,7.0,yes,Left lobe,3.5,OK,No ETE,R0,Left lobe,YES,Left,No ETE_R0_Left_YES
TCGA-DJ-A2PU,nationwidechildrens.org_clinical.TCGA-DJ-A2PU.xml,TCGA-DJ-A2PU.AD5BA4BB-1EE5-4449-9942-79A097DE713A.PDF,data/raw/GDC Data Thyroid/gdc_download_20260123_154153.943271/769c8967-7b2f-45fc-b49e-ac5bbae44dcd/nationwidechildrens.org_clinical.TCGA-DJ-A2PU.xml,data/raw/GDC Data Thyroid/gdc_download_20260123_154153.943271/35fd212d-d735-4b7d-8593-a26d0043a1fe/TCGA-DJ-A2PU.AD5BA4BB-1EE5-4449-9942-79A097DE713A.PDF,Papillary Thyroid Carcinoma,Classical,T2,N0,M0,No ETE,R0,Multifocal,YES,1.0,0.0,yes,Bilateral,2.8,OK,No ETE,R0,Bilateral,YES,Bilateral,No ETE_R0_Bilateral_YES
TCGA-DJ-A2PV,nationwidechildrens.org_clinical.TCGA-DJ-A2PV.xml,TCGA-DJ-A2PV.C1CBFF56-4A0E-4A36-AAA2-2A316C62E00E.PDF,data/raw/GDC Data Thyroid/gdc_download_20260123_154153.943271/512a1900-6984-49ba-b7ff-9990138f6df9/nationwidechildrens.org_clinical.TCGA-DJ-A2PV.xml,data/raw/GDC Data Thyroid/gdc_download_20260123_154153.943271/beefacde-cdac-4170-b0e1-79347381ef8d/TCGA-DJ-A2PV.C1CBFF56-4A0E-4A36-AAA2-2A316C62E00E.PDF,Papillary Thyroid Carcinoma,Classical,T2,N0,M0,No ETE,R0,Multifocal,YES,7.0,0.0,yes,Bilateral,3.4,OK,No ETE,R0,Bilateral,YES,Bilateral,No ETE_R0_Bilateral_YES
TCGA-DJ-A2Q4,nationwidechildrens.org_clinical.TCGA-DJ-A2Q4.xml,TCGA-DJ-A2Q4.14A0CB22-0735-472B-910E-950B51DF9B1C.PDF,data/raw/GDC Data Thyroid/gdc_download_20260123_154153.943271/a773f2c5-eb93-4c97-bf8a-28dd64f0c234/nationwidechildrens.org_clinical.TCGA-DJ-A2Q4.xml,data/raw/GDC Data Thyroid/gdc_download_20260123_154153.943271/ce891fde-637b-445d-aa7a-42aaeefcbefa/TCGA-DJ-A2Q4.14A0CB22-0735-472B-910E-950B51DF9B1C.PDF,Papillary Thyroid Carcinoma,Classical,T1b,N1a,M0,No ETE,R0,Multifocal,YES,10.0,1.0,yes,Bilateral,1.3,OK,No ETE,R0,Bilateral,YES,Bilateral,No ETE_R0_Bilateral_YES
TCGA-DJ-A2Q9,nationwidechildrens.org_clinical.TCGA-DJ-A2Q9.xml,TCGA-DJ-A2Q9.37E0F0C8-2294-4F1B-AE62-DB3BD888575B.PDF,data/raw/GDC Data Thyroid/gdc_download_20260123_154153.943271/52970fae-3ead-4fd0-94aa-1711bbbd42f2/nationwidechildrens.org_clinical.TCGA-DJ-A2Q9.xml,data/raw/GDC Data Thyroid/gdc_download_20260123_154153.943271/9cd04f3a-c1cb-49a8-82a2-f920ac372f24/TCGA-DJ-A2Q9.37E0F0C8-2294-4F1B-AE62-DB3BD888575B.PDF,Papillary Thyroid Carcinoma,Tall Cell,T1b,N1a,M0,No ETE,R0,Multifocal,YES,5.0,1.0,yes,Right lobe,1.5,OK,No ETE,R0,Right lobe,YES,Right,No ETE_R0_Right_YES
TCGA-DJ-A2QA,nationwidechildrens.org_clinical.TCGA-DJ-A2QA.xml,TCGA-DJ-A2QA.E3CC8058-B202-4433-8597-6BD196D04AAC.PDF,data/raw/GDC Data Thyroid/gdc_download_20260123_154153.943271/ba70b673-abed-4e6b-a78c-53da709b8af5/nationwidechildrens.org_clinical.TCGA-DJ-A2QA.xml,data/raw/GDC Data Thyroid/gdc_download_20260123_154153.943271/941ad713-b3d1-46c7-94df-224634ed0c90/TCGA-DJ-A2QA.E3CC8058-B202-4433-8597-6BD196D04AAC.PDF,Papillary Thyroid Carcinoma,Follicular,T3,N0,M0,Microscopic,R0,Multifocal,YES,1.0,0.0,yes,Bilateral,1.3,OK,Microscopic,R0,Bilateral,YES,Bilateral,Microscopic_R0_Bilateral_YES
TCGA-DJ-A3UO,nationwidechildrens.org_clinical.TCGA-DJ-A3UO.xml,TCGA-DJ-A3UO.53819A9B-A594-445D-BD36-BB29B7FC0607.PDF,data/raw/GDC Data Thyroid/gdc_download_20260123_154153.943271/32fb1356-1e41-4efd-9383-18ad616851e8/nationwidechildrens.org_clinical.TCGA-DJ-A3UO.xml,data/raw/GDC Data Thyroid/gdc_download_20260123_154153.943271/82d934be-28f1-4153-8cc3-dc9868be0ee4/TCGA-DJ-A3UO.53819A9B-A594-445D-BD36-BB29B7FC0607.PDF,Papillary Thyroid Carcinoma,Classical,T3,N1b,M0,Microscopic,R0,Multifocal,YES,25.0,6.0,yes,Bilateral,2.8,OK,Microscopic,R0,Bilateral,YES,Bilateral,Microscopic_R0_Bilateral_YES
TCGA-DJ-A3V2,nationwidechildrens.org_clinical.TCGA-DJ-A3V2.xml,TCGA-DJ-A3V2.7F24A721-5F52-4FEE-B832-3CC0614C9E46.PDF,data/raw/GDC Data Thyroid/gdc_download_20260123_154153.943271/7d2eaa66-285b-41b8-92dc-810e61a04389/nationwidechildrens.org_clinical.TCGA-DJ-A3V2.xml,data/raw/GDC Data Thyroid/gdc_download_20260123_154153.943271/b3b16c85-bfa8-492f-843e-03d8fbd501f9/TCGA-DJ-A3V2.7F24A721-5F52-4FEE-B832-3CC0614C9E46.PDF,Papillary Thyroid Carcinoma,Classical,T2,N1a,M0,No ETE,R0,Multifocal,YES,4.0,1.0,yes,Bilateral,2.1,OK,No ETE,R0,Bilateral,YES,Bilateral,No ETE_R0_Bilateral_YES
TCGA-DJ-A3VA,nationwidechildrens.org_clinical.TCGA-DJ-A3VA.xml,TCGA-DJ-A3VA.A92EF72D-7397-4DB3-9DBF-CCADD9DA8DE2.PDF,data/raw/GDC Data Thyroid/gdc_download_20260123_154153.943271/0d80cae0-b111-4dc5-81e6-16aba0c3f5db/nationwidechildrens.org_clinical.TCGA-DJ-A3VA.xml,data/raw/GDC Data Thyroid/gdc_download_20260123_154153.943271/377fc6dd-a51f-45fb-8111-2b1007dfb495/TCGA-DJ-A3VA.A92EF72D-7397-4DB3-9DBF-CCADD9DA8DE2.PDF,Papillary Thyroid Carcinoma,Classical,T1b,N1a,M0,No ETE,R0,Multifocal,YES,28.0,1.0,yes,Left lobe,2.0,OK,No ETE,R0,Left lobe,YES,Left,No ETE_R0_Left_YES
TCGA-DO-A1K0,nationwidechildrens.org_clinical.TCGA-DO-A1K0.xml,TCGA-DO-A1K0.FB43CFF1-85FF-46D6-BCE2-221B2854A390.PDF,data/raw/GDC Data Thyroid/gdc_download_20260123_154153.943271/28302516-be45-422b-b956-f3a9d0483894/nationwidechildrens.org_clinical.TCGA-DO-A1K0.xml,data/raw/GDC Data Thyroid/gdc_download_20260123_154153.943271/9c4b0a71-628b-4029-89cb-665fc54ba833/TCGA-DO-A1K0.FB43CFF1-85FF-46D6-BCE2-221B2854A390.PDF,Papillary Thyroid Carcinoma,Classical,T3,N1b,MX,Microscopic,R0,Multifocal,YES,14.0,9.0,yes,Bilateral,4.2,OK,Microscopic,R0,Bilateral,YES,Bilateral,Microscopic_R0_Bilateral_YES
TCGA-E8-A416,nationwidechildrens.org_clinical.TCGA-E8-A416.xml,TCGA-E8-A416.EC98D84D-CD30-4F1A-A262-2D835764A111.PDF,data/raw/GDC Data Thyroid/gdc_download_20260123_154153.943271/39074ab2-aae1-46f7-9606-4b9101f418b4/nationwidechildrens.org_clinical.TCGA-E8-A416.xml,data/raw/GDC Data Thyroid/gdc_download_20260123_154153.943271/6a123704-e7fc-4226-aaf1-8c08262084a8/TCGA-E8-A416.EC98D84D-CD30-4F1A-A262-2D835764A111.PDF,Papillary Thyroid Carcinoma,Classical,T1b,N0,M0,No ETE,R0,Unifocal,NO,,,no,Left lobe,1.5,OK,No ETE,R0,Left lobe,NO,Left,No ETE_R0_Left_NO
TCGA-EL-A3CL,nationwidechildrens.org_clinical.TCGA-EL-A3CL.xml,TCGA-EL-A3CL.321767E5-697C-4958-9766-F25745B3D1D5.PDF,data/raw/GDC Data Thyroid/gdc_download_20260123_154153.943271/0b483966-a4d9-4315-8835-65068c60219a/nationwidechildrens.org_clinical.TCGA-EL-A3CL.xml,data/raw/GDC Data Thyroid/gdc_download_20260123_154153.943271/8c14dfaf-4f36-4e3b-aef3-58e3a2616fb2/TCGA-EL-A3CL.321767E5-697C-4958-9766-F25745B3D1D5.PDF,Papillary Thyroid Carcinoma,Classical,T2,NX,M0,No ETE,R0,Unifocal,NO,,,no,Isthmus,3.0,OK,No ETE,R0,Isthmus,NO,Isthmus,No ETE_R0_Isthmus_NO
TCGA-EL-A3T3,nationwidechildrens.org_clinical.TCGA-EL-A3T3.xml,TCGA-EL-A3T3.B2D489F2-AD1C-4D77-A077-E90BDB21546A.PDF,data/raw/GDC Data Thyroid/gdc_download_20260123_154153.943271/5b1339cf-c407-43ca-b43e-9e78f113e03f/nationwidechildrens.org_clinical.TCGA-EL-A3T3.xml,data/raw/GDC Data Thyroid/gdc_download_20260123_154153.943271/a7d83797-37e5-4331-b5bd-8426f5c17c0d/TCGA-EL-A3T3.B2D489F2-AD1C-4D77-A077-E90BDB21546A.PDF,Papillary Thyroid Carcinoma,Classical,T2,N0,M0,No ETE,R0,Unifocal,NO,,,no,Left lobe,3.5,OK,No ETE,R0,Left lobe,NO,Left,No ETE_R0_Left_NO
TCGA-EL-A3ZM,nationwidechildrens.org_clinical.TCGA-EL-A3ZM.xml,TCGA-EL-A3ZM.66FF897A-C66C-486F-B72F-D06F8F35B89D.PDF,data/raw/GDC Data Thyroid/gdc_download_20260123_154153.943271/52788636-13f3-4eda-8efe-c7e09efb9a64/nationwidechildrens.org_clinical.TCGA-EL-A3ZM.xml,data/raw/GDC Data Thyroid/gdc_download_20260123_154153.943271/cf9848d8-77e1-44ef-b9f1-0dd5c2d82aaf/TCGA-EL-A3ZM.66FF897A-C66C-486F-B72F-D06F8F35B89D.PDF,Papillary Thyroid Carcinoma,Classical,T4a,N1,M0,Gross,R1,Unifocal,YES,27.0,7.0,yes,Right lobe,5.7,OK,Gross,R1,Right lobe,YES,Right,Gross_R1_Right_YES
TCGA-EL-A3ZT,nationwidechildrens.org_clinical.TCGA-EL-A3ZT.xml,TCGA-EL-A3ZT.F19BB96F-31BF-466F-B1FB-0CBB1EE89A88.PDF,data/raw/GDC Data Thyroid/gdc_download_20260123_154153.943271/fc08ffee-637a-47f6-84a6-0cd224c508ce/nationwidechildrens.org_clinical.TCGA-EL-A3ZT.xml,data/raw/GDC Data Thyroid/gdc_download_20260123_154153.943271/eeaaf6a4-63e4-43ee-90c5-995a6e178958/TCGA-EL-A3ZT.F19BB96F-31BF-466F-B1FB-0CBB1EE89A88.PDF,Papillary Thyroid Carcinoma,Classical,T3,N0,M0,Microscopic,R0,Unifocal,NO,,,no,Left lobe,2.5,OK,Microscopic,R0,Left lobe,NO,Left,Microscopic_R0_Left_NO
TCGA-EM-A22L,nationwidechildrens.org_clinical.TCGA-EM-A22L.xml,TCGA-EM-A22L.D48FB953-758B-4515-B244-09DCACD29441.PDF,data/raw/GDC Data Thyroid/gdc_download_20260123_154153.943271/13870524-1c99-419e-af13-b325e24df544/nationwidechildrens.org_clinical.TCGA-EM-A22L.xml,data/raw/GDC Data Thyroid/gdc_download_20260123_154153.943271/8484c278-c5fc-459d-82ff-f885785ea0e3/TCGA-EM-A22L.D48FB953-758B-4515-B244-09DCACD29441.PDF,Papillary Thyroid Carcinoma,Follicular,T2,N0,MX,No ETE,R0,Multifocal,YES,1.0,0.0,yes,Right lobe,2.2,OK,No ETE,R0,Right lobe,YES,Right,No ETE_R0_Right_YES
TCGA-EM-A2P1,nationwidechildrens.org_clinical.TCGA-EM-A2P1.xml,TCGA-EM-A2P1.9B10FFED-BCE2-4DDB-AD28-E8FB9708DB1A.PDF,data/raw/GDC Data Thyroid/gdc_download_20260123_154153.943271/bec3a792-096c-41fc-a403-4e5c841be3af/nationwidechildrens.org_clinical.TCGA-EM-A2P1.xml,data/raw/GDC Data Thyroid/gdc_download_20260123_154153.943271/a456e373-7657-4215-90f0-7a7fdbe68bbd/TCGA-EM-A2P1.9B10FFED-BCE2-4DDB-AD28-E8FB9708DB1A.PDF,Papillary Thyroid Carcinoma,Classical,T2,N1b,MX,No ETE,R0,Multifocal,YES,54.0,15.0,yes,Left lobe,3.1,OK,No ETE,R0,Left lobe,YES,Left,No ETE_R0_Left_YES
TCGA-EM-A3FK,nationwidechildrens.org_clinical.TCGA-EM-A3FK.xml,TCGA-EM-A3FK.A1ED1E7A-FCA0-4F32-9687-88855105E262.PDF,data/raw/GDC Data Thyroid/gdc_download_20260123_154153.943271/c6131824-5aa6-458a-8623-18ae86268d0e/nationwidechildrens.org_clinical.TCGA-EM-A3FK.xml,data/raw/GDC Data Thyroid/gdc_download_20260123_154153.943271/bd0df57c-34bc-4726-8228-1bc4c0fd7bc7/TCGA-EM-A3FK.A1ED1E7A-FCA0-4F32-9687-88855105E262.PDF,Papillary Thyroid Carcinoma,Classical,T1b,N1b,MX,No ETE,R0,Multifocal,YES,25.0,17.0,yes,Isthmus,1.2,OK,No ETE,R0,Isthmus,YES,Isthmus,No ETE_R0_Isthmus_YES
TCGA-EM-A3O3,nationwidechildrens.org_clinical.TCGA-EM-A3O3.xml,TCGA-EM-A3O3.5595A0A9-FD0D-4F79-8DE5-28DC37C96C68.PDF,data/raw/GDC Data Thyroid/gdc_download_20260123_154153.943271/842a6ba3-1a9a-45c9-98d2-8b4f4ac78978/nationwidechildrens.org_clinical.TCGA-EM-A3O3.xml,data/raw/GDC Data Thyroid/gdc_download_20260123_154153.943271/a8875708-0f24-4c51-b257-0d70e225ba01/TCGA-EM-A3O3.5595A0A9-FD0D-4F79-8DE5-28DC37C96C68.PDF,Papillary Thyroid Carcinoma,Classical,T2,N1a,MX,No ETE,R0,Unifocal,YES,16.0,3.0,yes,Right lobe,3.1,OK,No ETE,R0,Right lobe,YES,Right,No ETE_R0_Right_YES
TCGA-ET-A25K,nationwidechildrens.org_clinical.TCGA-ET-A25K.xml,TCGA-ET-A25K.2BBDC29D-287A-4275-8B15-C2074EEA1243.PDF,data/raw/GDC Data Thyroid/gdc_download_20260123_154153.943271/e9cbac74-5109-460d-bf4f-a8c6ded8a974/nationwidechildrens.org_clinical.TCGA-ET-A25K.xml,data/raw/GDC Data Thyroid/gdc_download_20260123_154153.943271/4ae3f766-53be-4784-8197-c8c125887cd0/TCGA-ET-A25K.2BBDC29D-287A-4275-8B15-C2074EEA1243.PDF,Papillary Thyroid Carcinoma,Classical,T2,N1a,MX,No ETE,R0,Multifocal,YES,11.0,3.0,yes,Right lobe,2.5,OK,No ETE,R0,Right lobe,YES,Right,No ETE_R0_Right_YES
TCGA-ET-A25L,nationwidechildrens.org_clinical.TCGA-ET-A25L.xml,TCGA-ET-A25L.16B69890-694B-4489-BF48-F1EDC6776C29.PDF,data/raw/GDC Data Thyroid/gdc_download_20260123_154153.943271/eaa0955f-2d39-4194-bd9e-ceb0492b2454/nationwidechildrens.org_clinical.TCGA-ET-A25L.xml,data/raw/GDC Data Thyroid/gdc_download_20260123_154153.943271/00749713-387d-4bae-8b25-895c8a7deb1b/TCGA-ET-A25L.16B69890-694B-4489-BF48-F1EDC6776C29.PDF,Papillary Thyroid Carcinoma,Tall Cell,T3,N1b,MX,Microscopic,R1,Unifocal,YES,12.0,2.0,yes,Left lobe,3.0,OK,Microscopic,R1,Left lobe,YES,Left,Microscopic_R1_Left_YES
TCGA-ET-A2MY,nationwidechildrens.org_clinical.TCGA-ET-A2MY.xml,TCGA-ET-A2MY.E90820AD-FDE0-40AD-B8C3-F5452941AFBD.PDF,data/raw/GDC Data Thyroid/gdc_download_20260123_154153.943271/03af4996-a0db-4324-81d1-b13458c726d5/nationwidechildrens.org_clinical.TCGA-ET-A2MY.xml,data/raw/GDC Data Thyroid/gdc_download_20260123_154153.943271/9f43340f-465d-4a24-88ac-545eeeff7e07/TCGA-ET-A2MY.E90820AD-FDE0-40AD-B8C3-F5452941AFBD.PDF,Papillary Thyroid Carcinoma,Classical,T1b,NX,MX,No ETE,R0,Unifocal,NO,,,no,Right lobe,1.3,OK,No ETE,R0,Right lobe,NO,Right,No ETE_R0_Right_NO
TCGA-ET-A39N,nationwidechildrens.org_clinical.TCGA-ET-A39N.xml,TCGA-ET-A39N.005A9931-5051-4739-AA85-86238410CEC4.PDF,data/raw/GDC Data Thyroid/gdc_download_20260123_154153.943271/d6dc2c2a-09d8-4485-bffe-86d0325429a3/nationwidechildrens.org_clinical.TCGA-ET-A39N.xml,data/raw/GDC Data Thyroid/gdc_download_20260123_154153.943271/3f72d667-ef0c-440b-8f3f-3768aa8b1681/TCGA-ET-A39N.005A9931-5051-4739-AA85-86238410CEC4.PDF,Papillary Thyroid Carcinoma,Classical,T3,NX,MX,No ETE,R0,Unifocal,NO,,,no,Right lobe,5.0,OK,No ETE,R0,Right lobe,NO,Right,No ETE_R0_Right_NO
TCGA-ET-A4KN,nationwidechildrens.org_clinical.TCGA-ET-A4KN.xml,TCGA-ET-A4KN.440686B6-A7D3-4817-9CBB-2C0CEA3C440D.PDF,data/raw/GDC Data Thyroid/gdc_download_20260123_154153.943271/e69b7fba-8183-4d67-a176-3a209c15befc/nationwidechildrens.org_clinical.TCGA-ET-A4KN.xml,data/raw/GDC Data Thyroid/gdc_download_20260123_154153.943271/753aa21a-ab01-4ff4-8db6-b61d91a383fe/TCGA-ET-A4KN.440686B6-A7D3-4817-9CBB-2C0CEA3C440D.PDF,Papillary Thyroid Carcinoma,Tall Cell,T3,N0,MX,Microscopic,R0,Unifocal,YES,4.0,0.0,yes,Right lobe,2.0,OK,Microscopic,R0,Right lobe,YES,Right,Microscopic_R0_Right_YES
TCGA-FE-A232,nationwidechildrens.org_clinical.TCGA-FE-A232.xml,TCGA-FE-A232.B06679A8-F5E6-42AD-AE62-EB08C37B5033.PDF,data/raw/GDC Data Thyroid/gdc_download_20260123_154153.943271/bf622556-56d4-4c5f-a7ad-d68f8373604d/nationwidechildrens.org_clinical.TCGA-FE-A232.xml,data/raw/GDC Data Thyroid/gdc_download_20260123_154153.943271/a8b346dd-bc86-4a41-b5fe-5cc7de2c7ad3/TCGA-FE-A232.B06679A8-F5E6-42AD-AE62-EB08C37B5033.PDF,Papillary Thyroid Carcinoma,Classical,T3,NX,MX,Microscopic,R0,Unifocal,NO,0.0,0.0,no,Right lobe,3.5,OK,Microscopic,R0,Right lobe,NO,Right,Microscopic_R0_Right_NO
TCGA-FE-A3PD,nationwidechildrens.org_clinical.TCGA-FE-A3PD.xml,TCGA-FE-A3PD.F8EB4396-7186-41BA-B4BD-9BE38ED4B9E6.PDF,data/raw/GDC Data Thyroid/gdc_download_20260123_154153.943271/13b280e5-5b03-4107-b441-afe43c0c532d/nationwidechildrens.org_clinical.TCGA-FE-A3PD.xml,data/raw/GDC Data Thyroid/gdc_download_20260123_154153.943271/65291aec-af67-43a6-8107-86cd47a45a3d/TCGA-FE-A3PD.F8EB4396-7186-41BA-B4BD-9BE38ED4B9E6.PDF,Papillary Thyroid Carcinoma,Follicular,T2,N0,MX,No ETE,R0,Unifocal,YES,3.0,0.0,yes,Left lobe,2.3,OK,No ETE,R0,Left lobe,YES,Left,No ETE_R0_Left_YES
TCGA-FK-A3SH,nationwidechildrens.org_clinical.TCGA-FK-A3SH.xml,TCGA-FK-A3SH.0BFE6CA6-DA46-4162-A403-3F51F9F9EABA.PDF,data/raw/GDC Data Thyroid/gdc_download_20260123_154153.943271/73e4ae50-fa51-4542-91cf-b481120d98c9/nationwidechildrens.org_clinical.TCGA-FK-A3SH.xml,data/raw/GDC Data Thyroid/gdc_download_20260123_154153.943271/f86d745e-0c00-449a-a318-448fdd66a081/TCGA-FK-A3SH.0BFE6CA6-DA46-4162-A403-3F51F9F9EABA.PDF,Papillary Thyroid Carcinoma,Classical,T2,N1a,MX,No ETE,R0,Multifocal,YES,8.0,2.0,yes,Bilateral,3.0,OK,No ETE,R0,Bilateral,YES,Bilateral,No ETE_R0_Bilateral_YES
TCGA-FY-A4B4,nationwidechildrens.org_clinical.TCGA-FY-A4B4.xml,TCGA-FY-A4B4.AA3D281C-3066-4E7E-8ECC-67708FBD5173.PDF,data/raw/GDC Data Thyroid/gdc_download_20260123_154153.943271/5bba9d4f-c516-4ec3-859c-9a67c696f17d/nationwidechildrens.org_clinical.TCGA-FY-A4B4.xml,data/raw/GDC Data Thyroid/gdc_download_20260123_154153.943271/61a382d6-6f2b-4087-a66e-d10e0055b757/TCGA-FY-A4B4.AA3D281C-3066-4E7E-8ECC-67708FBD5173.PDF,Papillary Thyroid Carcinoma,Classical,T1b,N1a,MX,No ETE,R1,Unifocal,YES,3.0,2.0,yes,Right lobe,1.8,OK,No ETE,R1,Right lobe,YES,Right,No ETE_R1_Right_YES
TCGA-IM-A3EB,nationwidechildrens.org_clinical.TCGA-IM-A3EB.xml,TCGA-IM-A3EB.22185BE8-EB63-43CE-AC8C-93BBD20A8570.PDF,data/raw/GDC Data Thyroid/gdc_download_20260123_154153.943271/563a18e8-f79d-4fd0-b2b0-367d91689a12/nationwidechildrens.org_clinical.TCGA-IM-A3EB.xml,data/raw/GDC Data Thyroid/gdc_download_20260123_154153.943271/196cb99c-7c11-4112-a854-2e4ead93920f/TCGA-IM-A3EB.22185BE8-EB63-43CE-AC8C-93BBD20A8570.PDF,Papillary Thyroid Carcinoma,Classical,T3,N1a,MX,Microscopic,R0,Unifocal,YES,12.0,3.0,yes,Right lobe,3.0,OK,Microscopic,R0,Right lobe,YES,Right,Microscopic_R0_Right_YES
TCGA-J8-A3YE,nationwidechildrens.org_clinical.TCGA-J8-A3YE.xml,TCGA-J8-A3YE.79B8945B-D78D-424C-BACE-32042C7D2D8A.PDF,data/raw/GDC Data Thyroid/gdc_download_20260123_154153.943271/3198da0d-6a0b-43fe-8b01-496182baf02c/nationwidechildrens.org_clinical.TCGA-J8-A3YE.xml,data/raw/GDC Data Thyroid/gdc_download_20260123_154153.943271/0421d8ab-3537-455a-a4ac-1c358af8c2fd/TCGA-J8-A3YE.79B8945B-D78D-424C-BACE-32042C7D2D8A.PDF,Papillary Thyroid Carcinoma,Classical,T3,N1,M0,Microscopic,R0,Unifocal,YES,4.0,1.0,yes,Left lobe,3.5,OK,Microscopic,R0,Left lobe,YES,Left,Microscopic_R0_Left_YES
TCGA-J8-A3YF,nationwidechildrens.org_clinical.TCGA-J8-A3YF.xml,TCGA-J8-A3YF.5098FC1F-A851-413D-80CA-FF512E458B26.PDF,data/raw/GDC Data Thyroid/gdc_download_20260123_154153.943271/20904989-9dc9-4154-a983-3d039974be38/nationwidechildrens.org_clinical.TCGA-J8-A3YF.xml,data/raw/GDC Data Thyroid/gdc_download_20260123_154153.943271/2e84f926-8052-48b0-912b-b78dfd37f2a8/TCGA-J8-A3YF.5098FC1F-A851-413D-80CA-FF512E458B26.PDF,Papillary Thyroid Carcinoma,Classical,T1,N1,M0,No ETE,R0,Multifocal,YES,21.0,1.0,yes,Bilateral,0.5,OK,No ETE,R0,Bilateral,YES,Bilateral,No ETE_R0_Bilateral_YES
TCGA-MK-A4N7,nationwidechildrens.org_clinical.TCGA-MK-A4N7.xml,TCGA-MK-A4N7.B7266F91-4475-488E-B0B9-21716FED9805.PDF,data/raw/GDC Data Thyroid/gdc_download_20260123_154153.943271/30f24eea-ba70-40f7-9f2e-dee00db3418a/nationwidechildrens.org_clinical.TCGA-MK-A4N7.xml,data/raw/GDC Data Thyroid/gdc_download_20260123_154153.943271/7a342d59-965c-42d3-9af7-1811e600804b/TCGA-MK-A4N7.B7266F91-4475-488E-B0B9-21716FED9805.PDF,Papillary Thyroid Carcinoma,Classical,T2,N0,M0,No ETE,R0,Unifocal,YES,2.0,0.0,yes,Isthmus,2.5,OK,No ETE,R0,Isthmus,YES,Isthmus,No ETE_R0_Isthmus_YES
TCGA-CE-A481,nationwidechildrens.org_clinical.TCGA-CE-A481.xml,TCGA-CE-A481.519EA683-0FCE-4DBF-A103-AE7EC565D237.PDF,data/raw/GDC Data Thyroid/gdc_download_20260123_154153.943271/94b87eff-7839-4ee3-ba98-2cff8711fd2e/nationwidechildrens.org_clinical.TCGA-CE-A481.xml,data/raw/GDC Data Thyroid/gdc_download_20260123_154153.943271/c7fed5aa-afd8-44e0-9aaf-10b3e30b14f9/TCGA-CE-A481.519EA683-0FCE-4DBF-A103-AE7EC565D237.PDF,Papillary Thyroid Carcinoma,Classical,T1,N0,M0,No ETE,R0,Unifocal,NO,,,no,Left lobe,1.5,OK,No ETE,R0,Left lobe,NO,Left,No ETE_R0_Left_NO
TCGA-DE-A0XZ,nationwidechildrens.org_clinical.TCGA-DE-A0XZ.xml,TCGA-DE-A0XZ.DDD69861-E047-4D17-862A-06626959C9AD.PDF,data/raw/GDC Data Thyroid/gdc_download_20260123_154153.943271/e7b063e1-1f57-4bd5-915f-ac78a13c2286/nationwidechildrens.org_clinical.TCGA-DE-A0XZ.xml,data/raw/GDC Data Thyroid/gdc_download_20260123_154153.943271/4d2aa0c0-76a6-43ff-9e87-b5bf9a9fe5ae/TCGA-DE-A0XZ.DDD69861-E047-4D17-862A-06626959C9AD.PDF,Papillary Thyroid Carcinoma,Classical,T1,N1a,M0,No ETE,R0,Multifocal,YES,7.0,5.0,yes,Right lobe,2.0,OK,No ETE,R0,Right lobe,YES,Right,No ETE_R0_Right_YES
TCGA-DE-A69K,nationwidechildrens.org_clinical.TCGA-DE-A69K.xml,TCGA-DE-A69K.4AD8C17F-1301-4FF4-9B71-257AEFDE5484.PDF,data/raw/GDC Data Thyroid/gdc_download_20260123_154153.943271/1d452be1-d9d5-476e-8273-486264b65aff/nationwidechildrens.org_clinical.TCGA-DE-A69K.xml,data/raw/GDC Data Thyroid/gdc_download_20260123_154153.943271/eee0aab5-72ec-4d2e-94b2-7b1db457b3ae/TCGA-DE-A69K.4AD8C17F-1301-4FF4-9B71-257AEFDE5484.PDF,Papillary Thyroid Carcinoma,Classical,T3,N0,M0,Microscopic,R1,Multifocal,YES,4.0,0.0,yes,Right lobe,3.1,OK,Microscopic,R1,Right lobe,YES,Right,Microscopic_R1_Right_YES
TCGA-DJ-A13M,nationwidechildrens.org_clinical.TCGA-DJ-A13M.xml,TCGA-DJ-A13M.F7271934-A7FC-4BF5-A45A-5296AD308007.PDF,data/raw/GDC Data Thyroid/gdc_download_20260123_154153.943271/0469cb53-abd2-4cdc-9a22-4d8c83ce018c/nationwidechildrens.org_clinical.TCGA-DJ-A13M.xml,data/raw/GDC Data Thyroid/gdc_download_20260123_154153.943271/3685e07e-22ce-4b8c-a425-60c162a67486/TCGA-DJ-A13M.F7271934-A7FC-4BF5-A45A-5296AD308007.PDF,Papillary Thyroid Carcinoma,Follicular,T1b,N0,M0,No ETE,R0,Multifocal,YES,5.0,0.0,yes,Left lobe,2.0,OK,No ETE,R0,Left lobe,YES,Left,No ETE_R0_Left_YES
TCGA-DJ-A13O,nationwidechildrens.org_clinical.TCGA-DJ-A13O.xml,TCGA-DJ-A13O.607A9AB4-E9E6-434A-AF81-C11035C93174.PDF,data/raw/GDC Data Thyroid/gdc_download_20260123_154153.943271/f9b8f276-b5e9-4849-8cfd-c3c3b1bbb48c/nationwidechildrens.org_clinical.TCGA-DJ-A13O.xml,data/raw/GDC Data Thyroid/gdc_download_20260123_154153.943271/e01d7265-9c03-442e-b8bf-99f6e7fb66c9/TCGA-DJ-A13O.607A9AB4-E9E6-434A-AF81-C11035C93174.PDF,Papillary Thyroid Carcinoma,Classical,T1b,N0,M0,No ETE,R0,Unifocal,YES,6.0,0.0,yes,Right lobe,1.1,OK,No ETE,R0,Right lobe,YES,Right,No ETE_R0_Right_YES
TCGA-DJ-A13T,nationwidechildrens.org_clinical.TCGA-DJ-A13T.xml,TCGA-DJ-A13T.F5E0C7C9-0A8A-464A-A33F-00CA59772698.PDF,data/raw/GDC Data Thyroid/gdc_download_20260123_154153.943271/89c422e2-5e0c-452b-a442-585c48501149/nationwidechildrens.org_clinical.TCGA-DJ-A13T.xml,data/raw/GDC Data Thyroid/gdc_download_20260123_154153.943271/90a962ed-42df-4ec2-ab62-df68571abcc9/TCGA-DJ-A13T.F5E0C7C9-0A8A-464A-A33F-00CA59772698.PDF,Papillary Thyroid Carcinoma,Classical,T2,N0,M0,No ETE,R0,Multifocal,YES,7.0,0.0,yes,Right lobe,2.2,OK,No ETE,R0,Right lobe,YES,Right,No ETE_R0_Right_YES
TCGA-DJ-A13U,nationwidechildrens.org_clinical.TCGA-DJ-A13U.xml,TCGA-DJ-A13U.323C8F8C-9AFC-49D5-B5A2-B2543EB73A31.PDF,data/raw/GDC Data Thyroid/gdc_download_20260123_154153.943271/d8caf668-c7c5-4886-9e78-3c4294d4ac02/nationwidechildrens.org_clinical.TCGA-DJ-A13U.xml,data/raw/GDC Data Thyroid/gdc_download_20260123_154153.943271/807af301-bdb6-41fb-89a9-5d570488d976/TCGA-DJ-A13U.323C8F8C-9AFC-49D5-B5A2-B2543EB73A31.PDF,Papillary Thyroid Carcinoma,Classical,T3,N0,M0,Microscopic,R0,Unifocal,NO,,,no,Right lobe,1.1,OK,Microscopic,R0,Right lobe,NO,Right,Microscopic_R0_Right_NO
TCGA-DJ-A13V,nationwidechildrens.org_clinical.TCGA-DJ-A13V.xml,TCGA-DJ-A13V.5967D6EE-E853-4756-85D0-69BA833680D8.PDF,data/raw/GDC Data Thyroid/gdc_download_20260123_154153.943271/97795c98-61f4-40f9-a088-6b075b80c986/nationwidechildrens.org_clinical.TCGA-DJ-A13V.xml,data/raw/GDC Data Thyroid/gdc_download_20260123_154153.943271/cac59695-e874-4ca5-9b73-f90fa9781e24/TCGA-DJ-A13V.5967D6EE-E853-4756-85D0-69BA833680D8.PDF,Papillary Thyroid Carcinoma,Classical,T3,N1a,M0,Microscopic,R0,Multifocal,YES,20.0,8.0,yes,Left lobe,2.9,OK,Microscopic,R0,Left lobe,YES,Left,Microscopic_R0_Left_YES
TCGA-DJ-A13W,nationwidechildrens.org_clinical.TCGA-DJ-A13W.xml,TCGA-DJ-A13W.00FB68C5-7946-4E69-9019-4E8BF9EB6A94.PDF,data/raw/GDC Data Thyroid/gdc_download_20260123_154153.943271/9702b7f5-6ec4-4cc4-a68f-3702f7d10dc5/nationwidechildrens.org_clinical.TCGA-DJ-A13W.xml,data/raw/GDC Data Thyroid/gdc_download_20260123_154153.943271/29d92259-0c3c-4c1b-8713-b790b1225dca/TCGA-DJ-A13W.00FB68C5-7946-4E69-9019-4E8BF9EB6A94.PDF,Papillary Thyroid Carcinoma,Follicular,T1b,N0,M0,No ETE,R0,Multifocal,YES,3.0,0.0,yes,Left lobe,2.0,OK,No ETE,R0,Left lobe,YES,Left,No ETE_R0_Left_YES
TCGA-DJ-A1QI,nationwidechildrens.org_clinical.TCGA-DJ-A1QI.xml,TCGA-DJ-A1QI.D81A9CFF-AF3D-4657-9B75-41E72E084286.PDF,data/raw/GDC Data Thyroid/gdc_download_20260123_154153.943271/047bb96c-e4ca-4172-9c95-04b217d73cfc/nationwidechildrens.org_clinical.TCGA-DJ-A1QI.xml,data/raw/GDC Data Thyroid/gdc_download_20260123_154153.943271/2b72fb33-a79a-433d-9e1c-d3b5b3676bdd/TCGA-DJ-A1QI.D81A9CFF-AF3D-4657-9B75-41E72E084286.PDF,Papillary Thyroid Carcinoma,Classical,T2,N0,M0,No ETE,R0,Multifocal,NO,,,no,Right lobe,3.0,OK,No ETE,R0,Right lobe,NO,Right,No ETE_R0_Right_NO
TCGA-DJ-A2PS,nationwidechildrens.org_clinical.TCGA-DJ-A2PS.xml,TCGA-DJ-A2PS.B1F7E6CD-E09F-4E83-AA24-778687FDA264.PDF,data/raw/GDC Data Thyroid/gdc_download_20260123_154153.943271/a2bbd7a0-8776-483d-b838-b6e64c45dfe2/nationwidechildrens.org_clinical.TCGA-DJ-A2PS.xml,data/raw/GDC Data Thyroid/gdc_download_20260123_154153.943271/764a2348-88e6-4c3b-82d6-e01b02cd020c/TCGA-DJ-A2PS.B1F7E6CD-E09F-4E83-AA24-778687FDA264.PDF,Papillary Thyroid Carcinoma,Classical,T3,N1a,M0,Microscopic,R0,Multifocal,YES,4.0,1.0,yes,Bilateral,1.1,OK,Microscopic,R0,Bilateral,YES,Bilateral,Microscopic_R0_Bilateral_YES
TCGA-DJ-A2QC,nationwidechildrens.org_clinical.TCGA-DJ-A2QC.xml,TCGA-DJ-A2QC.56AEDDE4-62FD-4D06-BA3A-018ABA76D383.PDF,data/raw/GDC Data Thyroid/gdc_download_20260123_154153.943271/b8601631-e9d6-45bf-b755-b34d570da7ef/nationwidechildrens.org_clinical.TCGA-DJ-A2QC.xml,data/raw/GDC Data Thyroid/gdc_download_20260123_154153.943271/81ac8288-79c8-46b2-bd70-8b7c0a70bfe2/TCGA-DJ-A2QC.56AEDDE4-62FD-4D06-BA3A-018ABA76D383.PDF,Papillary Thyroid Carcinoma,Classical,T2,N0,M0,No ETE,R0,Unifocal,NO,,,no,Left lobe,2.3,OK,No ETE,R0,Left lobe,NO,Left,No ETE_R0_Left_NO
TCGA-DJ-A3UR,nationwidechildrens.org_clinical.TCGA-DJ-A3UR.xml,TCGA-DJ-A3UR.BB1A0D13-F803-43E4-AD87-34E37B6932FD.PDF,data/raw/GDC Data Thyroid/gdc_download_20260123_154153.943271/2328e023-14ae-4150-853a-5aa9c8b8ac37/nationwidechildrens.org_clinical.TCGA-DJ-A3UR.xml,data/raw/GDC Data Thyroid/gdc_download_20260123_154153.943271/a462a1ab-53ee-4eb9-b9f6-978efa665ca6/TCGA-DJ-A3UR.BB1A0D13-F803-43E4-AD87-34E37B6932FD.PDF,Papillary Thyroid Carcinoma,Follicular,T3,N1a,M0,Microscopic,R0,Multifocal,YES,7.0,4.0,yes,Bilateral,1.0,OK,Microscopic,R0,Bilateral,YES,Bilateral,Microscopic_R0_Bilateral_YES
TCGA-DJ-A3UU,nationwidechildrens.org_clinical.TCGA-DJ-A3UU.xml,TCGA-DJ-A3UU.0345F565-DA23-40AC-8083-E74922DADF5F.PDF,data/raw/GDC Data Thyroid/gdc_download_20260123_154153.943271/2434405e-cbc5-4f0a-9573-167ed66145e7/nationwidechildrens.org_clinical.TCGA-DJ-A3UU.xml,data/raw/GDC Data Thyroid/gdc_download_20260123_154153.943271/96f71f37-a9ae-4f09-9852-98335270d8c4/TCGA-DJ-A3UU.0345F565-DA23-40AC-8083-E74922DADF5F.PDF,Papillary Thyroid Carcinoma,Classical,T3,N0,M0,Microscopic,R1,Multifocal,YES,2.0,0.0,yes,Right lobe,1.1,OK,Microscopic,R1,Right lobe,YES,Right,Microscopic_R1_Right_YES
TCGA-DJ-A3VF,nationwidechildrens.org_clinical.TCGA-DJ-A3VF.xml,TCGA-DJ-A3VF.8E171469-48B5-4A71-A2B0-72F743711E36.PDF,data/raw/GDC Data Thyroid/gdc_download_20260123_154153.943271/e580012c-b3e1-4ae2-aec9-6cdeb249916d/nationwidechildrens.org_clinical.TCGA-DJ-A3VF.xml,data/raw/GDC Data Thyroid/gdc_download_20260123_154153.943271/6d50384f-c66f-42f2-8bf7-ed4453901aca/TCGA-DJ-A3VF.8E171469-48B5-4A71-A2B0-72F743711E36.PDF,Papillary Thyroid Carcinoma,Tall Cell,T3,N1b,M0,Microscopic,R0,Multifocal,YES,12.0,4.0,yes,Right lobe,1.0,OK,Microscopic,R0,Right lobe,YES,Right,Microscopic_R0_Right_YES
TCGA-DJ-A3VI,nationwidechildrens.org_clinical.TCGA-DJ-A3VI.xml,TCGA-DJ-A3VI.0301C712-DB98-44EA-9BEA-51F22749E0B2.PDF,data/raw/GDC Data Thyroid/gdc_download_20260123_154153.943271/a4f17431-bed0-46dd-afcc-9b74c71fc6ab/nationwidechildrens.org_clinical.TCGA-DJ-A3VI.xml,data/raw/GDC Data Thyroid/gdc_download_20260123_154153.943271/0f176c5f-6440-440b-857d-e01b591d5c2d/TCGA-DJ-A3VI.0301C712-DB98-44EA-9BEA-51F22749E0B2.PDF,Papillary Thyroid Carcinoma,Classical,T1b,N1a,M0,No ETE,R0,Multifocal,YES,5.0,3.0,yes,Left lobe,1.2,OK,No ETE,R0,Left lobe,YES,Left,No ETE_R0_Left_YES
TCGA-DO-A1JZ,nationwidechildrens.org_clinical.TCGA-DO-A1JZ.xml,TCGA-DO-A1JZ.E7412EA8-CEE7-4EA9-932F-33751A312E4B.PDF,data/raw/GDC Data Thyroid/gdc_download_20260123_154153.943271/f3395afe-070c-41cf-8078-e623b248a8f8/nationwidechildrens.org_clinical.TCGA-DO-A1JZ.xml,data/raw/GDC Data Thyroid/gdc_download_20260123_154153.943271/79e3a13a-3c95-4b06-b1cb-6538f284b584/TCGA-DO-A1JZ.E7412EA8-CEE7-4EA9-932F-33751A312E4B.PDF,Papillary Thyroid Carcinoma,Follicular,T2,NX,MX,No ETE,R1,Unifocal,NO,,,no,Left lobe,3.3,OK,No ETE,R1,Left lobe,NO,Left,Other_Strat
TCGA-E8-A242,nationwidechildrens.org_clinical.TCGA-E8-A242.xml,TCGA-E8-A242.09B63616-A074-472B-80AA-FCBE71863FA9.PDF,data/raw/GDC Data Thyroid/gdc_download_20260123_154153.943271/ed512661-04ff-44b2-bce5-57e99ddee30f/nationwidechildrens.org_clinical.TCGA-E8-A242.xml,data/raw/GDC Data Thyroid/gdc_download_20260123_154153.943271/d96b6198-eaba-4e92-883d-2ce579601a7d/TCGA-E8-A242.09B63616-A074-472B-80AA-FCBE71863FA9.PDF,Papillary Thyroid Carcinoma,Classical,T3,N0,MX,Microscopic,R1,Unifocal,YES,1.0,0.0,yes,Left lobe,1.8,OK,Microscopic,R1,Left lobe,YES,Left,Microscopic_R1_Left_YES
TCGA-EL-A3T1,nationwidechildrens.org_clinical.TCGA-EL-A3T1.xml,TCGA-EL-A3T1.9801ADBD-282E-494E-B703-BD1DB5CE4FC5.PDF,data/raw/GDC Data Thyroid/gdc_download_20260123_154153.943271/20ce387a-930c-4b78-b597-83ab02df259e/nationwidechildrens.org_clinical.TCGA-EL-A3T1.xml,data/raw/GDC Data Thyroid/gdc_download_20260123_154153.943271/0fc3e9d5-2c36-4a82-a3c8-3e3fab1fe9e5/TCGA-EL-A3T1.9801ADBD-282E-494E-B703-BD1DB5CE4FC5.PDF,Papillary Thyroid Carcinoma,Classical,T2,N0,M0,Microscopic,R0,Unifocal,YES,1.0,0.0,yes,Isthmus,3.8,OK,Microscopic,R0,Isthmus,YES,Isthmus,Microscopic_R0_Isthmus_YES
TCGA-EL-A3T7,nationwidechildrens.org_clinical.TCGA-EL-A3T7.xml,TCGA-EL-A3T7.6B1080F8-AF82-4FE3-B91D-3CA2DBA4A37E.PDF,data/raw/GDC Data Thyroid/gdc_download_20260123_154153.943271/fa1b6b38-8609-449f-9513-90efee3da244/nationwidechildrens.org_clinical.TCGA-EL-A3T7.xml,data/raw/GDC Data Thyroid/gdc_download_20260123_154153.943271/a5a91e8a-3dc9-4ba4-8839-75ff1a59271f/TCGA-EL-A3T7.6B1080F8-AF82-4FE3-B91D-3CA2DBA4A37E.PDF,Papillary Thyroid Carcinoma,Classical,T2,N0,M0,Microscopic,R0,Unifocal,NO,,,no,Right lobe,2.0,OK,Microscopic,R0,Right lobe,NO,Right,Microscopic_R0_Right_NO
TCGA-EM-A1CS,nationwidechildrens.org_clinical.TCGA-EM-A1CS.xml,TCGA-EM-A1CS.225D9285-DFDA-426E-B1C5-5A557272B552.PDF,data/raw/GDC Data Thyroid/gdc_download_20260123_154153.943271/f36fd098-b2cb-46b3-9eba-a5619e453a51/nationwidechildrens.org_clinical.TCGA-EM-A1CS.xml,data/raw/GDC Data Thyroid/gdc_download_20260123_154153.943271/a6dde464-9685-4a95-8e07-97d2b2d4fbb4/TCGA-EM-A1CS.225D9285-DFDA-426E-B1C5-5A557272B552.PDF,Papillary Thyroid Carcinoma,Classical,T1,N0,MX,No ETE,R0,Multifocal,YES,6.0,0.0,yes,Left lobe,1.3,OK,No ETE,R0,Left lobe,YES,Left,No ETE_R0_Left_YES
TCGA-EM-A2P3,nationwidechildrens.org_clinical.TCGA-EM-A2P3.xml,TCGA-EM-A2P3.22142C95-F5AF-4C35-A12A-2B62321DFED7.PDF,data/raw/GDC Data Thyroid/gdc_download_20260123_154153.943271/07c29160-e8e9-4d64-add2-fa6621efdab2/nationwidechildrens.org_clinical.TCGA-EM-A2P3.xml,data/raw/GDC Data Thyroid/gdc_download_20260123_154153.943271/6699eafa-a156-4630-aa30-bf8b8e66b13d/TCGA-EM-A2P3.22142C95-F5AF-4C35-A12A-2B62321DFED7.PDF,Papillary Thyroid Carcinoma,Classical,T1b,NX,MX,No ETE,R0,Multifocal,NO,,,no,Right lobe,1.4,OK,No ETE,R0,Right lobe,NO,Right,No ETE_R0_Right_NO
TCGA-EM-A3FO,nationwidechildrens.org_clinical.TCGA-EM-A3FO.xml,TCGA-EM-A3FO.9AD500BD-2288-4319-A686-7AB6FF840D8D.PDF,data/raw/GDC Data Thyroid/gdc_download_20260123_154153.943271/12a807bf-ccd0-4c7c-a445-313f748e54b1/nationwidechildrens.org_clinical.TCGA-EM-A3FO.xml,data/raw/GDC Data Thyroid/gdc_download_20260123_154153.943271/8d1556aa-10c4-43e7-8f3d-ae442dc09306/TCGA-EM-A3FO.9AD500BD-2288-4319-A686-7AB6FF840D8D.PDF,Papillary Thyroid Carcinoma,Classical,T3,N0,MX,No ETE,R0,Multifocal,YES,3.0,0.0,yes,Isthmus,4.4,OK,No ETE,R0,Isthmus,YES,Isthmus,No ETE_R0_Isthmus_YES
TCGA-EM-A3SX,nationwidechildrens.org_clinical.TCGA-EM-A3SX.xml,TCGA-EM-A3SX.C4114C5A-DE73-499B-BED6-FC8F9976C3E2.PDF,data/raw/GDC Data Thyroid/gdc_download_20260123_154153.943271/b1b8daa4-328e-4de5-a11d-9c4ebf63df8a/nationwidechildrens.org_clinical.TCGA-EM-A3SX.xml,data/raw/GDC Data Thyroid/gdc_download_20260123_154153.943271/9a93522e-47f3-4886-aea6-912139ded102/TCGA-EM-A3SX.C4114C5A-DE73-499B-BED6-FC8F9976C3E2.PDF,Papillary Thyroid Carcinoma,Classical,T3,N1a,MX,No ETE,R1,Multifocal,YES,4.0,3.0,yes,Left lobe,4.4,OK,No ETE,R1,Left lobe,YES,Left,No ETE_R1_Left_YES
TCGA-ET-A39K,nationwidechildrens.org_clinical.TCGA-ET-A39K.xml,TCGA-ET-A39K.75057843-C8BE-4632-81AF-B6D383A10036.PDF,data/raw/GDC Data Thyroid/gdc_download_20260123_154153.943271/2ef33c5e-840a-4ac0-8f07-ba73bb46ba66/nationwidechildrens.org_clinical.TCGA-ET-A39K.xml,data/raw/GDC Data Thyroid/gdc_download_20260123_154153.943271/4473cd71-0ef9-4db4-879d-ecec8b1bc1e2/TCGA-ET-A39K.75057843-C8BE-4632-81AF-B6D383A10036.PDF,Papillary Thyroid Carcinoma,Classical,T3,N1a,MX,Microscopic,R1,Multifocal,YES,14.0,11.0,yes,Left lobe,4.0,OK,Microscopic,R1,Left lobe,YES,Left,Microscopic_R1_Left_YES
TCGA-ET-A3BT,nationwidechildrens.org_clinical.TCGA-ET-A3BT.xml,TCGA-ET-A3BT.66200460-5621-4F64-A7D2-ECDF3793D63C.PDF,data/raw/GDC Data Thyroid/gdc_download_20260123_154153.943271/d299212f-04fd-4473-a371-a0e35330f1e1/nationwidechildrens.org_clinical.TCGA-ET-A3BT.xml,data/raw/GDC Data Thyroid/gdc_download_20260123_154153.943271/11f93215-95bc-4e50-aa2a-b55b778ed84b/TCGA-ET-A3BT.66200460-5621-4F64-A7D2-ECDF3793D63C.PDF,Papillary Thyroid Carcinoma,Tall Cell,T2,N1b,MX,No ETE,R0,Unifocal,YES,7.0,2.0,yes,Isthmus,2.5,OK,No ETE,R0,Isthmus,YES,Isthmus,No ETE_R0_Isthmus_YES
TCGA-FE-A233,nationwidechildrens.org_clinical.TCGA-FE-A233.xml,TCGA-FE-A233.BABD0B38-955F-4F79-8851-1967C6E17F72.PDF,data/raw/GDC Data Thyroid/gdc_download_20260123_154153.943271/8190612d-ce99-49a5-a09d-ec26c3176b15/nationwidechildrens.org_clinical.TCGA-FE-A233.xml,data/raw/GDC Data Thyroid/gdc_download_20260123_154153.943271/c18967b0-34f1-4030-9bba-d548ad7d9868/TCGA-FE-A233.BABD0B38-955F-4F79-8851-1967C6E17F72.PDF,Papillary Thyroid Carcinoma,Classical,T2,NX,MX,No ETE,R0,Unifocal,NO,0.0,0.0,no,Right lobe,2.3,OK,No ETE,R0,Right lobe,NO,Right,No ETE_R0_Right_NO
TCGA-FY-A3R6,nationwidechildrens.org_clinical.TCGA-FY-A3R6.xml,TCGA-FY-A3R6.912F801B-814F-4FA4-9216-F62E875AAA7F.PDF,data/raw/GDC Data Thyroid/gdc_download_20260123_154153.943271/007db498-d9b5-4c67-8150-77f599f57fb6/nationwidechildrens.org_clinical.TCGA-FY-A3R6.xml,data/raw/GDC Data Thyroid/gdc_download_20260123_154153.943271/5a1fa2a1-7456-40b3-b7e1-54c60f211329/TCGA-FY-A3R6.912F801B-814F-4FA4-9216-F62E875AAA7F.PDF,Papillary Thyroid Carcinoma,Classical,T2,N1b,MX,No ETE,R0,Multifocal,YES,30.0,5.0,yes,Left lobe,2.2,OK,No ETE,R0,Left lobe,YES,Left,No ETE_R0_Left_YES
TCGA-FY-A3R8,nationwidechildrens.org_clinical.TCGA-FY-A3R8.xml,TCGA-FY-A3R8.1A79B4F7-8315-450C-A1E9-BAA89C6E9001.PDF,data/raw/GDC Data Thyroid/gdc_download_20260123_154153.943271/0b28f14d-c705-4150-8a81-661297e8e9e0/nationwidechildrens.org_clinical.TCGA-FY-A3R8.xml,data/raw/GDC Data Thyroid/gdc_download_20260123_154153.943271/1f0e4610-f36b-4df5-a505-e1cce7832d85/TCGA-FY-A3R8.1A79B4F7-8315-450C-A1E9-BAA89C6E9001.PDF,Papillary Thyroid Carcinoma,Classical,T3,NX,MX,Microscopic,R0,Unifocal,NO,,,no,Left lobe,1.7,OK,Microscopic,R0,Left lobe,NO,Left,Microscopic_R0_Left_NO
TCGA-FY-A3R9,nationwidechildrens.org_clinical.TCGA-FY-A3R9.xml,TCGA-FY-A3R9.312CB64B-BDC4-4B69-BBEA-EA51B2D349DA.PDF,data/raw/GDC Data Thyroid/gdc_download_20260123_154153.943271/984e107d-da8c-46fa-81c8-0e1cdc6c6476/nationwidechildrens.org_clinical.TCGA-FY-A3R9.xml,data/raw/GDC Data Thyroid/gdc_download_20260123_154153.943271/a29c7fe5-ac5b-4f91-8025-e2af405c9806/TCGA-FY-A3R9.312CB64B-BDC4-4B69-BBEA-EA51B2D349DA.PDF,Papillary Thyroid Carcinoma,Classical,T1a,N0,MX,No ETE,R0,Multifocal,YES,1.0,0.0,yes,Bilateral,0.7,OK,No ETE,R0,Bilateral,YES,Bilateral,No ETE_R0_Bilateral_YES
TCGA-KS-A41F,nationwidechildrens.org_clinical.TCGA-KS-A41F.xml,TCGA-KS-A41F.4EF861C5-0F5E-41D2-AB5A-F029E9E9F5D3.PDF,data/raw/GDC Data Thyroid/gdc_download_20260123_154153.943271/3e6bdfd1-def7-4db0-8510-9b16dfa1f22e/nationwidechildrens.org_clinical.TCGA-KS-A41F.xml,data/raw/GDC Data Thyroid/gdc_download_20260123_154153.943271/32402739-c60d-4a11-a2aa-00e4fcfaed19/TCGA-KS-A41F.4EF861C5-0F5E-41D2-AB5A-F029E9E9F5D3.PDF,Papillary Thyroid Carcinoma,Classical,T2,N1,M0,No ETE,R0,Unifocal,YES,7.0,4.0,yes,Left lobe,2.2,OK,No ETE,R0,Left lobe,YES,Left,No ETE_R0_Left_YES
TCGA-KS-A41J,nationwidechildrens.org_clinical.TCGA-KS-A41J.xml,TCGA-KS-A41J.85C21DA8-13C6-4E22-939C-579C38A14891.PDF,data/raw/GDC Data Thyroid/gdc_download_20260123_154153.943271/0008f666-d8e8-4310-8ca3-0da4e06db601/nationwidechildrens.org_clinical.TCGA-KS-A41J.xml,data/raw/GDC Data Thyroid/gdc_download_20260123_154153.943271/22aaeab7-2fd4-49e5-ac97-97591524d0c9/TCGA-KS-A41J.85C21DA8-13C6-4E22-939C-579C38A14891.PDF,Papillary Thyroid Carcinoma,Classical,T2,N1,M0,No ETE,R0,Unifocal,YES,2.0,2.0,yes,Left lobe,2.3,OK,No ETE,R0,Left lobe,YES,Left,No ETE_R0_Left_YES
TCGA-L6-A4EU,nationwidechildrens.org_clinical.TCGA-L6-A4EU.xml,TCGA-L6-A4EU.F67DA6D7-9692-4400-A5C6-D7D234FC36F7.PDF,data/raw/GDC Data Thyroid/gdc_download_20260123_154153.943271/babe91e6-a9e8-4551-ae92-6963b74319fd/nationwidechildrens.org_clinical.TCGA-L6-A4EU.xml,data/raw/GDC Data Thyroid/gdc_download_20260123_154153.943271/78898ab7-14c3-4a86-b33b-2d600c607054/TCGA-L6-A4EU.F67DA6D7-9692-4400-A5C6-D7D234FC36F7.PDF,Papillary Thyroid Carcinoma,Tall Cell,T3,N1a,M0,Microscopic,R1,Multifocal,YES,33.0,4.0,yes,Right lobe,5.0,OK,Microscopic,R1,Right lobe,YES,Right,Microscopic_R1_Right_YES
TCGA-BJ-A0Z0,nationwidechildrens.org_clinical.TCGA-BJ-A0Z0.xml,TCGA-BJ-A0Z0.55206358-DB4D-4FD8-B634-A2DB15F8F7C1.PDF,data/raw/GDC Data Thyroid/gdc_download_20260123_154153.943271/d9237ce4-e820-4e20-b7fc-018d6d734016/nationwidechildrens.org_clinical.TCGA-BJ-A0Z0.xml,data/raw/GDC Data Thyroid/gdc_download_20260123_154153.943271/5a40b8c7-c1ae-4220-ad22-239f9cc240f7/TCGA-BJ-A0Z0.55206358-DB4D-4FD8-B634-A2DB15F8F7C1.PDF,Papillary Thyroid Carcinoma,Classical,T2,N0,MX,No ETE,R0,Unifocal,YES,5.0,0.0,yes,Right lobe,3.5,OK,No ETE,R0,Right lobe,YES,Right,No ETE_R0_Right_YES
TCGA-BJ-A18Y,nationwidechildrens.org_clinical.TCGA-BJ-A18Y.xml,TCGA-BJ-A18Y.A36DAF35-DB45-47EA-B167-0B3A11D853C3.PDF,data/raw/GDC Data Thyroid/gdc_download_20260123_154153.943271/b1e295ee-6630-4dae-abb5-f13730192b2f/nationwidechildrens.org_clinical.TCGA-BJ-A18Y.xml,data/raw/GDC Data Thyroid/gdc_download_20260123_154153.943271/457efe81-7ecf-405e-a0b0-e1cd3ab8f695/TCGA-BJ-A18Y.A36DAF35-DB45-47EA-B167-0B3A11D853C3.PDF,Papillary Thyroid Carcinoma,Classical,T1b,N0,MX,No ETE,R0,Multifocal,YES,5.0,0.0,yes,Bilateral,1.4,OK,No ETE,R0,Bilateral,YES,Bilateral,No ETE_R0_Bilateral_YES
TCGA-BJ-A18Z,nationwidechildrens.org_clinical.TCGA-BJ-A18Z.xml,TCGA-BJ-A18Z.AE63E7FD-7E20-493C-B405-8D18C3DFBEA2.PDF,data/raw/GDC Data Thyroid/gdc_download_20260123_154153.943271/2bae5f0d-9c29-4713-bc0c-e53fdcd8eb85/nationwidechildrens.org_clinical.TCGA-BJ-A18Z.xml,data/raw/GDC Data Thyroid/gdc_download_20260123_154153.943271/49123918-a5d6-44ec-92e6-feadb2ab3791/TCGA-BJ-A18Z.AE63E7FD-7E20-493C-B405-8D18C3DFBEA2.PDF,Papillary Thyroid Carcinoma,Classical,T3,N1b,MX,Microscopic,R1,Multifocal,YES,37.0,3.0,yes,Bilateral,3.6,OK,Microscopic,R1,Bilateral,YES,Bilateral,Microscopic_R1_Bilateral_YES
TCGA-DE-A0Y2,nationwidechildrens.org_clinical.TCGA-DE-A0Y2.xml,TCGA-DE-A0Y2.E564FC79-47F7-4CE8-873D-3A8B697C7FF8.PDF,data/raw/GDC Data Thyroid/gdc_download_20260123_154153.943271/e19699a5-2d4b-4aca-a383-68ef1de5c7c2/nationwidechildrens.org_clinical.TCGA-DE-A0Y2.xml,data/raw/GDC Data Thyroid/gdc_download_20260123_154153.943271/854c71f0-5371-4978-b61e-1dbba5379d5d/TCGA-DE-A0Y2.E564FC79-47F7-4CE8-873D-3A8B697C7FF8.PDF,Papillary Thyroid Carcinoma,Classical,T2,N1a,M0,No ETE,R0,Multifocal,YES,11.0,6.0,yes,Left lobe,2.4,OK,No ETE,R0,Left lobe,YES,Left,No ETE_R0_Left_YES
TCGA-DE-A4M8,nationwidechildrens.org_clinical.TCGA-DE-A4M8.xml,TCGA-DE-A4M8.9DAE2966-D92F-4436-B3E3-5BC1923295BB.PDF,data/raw/GDC Data Thyroid/gdc_download_20260123_154153.943271/449c8d58-c92c-48c8-a67c-e9ffccfd9b1a/nationwidechildrens.org_clinical.TCGA-DE-A4M8.xml,data/raw/GDC Data Thyroid/gdc_download_20260123_154153.943271/ba9d84f0-aaa9-4295-9165-f2ca29fa8af3/TCGA-DE-A4M8.9DAE2966-D92F-4436-B3E3-5BC1923295BB.PDF,Papillary Thyroid Carcinoma,Classical,T2,N1,M0,No ETE,R0,Multifocal,YES,4.0,1.0,yes,Bilateral,1.7,OK,No ETE,R0,Bilateral,YES,Bilateral,No ETE_R0_Bilateral_YES
TCGA-DJ-A1QL,nationwidechildrens.org_clinical.TCGA-DJ-A1QL.xml,TCGA-DJ-A1QL.67D84E08-AE0D-458A-B886-94C22D856A52.PDF,data/raw/GDC Data Thyroid/gdc_download_20260123_154153.943271/6f020182-6c3f-4ce2-ab32-4b18d4d738b8/nationwidechildrens.org_clinical.TCGA-DJ-A1QL.xml,data/raw/GDC Data Thyroid/gdc_download_20260123_154153.943271/731bf26a-8546-494f-a6e7-baf2cc00dd07/TCGA-DJ-A1QL.67D84E08-AE0D-458A-B886-94C22D856A52.PDF,Papillary Thyroid Carcinoma,Follicular,T2,N0,M0,No ETE,R0,Unifocal,NO,,,no,Left lobe,2.1,OK,No ETE,R0,Left lobe,NO,Left,No ETE_R0_Left_NO
TCGA-DJ-A2PT,nationwidechildrens.org_clinical.TCGA-DJ-A2PT.xml,TCGA-DJ-A2PT.0C47594E-54FF-4DC6-BB4C-FC0861570B22.PDF,data/raw/GDC Data Thyroid/gdc_download_20260123_154153.943271/0661131d-48b6-4f90-9326-15d247f8ba1a/nationwidechildrens.org_clinical.TCGA-DJ-A2PT.xml,data/raw/GDC Data Thyroid/gdc_download_20260123_154153.943271/0de51838-5eec-4dd3-8bb7-bf6e4d7e62ab/TCGA-DJ-A2PT.0C47594E-54FF-4DC6-BB4C-FC0861570B22.PDF,Papillary Thyroid Carcinoma,Tall Cell,T3,N0,M0,Microscopic,R0,Unifocal,YES,15.0,0.0,yes,Right lobe,1.5,OK,Microscopic,R0,Right lobe,YES,Right,Microscopic_R0_Right_YES
TCGA-DJ-A2PX,nationwidechildrens.org_clinical.TCGA-DJ-A2PX.xml,TCGA-DJ-A2PX.763C06CF-4DC5-4A5A-B698-224A9E5693A2.PDF,data/raw/GDC Data Thyroid/gdc_download_20260123_154153.943271/83384e37-28d6-4270-99fe-bdca9d31702b/nationwidechildrens.org_clinical.TCGA-DJ-A2PX.xml,data/raw/GDC Data Thyroid/gdc_download_20260123_154153.943271/c04f7fac-57a7-4b33-86c3-0f1999cc715a/TCGA-DJ-A2PX.763C06CF-4DC5-4A5A-B698-224A9E5693A2.PDF,Papillary Thyroid Carcinoma,Follicular,T1b,N0,M0,No ETE,R0,Unifocal,YES,4.0,0.0,yes,Left lobe,1.2,OK,No ETE,R0,Left lobe,YES,Left,No ETE_R0_Left_YES
TCGA-DJ-A2Q1,nationwidechildrens.org_clinical.TCGA-DJ-A2Q1.xml,TCGA-DJ-A2Q1.5621D9A6-6B60-4EDC-AE6E-FAFD638DDE8E.PDF,data/raw/GDC Data Thyroid/gdc_download_20260123_154153.943271/37fd6ee9-2c4b-411c-90ce-fb88f392a8dd/nationwidechildrens.org_clinical.TCGA-DJ-A2Q1.xml,data/raw/GDC Data Thyroid/gdc_download_20260123_154153.943271/32333b3b-031f-43e9-b664-504a8a924868/TCGA-DJ-A2Q1.5621D9A6-6B60-4EDC-AE6E-FAFD638DDE8E.PDF,Papillary Thyroid Carcinoma,Classical,T1b,N1b,M0,No ETE,R0,Multifocal,YES,44.0,11.0,yes,Bilateral,1.6,OK,No ETE,R0,Bilateral,YES,Bilateral,No ETE_R0_Bilateral_YES
TCGA-DJ-A3UV,nationwidechildrens.org_clinical.TCGA-DJ-A3UV.xml,TCGA-DJ-A3UV.1262D473-47E4-41EC-AA58-93D0E16CC678.PDF,data/raw/GDC Data Thyroid/gdc_download_20260123_154153.943271/153147a3-b880-449f-aa1e-c15ea89ee2f1/nationwidechildrens.org_clinical.TCGA-DJ-A3UV.xml,data/raw/GDC Data Thyroid/gdc_download_20260123_154153.943271/1d39e655-afed-4729-a47f-02ba897f2986/TCGA-DJ-A3UV.1262D473-47E4-41EC-AA58-93D0E16CC678.PDF,Papillary Thyroid Carcinoma,Classical,T1,N0,M0,No ETE,R0,Unifocal,YES,2.0,0.0,yes,Left lobe,0.8,OK,No ETE,R0,Left lobe,YES,Left,No ETE_R0_Left_YES
TCGA-DJ-A3V5,nationwidechildrens.org_clinical.TCGA-DJ-A3V5.xml,TCGA-DJ-A3V5.39961D6B-E822-45F5-A744-E97BDB40AF85.PDF,data/raw/GDC Data Thyroid/gdc_download_20260123_154153.943271/1b34db63-4490-4820-903c-3407f43cef2a/nationwidechildrens.org_clinical.TCGA-DJ-A3V5.xml,data/raw/GDC Data Thyroid/gdc_download_20260123_154153.943271/0aa91072-8f61-4376-8b38-1c4f9f66cbb7/TCGA-DJ-A3V5.39961D6B-E822-45F5-A744-E97BDB40AF85.PDF,Papillary Thyroid Carcinoma,Tall Cell,T3,N0,M0,Microscopic,R1,Unifocal,YES,1.0,0.0,yes,Right lobe,1.4,OK,Microscopic,R1,Right lobe,YES,Right,Microscopic_R1_Right_YES
TCGA-DJ-A3V6,nationwidechildrens.org_clinical.TCGA-DJ-A3V6.xml,TCGA-DJ-A3V6.C6F0A1E3-BFC0-4458-8FB0-824FE6DB3086.PDF,data/raw/GDC Data Thyroid/gdc_download_20260123_154153.943271/a13bc914-3503-40ac-b2b0-bc88898fac66/nationwidechildrens.org_clinical.TCGA-DJ-A3V6.xml,data/raw/GDC Data Thyroid/gdc_download_20260123_154153.943271/8dd99afe-f4f6-4dfa-b790-6e5f532eaad3/TCGA-DJ-A3V6.C6F0A1E3-BFC0-4458-8FB0-824FE6DB3086.PDF,Papillary Thyroid Carcinoma,Tall Cell,T3,N0,M0,Microscopic,R0,Multifocal,NO,,,no,Left lobe,1.8,OK,Microscopic,R0,Left lobe,NO,Left,Microscopic_R0_Left_NO
TCGA-DJ-A3V7,nationwidechildrens.org_clinical.TCGA-DJ-A3V7.xml,TCGA-DJ-A3V7.326E3287-2AA6-402A-B23D-9E2F020B6986.PDF,data/raw/GDC Data Thyroid/gdc_download_20260123_154153.943271/9fae1fd7-6258-42f7-a055-fc1492b96dda/nationwidechildrens.org_clinical.TCGA-DJ-A3V7.xml,data/raw/GDC Data Thyroid/gdc_download_20260123_154153.943271/6ce7b6ad-78bb-4ca0-84e4-f98cfa1b6d58/TCGA-DJ-A3V7.326E3287-2AA6-402A-B23D-9E2F020B6986.PDF,Papillary Thyroid Carcinoma,Tall Cell,T3,N0,M0,Microscopic,R0,Multifocal,YES,2.0,0.0,yes,Right lobe,2.2,OK,Microscopic,R0,Right lobe,YES,Right,Microscopic_R0_Right_YES
TCGA-DJ-A3VK,nationwidechildrens.org_clinical.TCGA-DJ-A3VK.xml,TCGA-DJ-A3VK.08906F4D-8930-4EAA-B9A6-1C5A7DB6E62B.PDF,data/raw/GDC Data Thyroid/gdc_download_20260123_154153.943271/97f66904-493e-4c69-b725-781d56d8c84b/nationwidechildrens.org_clinical.TCGA-DJ-A3VK.xml,data/raw/GDC Data Thyroid/gdc_download_20260123_154153.943271/4dc6bec2-ccc3-47ea-8589-f2a8cc3018fa/TCGA-DJ-A3VK.08906F4D-8930-4EAA-B9A6-1C5A7DB6E62B.PDF,Papillary Thyroid Carcinoma,Follicular,T3,N0,M0,Microscopic,R0,Multifocal,YES,2.0,0.0,yes,Right lobe,1.0,OK,Microscopic,R0,Right lobe,YES,Right,Microscopic_R0_Right_YES
TCGA-DJ-A3VL,nationwidechildrens.org_clinical.TCGA-DJ-A3VL.xml,TCGA-DJ-A3VL.B84A9460-C19C-4AAC-8C08-1631C2DA08DE.PDF,data/raw/GDC Data Thyroid/gdc_download_20260123_154153.943271/f17399e0-3be0-4534-b654-b41c624bd747/nationwidechildrens.org_clinical.TCGA-DJ-A3VL.xml,data/raw/GDC Data Thyroid/gdc_download_20260123_154153.943271/5036cb23-854f-48a8-9b71-7e9cadea78ec/TCGA-DJ-A3VL.B84A9460-C19C-4AAC-8C08-1631C2DA08DE.PDF,Papillary Thyroid Carcinoma,Follicular,T1a,N0,M0,No ETE,R0,Unifocal,YES,1.0,0.0,yes,Right lobe,0.6,OK,No ETE,R0,Right lobe,YES,Right,No ETE_R0_Right_YES
TCGA-DJ-A4V4,nationwidechildrens.org_clinical.TCGA-DJ-A4V4.xml,TCGA-DJ-A4V4.E46B404D-E817-4D5F-9F1D-9E459DF09D11.PDF,data/raw/GDC Data Thyroid/gdc_download_20260123_154153.943271/bc79c1e4-8cd7-4ca8-817f-74f6f55160af/nationwidechildrens.org_clinical.TCGA-DJ-A4V4.xml,data/raw/GDC Data Thyroid/gdc_download_20260123_154153.943271/a46e590d-423f-49c5-89ce-2dbbdefd9174/TCGA-DJ-A4V4.E46B404D-E817-4D5F-9F1D-9E459DF09D11.PDF,Papillary Thyroid Carcinoma,Tall Cell,T1a,N0,M0,No ETE,R0,Multifocal,NO,,,no,Bilateral,0.9,OK,No ETE,R0,Bilateral,NO,Bilateral,No ETE_R0_Bilateral_NO
TCGA-E3-A3E2,nationwidechildrens.org_clinical.TCGA-E3-A3E2.xml,TCGA-E3-A3E2.8449B3D4-33B2-4C33-8357-FA189B778624.PDF,data/raw/GDC Data Thyroid/gdc_download_20260123_154153.943271/b6f52e56-3b6e-4b0e-9637-6842f3a1f29f/nationwidechildrens.org_clinical.TCGA-E3-A3E2.xml,data/raw/GDC Data Thyroid/gdc_download_20260123_154153.943271/b14698bd-3ea7-487f-8ff0-15c4316c01db/TCGA-E3-A3E2.8449B3D4-33B2-4C33-8357-FA189B778624.PDF,Papillary Thyroid Carcinoma,Follicular,T1,N1a,MX,No ETE,R0,Multifocal,YES,8.0,2.0,yes,Right lobe,1.7,OK,No ETE,R0,Right lobe,YES,Right,No ETE_R0_Right_YES
TCGA-E8-A438,nationwidechildrens.org_clinical.TCGA-E8-A438.xml,TCGA-E8-A438.F5A6C80F-594B-4FD3-9B9F-E0AB0D7F7EDE.PDF,data/raw/GDC Data Thyroid/gdc_download_20260123_154153.943271/25992e18-9ed8-495b-860c-feb91f5c6535/nationwidechildrens.org_clinical.TCGA-E8-A438.xml,data/raw/GDC Data Thyroid/gdc_download_20260123_154153.943271/2428fe20-fb7b-4279-9f0a-0d97111cd61b/TCGA-E8-A438.F5A6C80F-594B-4FD3-9B9F-E0AB0D7F7EDE.PDF,Papillary Thyroid Carcinoma,Classical,T1b,N0,M0,No ETE,R0,Unifocal,YES,3.0,0.0,yes,Left lobe,2.3,OK,No ETE,R0,Left lobe,YES,Left,No ETE_R0_Left_YES
TCGA-EL-A3CN,nationwidechildrens.org_clinical.TCGA-EL-A3CN.xml,TCGA-EL-A3CN.CF43F52C-E738-49CA-A3C5-33BC3E183867.PDF,data/raw/GDC Data Thyroid/gdc_download_20260123_154153.943271/eacbb057-f536-422d-b87a-7db5805005d1/nationwidechildrens.org_clinical.TCGA-EL-A3CN.xml,data/raw/GDC Data Thyroid/gdc_download_20260123_154153.943271/619eaffb-d3bb-41d3-ad4e-835769155764/TCGA-EL-A3CN.CF43F52C-E738-49CA-A3C5-33BC3E183867.PDF,Papillary Thyroid Carcinoma,Classical,T3,N0,M0,Microscopic,R2,Unifocal,YES,1.0,0.0,yes,Left lobe,1.5,OK,Microscopic,R2,Left lobe,YES,Left,Other_Strat
TCGA-EL-A3CY,nationwidechildrens.org_clinical.TCGA-EL-A3CY.xml,TCGA-EL-A3CY.13075C98-71F2-4A1D-B245-C3AB202CA0B4.PDF,data/raw/GDC Data Thyroid/gdc_download_20260123_154153.943271/157bca82-3c68-4e0e-a41b-2bd09bca36a8/nationwidechildrens.org_clinical.TCGA-EL-A3CY.xml,data/raw/GDC Data Thyroid/gdc_download_20260123_154153.943271/8229dad3-5c55-4ce1-aed7-8f4021fe3182/TCGA-EL-A3CY.13075C98-71F2-4A1D-B245-C3AB202CA0B4.PDF,Papillary Thyroid Carcinoma,Classical,TX,N1b,M0,No ETE,R0,Unifocal,YES,12.0,12.0,yes,Right lobe,5.0,OK,No ETE,R0,Right lobe,YES,Right,No ETE_R0_Right_YES
TCGA-EL-A3D1,nationwidechildrens.org_clinical.TCGA-EL-A3D1.xml,TCGA-EL-A3D1.5CEADB5F-C00E-47CD-B28B-138FAF67CED5.PDF,data/raw/GDC Data Thyroid/gdc_download_20260123_154153.943271/5f233f13-9d8f-47cb-b509-9ec28277380b/nationwidechildrens.org_clinical.TCGA-EL-A3D1.xml,data/raw/GDC Data Thyroid/gdc_download_20260123_154153.943271/e4418b87-136d-483e-8d94-52cee26cf9af/TCGA-EL-A3D1.5CEADB5F-C00E-47CD-B28B-138FAF67CED5.PDF,Papillary Thyroid Carcinoma,Classical,T2,N0,M0,No ETE,R0,Multifocal,YES,19.0,0.0,yes,Left lobe,5.5,OK,No ETE,R0,Left lobe,YES,Left,No ETE_R0_Left_YES
TCGA-EL-A3D6,nationwidechildrens.org_clinical.TCGA-EL-A3D6.xml,TCGA-EL-A3D6.A4EA7225-4DF5-4917-A931-B41DF5F7FA31.PDF,data/raw/GDC Data Thyroid/gdc_download_20260123_154153.943271/dd8da4a2-bb51-42a5-956f-f159971e6115/nationwidechildrens.org_clinical.TCGA-EL-A3D6.xml,data/raw/GDC Data Thyroid/gdc_download_20260123_154153.943271/3fbdc29c-7b41-4aae-83ed-63e6e1db02e7/TCGA-EL-A3D6.A4EA7225-4DF5-4917-A931-B41DF5F7FA31.PDF,Papillary Thyroid Carcinoma,Classical,T3,N1b,M0,Microscopic,R1,Unifocal,YES,5.0,1.0,yes,Left lobe,6.0,OK,Microscopic,R1,Left lobe,YES,Left,Microscopic_R1_Left_YES
TCGA-EL-A3GO,nationwidechildrens.org_clinical.TCGA-EL-A3GO.xml,TCGA-EL-A3GO.8DAD2F04-A959-479D-B58F-39D081026080.PDF,data/raw/GDC Data Thyroid/gdc_download_20260123_154153.943271/0c388de1-27ea-425f-8802-b09ac3c23498/nationwidechildrens.org_clinical.TCGA-EL-A3GO.xml,data/raw/GDC Data Thyroid/gdc_download_20260123_154153.943271/05e0b3f5-25a6-4eb8-962f-bf186a50b39d/TCGA-EL-A3GO.8DAD2F04-A959-479D-B58F-39D081026080.PDF,Papillary Thyroid Carcinoma,Classical,T2,N0,M0,No ETE,R0,Unifocal,YES,4.0,0.0,yes,Right lobe,3.2,OK,No ETE,R0,Right lobe,YES,Right,No ETE_R0_Right_YES
TCGA-EL-A3GQ,nationwidechildrens.org_clinical.TCGA-EL-A3GQ.xml,TCGA-EL-A3GQ.FB308CCC-CB34-4357-84FB-6EA680C7F9B9.PDF,data/raw/GDC Data Thyroid/gdc_download_20260123_154153.943271/026e3c8d-ea62-4674-b317-174f97189c6e/nationwidechildrens.org_clinical.TCGA-EL-A3GQ.xml,data/raw/GDC Data Thyroid/gdc_download_20260123_154153.943271/80600345-57a7-488c-b991-1be2a3c685ba/TCGA-EL-A3GQ.FB308CCC-CB34-4357-84FB-6EA680C7F9B9.PDF,Papillary Thyroid Carcinoma,Follicular,T1,N0,M0,No ETE,R0,Unifocal,YES,1.0,0.0,yes,Right lobe,4.0,OK,No ETE,R0,Right lobe,YES,Right,No ETE_R0_Right_YES
TCGA-EL-A3H3,nationwidechildrens.org_clinical.TCGA-EL-A3H3.xml,TCGA-EL-A3H3.397F6046-731D-4689-A52E-8C6C415D4132.PDF,data/raw/GDC Data Thyroid/gdc_download_20260123_154153.943271/6a0b69d2-7411-4280-b81a-1b071ce69c06/nationwidechildrens.org_clinical.TCGA-EL-A3H3.xml,data/raw/GDC Data Thyroid/gdc_download_20260123_154153.943271/2935d42b-ba34-4f71-bd99-b82e326c2aba/TCGA-EL-A3H3.397F6046-731D-4689-A52E-8C6C415D4132.PDF,Papillary Thyroid Carcinoma,Classical,T2,N1,M0,No ETE,R0,Unifocal,YES,19.0,6.0,yes,Isthmus,3.2,OK,No ETE,R0,Isthmus,YES,Isthmus,No ETE_R0_Isthmus_YES
TCGA-EL-A3ZL,nationwidechildrens.org_clinical.TCGA-EL-A3ZL.xml,TCGA-EL-A3ZL.97AE09E6-A2B6-4544-A977-71DB50629A32.PDF,data/raw/GDC Data Thyroid/gdc_download_20260123_154153.943271/73c5084e-8150-47a9-8567-1afa6d9049cd/nationwidechildrens.org_clinical.TCGA-EL-A3ZL.xml,data/raw/GDC Data Thyroid/gdc_download_20260123_154153.943271/e684611d-39ee-4e1d-816c-bebf8010d038/TCGA-EL-A3ZL.97AE09E6-A2B6-4544-A977-71DB50629A32.PDF,Papillary Thyroid Carcinoma,Classical,T1,N1,M0,No ETE,R0,Unifocal,YES,25.0,7.0,yes,Right lobe,4.0,OK,No ETE,R0,Right lobe,YES,Right,No ETE_R0_Right_YES
