patient_id,xml_filename,pdf_filename,xml_relative_path,pdf_relative_path,histologic_type,histologic_variant,pathologic_T,pathologic_N,pathologic_M,extrathyroidal_extension,margins,focality,lymph_nodes_examined_status,lymph_nodes_examined_count,lymph_nodes_positive_count,data_quality_flag
TCGA-DJ-A2Q6,nationwidechildrens.org_clinical.TCGA-DJ-A2Q6.xml,TCGA-DJ-A2Q6.CCF825BD-7410-4ED2-B0E2-8B17BB5C5BBD.PDF,data/raw/GDC Data Thyroid/gdc_download_20260123_154153.943271/8226835d-d7da-48a9-939f-c0743285cd25/nationwidechildrens.org_clinical.TCGA-DJ-A2Q6.xml,data/raw/GDC Data Thyroid/gdc_download_20260123_154153.943271/0c6e35e1-4f6f-4a76-b994-5933d2b2b026/TCGA-DJ-A2Q6.CCF825BD-7410-4ED2-B0E2-8B17BB5C5BBD.PDF,Papillary Thyroid Carcinoma,Classical,T1b,N1b,M0,Microscopic,R0,Multifocal,YES,45,22,OK
TCGA-FK-A3SE,nationwidechildrens.org_clinical.TCGA-FK-A3SE.xml,TCGA-FK-A3SE.3489196F-F9FD-4797-B4F2-0D66D420102A.PDF,data/raw/GDC Data Thyroid/gdc_download_20260123_154153.943271/c419d4ee-35b4-415f-a06c-864f0eff93a4/nationwidechildrens.org_clinical.TCGA-FK-A3SE.xml,data/raw/GDC Data Thyroid/gdc_download_20260123_154153.943271/4f1fa593-2702-4753-9058-0674242c80d7/TCGA-FK-A3SE.3489196F-F9FD-4797-B4F2-0D66D420102A.PDF,Papillary Thyroid Carcinoma,Classical,T2,N1a,MX,No ETE,R0,Multifocal,YES,8,2,OK
TCGA-DJ-A2QA,nationwidechildrens.org_clinical.TCGA-DJ-A2QA.xml,TCGA-DJ-A2QA.E3CC8058-B202-4433-8597-6BD196D04AAC.PDF,data/raw/GDC Data Thyroid/gdc_download_20260123_154153.943271/ba70b673-abed-4e6b-a78c-53da709b8af5/nationwidechildrens.org_clinical.TCGA-DJ-A2QA.xml,data/raw/GDC Data Thyroid/gdc_download_20260123_154153.943271/941ad713-b3d1-46c7-94df-224634ed0c90/TCGA-DJ-A2QA.E3CC8058-B202-4433-8597-6BD196D04AAC.PDF,Papillary Thyroid Carcinoma,Follicular,T3,N0,M0,Microscopic,R0,Multifocal,YES,1,0,OK
TCGA-FY-A2QD,nationwidechildrens.org_clinical.TCGA-FY-A2QD.xml,TCGA-FY-A2QD.D4447081-2054-46B6-B83F-C0D2DF8C4AA1.PDF,data/raw/GDC Data Thyroid/gdc_download_20260123_154153.943271/9fad5ddd-0744-4e9a-b122-fbd89ec92291/nationwidechildrens.org_clinical.TCGA-FY-A2QD.xml,data/raw/GDC Data Thyroid/gdc_download_20260123_154153.943271/c7092e6d-2e73-4511-a471-f32bd90d4a98/TCGA-FY-A2QD.D4447081-2054-46B6-B83F-C0D2DF8C4AA1.PDF,Papillary Thyroid Carcinoma,Classical,T1,N0,,No ETE,Not Available,Multifocal,YES,3,0,INCOMPLETE
TCGA-EL-A3GR,nationwidechildrens.org_clinical.TCGA-EL-A3GR.xml,TCGA-EL-A3GR.F2945CC2-AEE4-45F7-A640-4174EB0D37FD.PDF,data/raw/GDC Data Thyroid/gdc_download_20260123_154153.943271/546e72ad-b753-463a-bbe8-716695893710/nationwidechildrens.org_clinical.TCGA-EL-A3GR.xml,data/raw/GDC Data Thyroid/gdc_download_20260123_154153.943271/c0edc7ee-df44-4ced-8236-5e01343d8eae/TCGA-EL-A3GR.F2945CC2-AEE4-45F7-A640-4174EB0D37FD.PDF,Papillary Thyroid Carcinoma,Classical,T3,NX,M0,Microscopic,R0,Unifocal,NO,,,OK
TCGA-EL-A3T7,nationwidechildrens.org_clinical.TCGA-EL-A3T7.xml,TCGA-EL-A3T7.6B1080F8-AF82-4FE3-B91D-3CA2DBA4A37E.PDF,data/raw/GDC Data Thyroid/gdc_download_20260123_154153.943271/fa1b6b38-8609-449f-9513-90efee3da244/nationwidechildrens.org_clinical.TCGA-EL-A3T7.xml,data/raw/GDC Data Thyroid/gdc_download_20260123_154153.943271/a5a91e8a-3dc9-4ba4-8839-75ff1a59271f/TCGA-EL-A3T7.6B1080F8-AF82-4FE3-B91D-3CA2DBA4A37E.PDF,Papillary Thyroid Carcinoma,Classical,T2,N0,M0,Microscopic,R0,Unifocal,NO,,,OK
TCGA-FE-A230,nationwidechildrens.org_clinical.TCGA-FE-A230.xml,TCGA-FE-A230.376056EE-C698-481C-8B30-4489F3C75D58.PDF,data/raw/GDC Data Thyroid/gdc_download_20260123_154153.943271/f19c0cce-8eef-457d-8450-6e6ba9b694eb/nationwidechildrens.org_clinical.TCGA-FE-A230.xml,data/raw/GDC Data Thyroid/gdc_download_20260123_154153.943271/3ad2d20b-84b8-4bd6-9bdf-6a9eb590d189/TCGA-FE-A230.376056EE-C698-481C-8B30-4489F3C75D58.PDF,Papillary Thyroid Carcinoma,Classical,T3,N1a,MX,No ETE,R0,Unifocal,YES,3,3,OK
TCGA-EM-A3FO,nationwidechildrens.org_clinical.TCGA-EM-A3FO.xml,TCGA-EM-A3FO.9AD500BD-2288-4319-A686-7AB6FF840D8D.PDF,data/raw/GDC Data Thyroid/gdc_download_20260123_154153.943271/12a807bf-ccd0-4c7c-a445-313f748e54b1/nationwidechildrens.org_clinical.TCGA-EM-A3FO.xml,data/raw/GDC Data Thyroid/gdc_download_20260123_154153.943271/8d1556aa-10c4-43e7-8f3d-ae442dc09306/TCGA-EM-A3FO.9AD500BD-2288-4319-A686-7AB6FF840D8D.PDF,Papillary Thyroid Carcinoma,Classical,T3,N0,MX,No ETE,R0,Multifocal,YES,3,0,OK
TCGA-DJ-A3VB,nationwidechildrens.org_clinical.TCGA-DJ-A3VB.xml,TCGA-DJ-A3VB.CAE279C4-3563-419D-9BC7-9FB54A3C58FD.PDF,data/raw/GDC Data Thyroid/gdc_download_20260123_154153.943271/c10f7a8a-a7d8-4e43-8ae1-0bbe275bc261/nationwidechildrens.org_clinical.TCGA-DJ-A3VB.xml,data/raw/GDC Data Thyroid/gdc_download_20260123_154153.943271/589341c3-0245-450f-aa10-9c91dd77ca77/TCGA-DJ-A3VB.CAE279C4-3563-419D-9BC7-9FB54A3C58FD.PDF,Papillary Thyroid Carcinoma,Tall Cell,T3,N1a,M0,Microscopic,R0,Multifocal,YES,1,1,OK
TCGA-BJ-A28X,nationwidechildrens.org_clinical.TCGA-BJ-A28X.xml,TCGA-BJ-A28X.BECBC693-AC81-4094-8833-28189B8BF8C7.PDF,data/raw/GDC Data Thyroid/gdc_download_20260123_154153.943271/2fbb34ba-088b-4f70-9474-5efb1a42989c/nationwidechildrens.org_clinical.TCGA-BJ-A28X.xml,data/raw/GDC Data Thyroid/gdc_download_20260123_154153.943271/5e046e78-9e5b-4268-b3e4-09dcadc8e807/TCGA-BJ-A28X.BECBC693-AC81-4094-8833-28189B8BF8C7.PDF,Papillary Thyroid Carcinoma,Tall Cell,T3,N1a,M0,Microscopic,R0,Multifocal,YES,8,2,OK
TCGA-L6-A4EU,nationwidechildrens.org_clinical.TCGA-L6-A4EU.xml,TCGA-L6-A4EU.F67DA6D7-9692-4400-A5C6-D7D234FC36F7.PDF,data/raw/GDC Data Thyroid/gdc_download_20260123_154153.943271/babe91e6-a9e8-4551-ae92-6963b74319fd/nationwidechildrens.org_clinical.TCGA-L6-A4EU.xml,data/raw/GDC Data Thyroid/gdc_download_20260123_154153.943271/78898ab7-14c3-4a86-b33b-2d600c607054/TCGA-L6-A4EU.F67DA6D7-9692-4400-A5C6-D7D234FC36F7.PDF,Papillary Thyroid Carcinoma,Tall Cell,T3,N1a,M0,Microscopic,R1,Multifocal,YES,33,4,OK
TCGA-DJ-A2QB,nationwidechildrens.org_clinical.TCGA-DJ-A2QB.xml,TCGA-DJ-A2QB.8F4F74F6-4B01-4F2D-9927-12F1A23A3501.PDF,data/raw/GDC Data Thyroid/gdc_download_20260123_154153.943271/d69b294b-43a4-497e-9196-3a0ba3b2083c/nationwidechildrens.org_clinical.TCGA-DJ-A2QB.xml,data/raw/GDC Data Thyroid/gdc_download_20260123_154153.943271/44545e3d-c493-4046-8927-8305d48ea5c7/TCGA-DJ-A2QB.8F4F74F6-4B01-4F2D-9927-12F1A23A3501.PDF,Papillary Thyroid Carcinoma,Follicular,T3,N1b,M0,Microscopic,R0,Multifocal,YES,54,5,OK
TCGA-DJ-A4V4,nationwidechildrens.org_clinical.TCGA-DJ-A4V4.xml,TCGA-DJ-A4V4.E46B404D-E817-4D5F-9F1D-9E459DF09D11.PDF,data/raw/GDC Data Thyroid/gdc_download_20260123_154153.943271/bc79c1e4-8cd7-4ca8-817f-74f6f55160af/nationwidechildrens.org_clinical.TCGA-DJ-A4V4.xml,data/raw/GDC Data Thyroid/gdc_download_20260123_154153.943271/a46e590d-423f-49c5-89ce-2dbbdefd9174/TCGA-DJ-A4V4.E46B404D-E817-4D5F-9F1D-9E459DF09D11.PDF,Papillary Thyroid Carcinoma,Tall Cell,T1a,N0,M0,No ETE,R0,Multifocal,NO,,,OK
TCGA-EM-A1YB,nationwidechildrens.org_clinical.TCGA-EM-A1YB.xml,TCGA-EM-A1YB.B07E51BC-B961-4B1C-81A1-352CED88468A.PDF,data/raw/GDC Data Thyroid/gdc_download_20260123_154153.943271/65f7bafb-7405-4043-8bc9-e0f4d4928772/nationwidechildrens.org_clinical.TCGA-EM-A1YB.xml,data/raw/GDC Data Thyroid/gdc_download_20260123_154153.943271/cfb0b1e0-5b4f-4d84-897d-778c841c4337/TCGA-EM-A1YB.B07E51BC-B961-4B1C-81A1-352CED88468A.PDF,Papillary Thyroid Carcinoma,Follicular,T2,NX,MX,No ETE,R0,Multifocal,NO,,,OK
TCGA-ET-A3DV,nationwidechildrens.org_clinical.TCGA-ET-A3DV.xml,TCGA-ET-A3DV.D95F4F07-87EC-4668-ADC6-95BB3B097DB1.PDF,data/raw/GDC Data Thyroid/gdc_download_20260123_154153.943271/525c0077-74a5-403d-ac5d-d2b8a5fa3261/nationwidechildrens.org_clinical.TCGA-ET-A3DV.xml,data/raw/GDC Data Thyroid/gdc_download_20260123_154153.943271/03148182-9009-4eb6-8950-8723ef1e1575/TCGA-ET-A3DV.D95F4F07-87EC-4668-ADC6-95BB3B097DB1.PDF,Papillary Thyroid Carcinoma,Follicular,T3,N0,MX,Microscopic,R0,Unifocal,YES,1,0,OK
TCGA-EL-A4KD,nationwidechildrens.org_clinical.TCGA-EL-A4KD.xml,TCGA-EL-A4KD.FC8878CC-A4A0-4C28-853D-BF74BFA64422.PDF,data/raw/GDC Data Thyroid/gdc_download_20260123_154153.943271/22ee8e36-5c08-4a14-86da-5d3db486364e/nationwidechildrens.org_clinical.TCGA-EL-A4KD.xml,data/raw/GDC Data Thyroid/gdc_download_20260123_154153.943271/b860ae4e-bd3a-4ccf-b016-b982927099f6/TCGA-EL-A4KD.FC8878CC-A4A0-4C28-853D-BF74BFA64422.PDF,Papillary Thyroid Carcinoma,Classical,T3,N1,M0,Microscopic,R0,Unifocal,YES,18,4,OK
TCGA-BJ-A192,nationwidechildrens.org_clinical.TCGA-BJ-A192.xml,TCGA-BJ-A192.84EC1EDD-A480-49F7-905F-8906B7760A94.PDF,data/raw/GDC Data Thyroid/gdc_download_20260123_154153.943271/68440d00-8a5a-4de2-aab4-62b1fdd851ad/nationwidechildrens.org_clinical.TCGA-BJ-A192.xml,data/raw/GDC Data Thyroid/gdc_download_20260123_154153.943271/af9210cf-c2e3-4031-9d6b-f0cba769a30e/TCGA-BJ-A192.84EC1EDD-A480-49F7-905F-8906B7760A94.PDF,Papillary Thyroid Carcinoma,Classical,T3,NX,M0,Microscopic,Not Available,Unifocal,NO,0,,INCOMPLETE
TCGA-EM-A4FF,nationwidechildrens.org_clinical.TCGA-EM-A4FF.xml,TCGA-EM-A4FF.013C1D9F-3602-413B-B211-31BE03C5C1D6.PDF,data/raw/GDC Data Thyroid/gdc_download_20260123_154153.943271/9a0ca0c0-a2ed-4b48-aab3-d6caf671754e/nationwidechildrens.org_clinical.TCGA-EM-A4FF.xml,data/raw/GDC Data Thyroid/gdc_download_20260123_154153.943271/39695b22-86ad-4b29-a5cc-ee0dda01f2c4/TCGA-EM-A4FF.013C1D9F-3602-413B-B211-31BE03C5C1D6.PDF,Papillary Thyroid Carcinoma,Classical,T1b,N1,MX,No ETE,R1,Multifocal,YES,4,1,OK
TCGA-DJ-A3V0,nationwidechildrens.org_clinical.TCGA-DJ-A3V0.xml,TCGA-DJ-A3V0.F391F61B-413E-445F-A4AB-E6EA65B57DB3.PDF,data/raw/GDC Data Thyroid/gdc_download_20260123_154153.943271/604cab68-e13a-4079-b527-cad35f4283ee/nationwidechildrens.org_clinical.TCGA-DJ-A3V0.xml,data/raw/GDC Data Thyroid/gdc_download_20260123_154153.943271/0cb21598-4322-42af-a234-f33a695ebe07/TCGA-DJ-A3V0.F391F61B-413E-445F-A4AB-E6EA65B57DB3.PDF,Papillary Thyroid Carcinoma,Tall Cell,T4a,N1b,M0,Gross,R0,Multifocal,YES,49,13,OK
TCGA-EM-A2P2,nationwidechildrens.org_clinical.TCGA-EM-A2P2.xml,TCGA-EM-A2P2.7AEAFE55-1489-4795-B602-79587086D85B.PDF,data/raw/GDC Data Thyroid/gdc_download_20260123_154153.943271/a8c4732d-f010-4f1f-bba2-b3c16d89ddf4/nationwidechildrens.org_clinical.TCGA-EM-A2P2.xml,data/raw/GDC Data Thyroid/gdc_download_20260123_154153.943271/e1d5ced2-4239-423f-800d-60810bfee150/TCGA-EM-A2P2.7AEAFE55-1489-4795-B602-79587086D85B.PDF,Papillary Thyroid Carcinoma,Follicular,T3,N0,MX,No ETE,R0,Multifocal,YES,5,0,OK
TCGA-EL-A3D1,nationwidechildrens.org_clinical.TCGA-EL-A3D1.xml,TCGA-EL-A3D1.5CEADB5F-C00E-47CD-B28B-138FAF67CED5.PDF,data/raw/GDC Data Thyroid/gdc_download_20260123_154153.943271/5f233f13-9d8f-47cb-b509-9ec28277380b/nationwidechildrens.org_clinical.TCGA-EL-A3D1.xml,data/raw/GDC Data Thyroid/gdc_download_20260123_154153.943271/e4418b87-136d-483e-8d94-52cee26cf9af/TCGA-EL-A3D1.5CEADB5F-C00E-47CD-B28B-138FAF67CED5.PDF,Papillary Thyroid Carcinoma,Classical,T2,N0,M0,No ETE,R0,Multifocal,YES,19,0,OK
TCGA-BJ-A45G,nationwidechildrens.org_clinical.TCGA-BJ-A45G.xml,TCGA-BJ-A45G.4B23A4BB-14FC-4A52-A148-0739020C65AA.PDF,data/raw/GDC Data Thyroid/gdc_download_20260123_154153.943271/bd8d8531-ef3f-4118-85fa-2f89389828eb/nationwidechildrens.org_clinical.TCGA-BJ-A45G.xml,data/raw/GDC Data Thyroid/gdc_download_20260123_154153.943271/2b625df4-026b-485f-8a93-400df111eba2/TCGA-BJ-A45G.4B23A4BB-14FC-4A52-A148-0739020C65AA.PDF,Papillary Thyroid Carcinoma,Follicular,T2,N1,M0,No ETE,Not Available,Multifocal,YES,7,4,INCOMPLETE
TCGA-BJ-A28V,nationwidechildrens.org_clinical.TCGA-BJ-A28V.xml,TCGA-BJ-A28V.8CE75929-8C0F-4ED0-847C-DC3A442147F6.PDF,data/raw/GDC Data Thyroid/gdc_download_20260123_154153.943271/c90bf287-3ea5-4144-a990-46c667091101/nationwidechildrens.org_clinical.TCGA-BJ-A28V.xml,data/raw/GDC Data Thyroid/gdc_download_20260123_154153.943271/1957151b-b635-4440-8876-5b3801aa7f29/TCGA-BJ-A28V.8CE75929-8C0F-4ED0-847C-DC3A442147F6.PDF,Papillary Thyroid Carcinoma,Classical,T3,N0,MX,Not Available,Not Available,Multifocal,,,,INCOMPLETE
TCGA-FY-A3R7,nationwidechildrens.org_clinical.TCGA-FY-A3R7.xml,TCGA-FY-A3R7.1D97E5A9-0629-4545-9BCE-2E7729C031A8.PDF,data/raw/GDC Data Thyroid/gdc_download_20260123_154153.943271/a9a90952-6815-43a1-b994-13f33e6b6512/nationwidechildrens.org_clinical.TCGA-FY-A3R7.xml,data/raw/GDC Data Thyroid/gdc_download_20260123_154153.943271/5f2cd942-617a-4e04-949c-a53d37c81c06/TCGA-FY-A3R7.1D97E5A9-0629-4545-9BCE-2E7729C031A8.PDF,Papillary Thyroid Carcinoma,Classical,T3,N1a,MX,Microscopic,Not Available,Multifocal,YES,2,2,INCOMPLETE
TCGA-ET-A25O,nationwidechildrens.org_clinical.TCGA-ET-A25O.xml,TCGA-ET-A25O.666D675C-FA0F-4CF6-90AE-7B2E442D039B.PDF,data/raw/GDC Data Thyroid/gdc_download_20260123_154153.943271/e3710d0f-cda0-48ac-9e5c-eab52b653440/nationwidechildrens.org_clinical.TCGA-ET-A25O.xml,data/raw/GDC Data Thyroid/gdc_download_20260123_154153.943271/439ad244-7a32-441c-b93a-0fe232f0e8be/TCGA-ET-A25O.666D675C-FA0F-4CF6-90AE-7B2E442D039B.PDF,Papillary Thyroid Carcinoma,Classical,T2,N1a,MX,No ETE,R0,Unifocal,YES,5,2,OK
TCGA-DJ-A3UR,nationwidechildrens.org_clinical.TCGA-DJ-A3UR.xml,TCGA-DJ-A3UR.BB1A0D13-F803-43E4-AD87-34E37B6932FD.PDF,data/raw/GDC Data Thyroid/gdc_download_20260123_154153.943271/2328e023-14ae-4150-853a-5aa9c8b8ac37/nationwidechildrens.org_clinical.TCGA-DJ-A3UR.xml,data/raw/GDC Data Thyroid/gdc_download_20260123_154153.943271/a462a1ab-53ee-4eb9-b9f6-978efa665ca6/TCGA-DJ-A3UR.BB1A0D13-F803-43E4-AD87-34E37B6932FD.PDF,Papillary Thyroid Carcinoma,Follicular,T3,N1a,M0,Microscopic,R0,Multifocal,YES,7,4,OK
TCGA-EM-A22N,nationwidechildrens.org_clinical.TCGA-EM-A22N.xml,TCGA-EM-A22N.B3E28081-82CE-471C-BDC7-78EAB3613AFE.PDF,data/raw/GDC Data Thyroid/gdc_download_20260123_154153.943271/aec6302e-c595-4bbd-ba41-c6f3da2b64d9/nationwidechildrens.org_clinical.TCGA-EM-A22N.xml,data/raw/GDC Data Thyroid/gdc_download_20260123_154153.943271/9bdc2657-62cb-4038-8a54-7a8acddf1327/TCGA-EM-A22N.B3E28081-82CE-471C-BDC7-78EAB3613AFE.PDF,Papillary Thyroid Carcinoma,Follicular,T1b,N0,MX,No ETE,Not Available,Multifocal,YES,2,0,INCOMPLETE
TCGA-DE-A0Y3,nationwidechildrens.org_clinical.TCGA-DE-A0Y3.xml,TCGA-DE-A0Y3.1D87503D-1F7D-4545-B579-EF9426B02B5A.PDF,data/raw/GDC Data Thyroid/gdc_download_20260123_154153.943271/4f72b20d-8ebd-4d7b-8dcd-32b257f949d8/nationwidechildrens.org_clinical.TCGA-DE-A0Y3.xml,data/raw/GDC Data Thyroid/gdc_download_20260123_154153.943271/d1a8b3e8-0138-4c3a-9586-fdc6b221c34d/TCGA-DE-A0Y3.1D87503D-1F7D-4545-B579-EF9426B02B5A.PDF,Papillary Thyroid Carcinoma,Classical,T4a,N1b,M1,Not Available,R1,Multifocal,YES,22,4,INCOMPLETE
TCGA-FY-A3BL,nationwidechildrens.org_clinical.TCGA-FY-A3BL.xml,TCGA-FY-A3BL.410839D6-B990-415C-A2C8-2AAC60C02E9B.PDF,data/raw/GDC Data Thyroid/gdc_download_20260123_154153.943271/38834e8e-05b1-49b2-9605-4d44ea27b199/nationwidechildrens.org_clinical.TCGA-FY-A3BL.xml,data/raw/GDC Data Thyroid/gdc_download_20260123_154153.943271/e3f1d495-e84a-4fa5-b4a2-6643b0057198/TCGA-FY-A3BL.410839D6-B990-415C-A2C8-2AAC60C02E9B.PDF,Papillary Thyroid Carcinoma,Classical,T1,NX,M0,No ETE,R0,,NO,,,INCOMPLETE
TCGA-QD-A8IV,nationwidechildrens.org_clinical.TCGA-QD-A8IV.xml,TCGA-QD-A8IV.9B35F0B4-C4E1-4EC4-9B58-550AC430984D.PDF,data/raw/GDC Data Thyroid/gdc_download_20260123_154153.943271/3fe4d42f-9a4d-4928-895b-4674d4aba96e/nationwidechildrens.org_clinical.TCGA-QD-A8IV.xml,data/raw/GDC Data Thyroid/gdc_download_20260123_154153.943271/19de8ff2-5a4f-4417-92cc-c20653c5506b/TCGA-QD-A8IV.9B35F0B4-C4E1-4EC4-9B58-550AC430984D.PDF,Papillary Thyroid Carcinoma,Classical,T3,N1b,MX,Microscopic,Not Available,Multifocal,YES,38,15,INCOMPLETE
TCGA-FY-A3R8,nationwidechildrens.org_clinical.TCGA-FY-A3R8.xml,TCGA-FY-A3R8.1A79B4F7-8315-450C-A1E9-BAA89C6E9001.PDF,data/raw/GDC Data Thyroid/gdc_download_20260123_154153.943271/0b28f14d-c705-4150-8a81-661297e8e9e0/nationwidechildrens.org_clinical.TCGA-FY-A3R8.xml,data/raw/GDC Data Thyroid/gdc_download_20260123_154153.943271/1f0e4610-f36b-4df5-a505-e1cce7832d85/TCGA-FY-A3R8.1A79B4F7-8315-450C-A1E9-BAA89C6E9001.PDF,Papillary Thyroid Carcinoma,Classical,T3,NX,MX,Microscopic,R0,Unifocal,NO,,,OK
TCGA-EM-A22J,nationwidechildrens.org_clinical.TCGA-EM-A22J.xml,TCGA-EM-A22J.D007B2FA-8E60-4C50-832B-7E3E320DDD97.PDF,data/raw/GDC Data Thyroid/gdc_download_20260123_154153.943271/e2006898-468f-42ba-929e-ecf66bda2259/nationwidechildrens.org_clinical.TCGA-EM-A22J.xml,data/raw/GDC Data Thyroid/gdc_download_20260123_154153.943271/0d7b3069-2515-449d-a3f0-5cf0cb9b94e6/TCGA-EM-A22J.D007B2FA-8E60-4C50-832B-7E3E320DDD97.PDF,Papillary Thyroid Carcinoma,Follicular,T2,N0,MX,No ETE,Not Available,Unifocal,YES,1,0,INCOMPLETE
TCGA-DJ-A4UR,nationwidechildrens.org_clinical.TCGA-DJ-A4UR.xml,TCGA-DJ-A4UR.E27BD8E1-D5E4-4506-83D1-FF05EF12C3B4.PDF,data/raw/GDC Data Thyroid/gdc_download_20260123_154153.943271/84210d67-6993-4f69-a88f-353d8cd1ef6f/nationwidechildrens.org_clinical.TCGA-DJ-A4UR.xml,data/raw/GDC Data Thyroid/gdc_download_20260123_154153.943271/b28ecc76-c18d-46f3-af0d-7f7bbbc2a2a3/TCGA-DJ-A4UR.E27BD8E1-D5E4-4506-83D1-FF05EF12C3B4.PDF,Papillary Thyroid Carcinoma,Follicular,T3,N1b,M1,Microscopic,R0,Unifocal,YES,23,11,OK
TCGA-DJ-A13L,nationwidechildrens.org_clinical.TCGA-DJ-A13L.xml,TCGA-DJ-A13L.52AF2DB0-ABEF-44A8-ADD8-9A5E6F8EF624.PDF,data/raw/GDC Data Thyroid/gdc_download_20260123_154153.943271/f7012bc7-0326-441d-a8ca-9b35756e0892/nationwidechildrens.org_clinical.TCGA-DJ-A13L.xml,data/raw/GDC Data Thyroid/gdc_download_20260123_154153.943271/d1a7100c-e157-4ad9-ba7c-f518969f94b6/TCGA-DJ-A13L.52AF2DB0-ABEF-44A8-ADD8-9A5E6F8EF624.PDF,Papillary Thyroid Carcinoma,Tall Cell,T1b,N0,M0,No ETE,R0,Multifocal,NO,,,OK
TCGA-ET-A3BS,nationwidechildrens.org_clinical.TCGA-ET-A3BS.xml,TCGA-ET-A3BS.15B854F2-949F-497F-B47D-C4DC3E8D9693.PDF,data/raw/GDC Data Thyroid/gdc_download_20260123_154153.943271/f41b5f03-c06e-425a-a541-b56c737a5fc0/nationwidechildrens.org_clinical.TCGA-ET-A3BS.xml,data/raw/GDC Data Thyroid/gdc_download_20260123_154153.943271/fd2b8005-cf62-45a9-a00b-5997e0be2914/TCGA-ET-A3BS.15B854F2-949F-497F-B47D-C4DC3E8D9693.PDF,Papillary Thyroid Carcinoma,Classical,T3,N1a,MX,Microscopic,R0,Multifocal,YES,17,8,OK
TCGA-ET-A40S,nationwidechildrens.org_clinical.TCGA-ET-A40S.xml,TCGA-ET-A40S.82520D7D-DA01-4884-BFD9-1396B05E0C5A.PDF,data/raw/GDC Data Thyroid/gdc_download_20260123_154153.943271/565ae517-6902-4780-9016-0f2050cc0ed3/nationwidechildrens.org_clinical.TCGA-ET-A40S.xml,data/raw/GDC Data Thyroid/gdc_download_20260123_154153.943271/4d48e405-f57b-4b97-adce-d969c5f3f846/TCGA-ET-A40S.82520D7D-DA01-4884-BFD9-1396B05E0C5A.PDF,Papillary Thyroid Carcinoma,Classical,T2,N0,MX,No ETE,Not Available,Multifocal,YES,12,0,INCOMPLETE
TCGA-EM-A2CT,nationwidechildrens.org_clinical.TCGA-EM-A2CT.xml,TCGA-EM-A2CT.8EFA3E32-F06C-4DAC-8774-2D05ADE3C3F4.PDF,data/raw/GDC Data Thyroid/gdc_download_20260123_154153.943271/61182d5b-6830-4605-b619-123cd91cfb9b/nationwidechildrens.org_clinical.TCGA-EM-A2CT.xml,data/raw/GDC Data Thyroid/gdc_download_20260123_154153.943271/962438b1-b7a4-4489-87f6-67641cf530a6/TCGA-EM-A2CT.8EFA3E32-F06C-4DAC-8774-2D05ADE3C3F4.PDF,Papillary Thyroid Carcinoma,Follicular,T1b,N0,MX,No ETE,R0,Unifocal,YES,5,0,OK
TCGA-EL-A3CZ,nationwidechildrens.org_clinical.TCGA-EL-A3CZ.xml,TCGA-EL-A3CZ.3C4CDCCA-488D-40B2-96AA-1D7B78669FE9.PDF,data/raw/GDC Data Thyroid/gdc_download_20260123_154153.943271/c7ba4493-24bf-49df-8704-aea17a126bfd/nationwidechildrens.org_clinical.TCGA-EL-A3CZ.xml,data/raw/GDC Data Thyroid/gdc_download_20260123_154153.943271/26fcc2da-b396-4d87-bc79-4143cd4f2ff6/TCGA-EL-A3CZ.3C4CDCCA-488D-40B2-96AA-1D7B78669FE9.PDF,Papillary Thyroid Carcinoma,Classical,T1,N1a,M0,No ETE,R1,Unifocal,YES,7,1,OK
TCGA-EM-A3FJ,nationwidechildrens.org_clinical.TCGA-EM-A3FJ.xml,TCGA-EM-A3FJ.21F5F753-2DE9-4DB8-9006-768229687C1C.PDF,data/raw/GDC Data Thyroid/gdc_download_20260123_154153.943271/7a8f7f58-800d-4b3e-a730-cd036422f574/nationwidechildrens.org_clinical.TCGA-EM-A3FJ.xml,data/raw/GDC Data Thyroid/gdc_download_20260123_154153.943271/a09163ad-824a-45d5-8f03-8d16419a8a8e/TCGA-EM-A3FJ.21F5F753-2DE9-4DB8-9006-768229687C1C.PDF,Papillary Thyroid Carcinoma,Classical,T1a,N1b,MX,No ETE,R0,Multifocal,YES,33,12,OK
TCGA-EM-A2P3,nationwidechildrens.org_clinical.TCGA-EM-A2P3.xml,TCGA-EM-A2P3.22142C95-F5AF-4C35-A12A-2B62321DFED7.PDF,data/raw/GDC Data Thyroid/gdc_download_20260123_154153.943271/07c29160-e8e9-4d64-add2-fa6621efdab2/nationwidechildrens.org_clinical.TCGA-EM-A2P3.xml,data/raw/GDC Data Thyroid/gdc_download_20260123_154153.943271/6699eafa-a156-4630-aa30-bf8b8e66b13d/TCGA-EM-A2P3.22142C95-F5AF-4C35-A12A-2B62321DFED7.PDF,Papillary Thyroid Carcinoma,Classical,T1b,NX,MX,No ETE,R0,Multifocal,NO,,,OK
TCGA-DJ-A1QG,nationwidechildrens.org_clinical.TCGA-DJ-A1QG.xml,TCGA-DJ-A1QG.EEEC9799-0C51-4221-87CE-9C9AA24B0742.PDF,data/raw/GDC Data Thyroid/gdc_download_20260123_154153.943271/f183a7f1-3e32-4a95-b258-6ed5d9ab9977/nationwidechildrens.org_clinical.TCGA-DJ-A1QG.xml,data/raw/GDC Data Thyroid/gdc_download_20260123_154153.943271/975b2833-ab92-4820-827b-cc4acda43028/TCGA-DJ-A1QG.EEEC9799-0C51-4221-87CE-9C9AA24B0742.PDF,Papillary Thyroid Carcinoma,Follicular,T1b,N0,M0,No ETE,R0,Multifocal,YES,5,0,OK
TCGA-EM-A4G1,nationwidechildrens.org_clinical.TCGA-EM-A4G1.xml,TCGA-EM-A4G1.EF0C5187-A9B3-4EFC-A2AE-A78381C4DD8D.PDF,data/raw/GDC Data Thyroid/gdc_download_20260123_154153.943271/d2a74de7-d516-4855-9dbf-4fd14b0d3e6a/nationwidechildrens.org_clinical.TCGA-EM-A4G1.xml,data/raw/GDC Data Thyroid/gdc_download_20260123_154153.943271/4b0a265c-43d5-4298-bd47-81c5996b3cb3/TCGA-EM-A4G1.EF0C5187-A9B3-4EFC-A2AE-A78381C4DD8D.PDF,Papillary Thyroid Carcinoma,Follicular,T1b,N0,MX,No ETE,R0,Unifocal,YES,2,0,OK
TCGA-BJ-A4O9,nationwidechildrens.org_clinical.TCGA-BJ-A4O9.xml,TCGA-BJ-A4O9.526938F6-37F3-4B78-AFE5-301AED24EADA.PDF,data/raw/GDC Data Thyroid/gdc_download_20260123_154153.943271/c49127e3-5aac-4aa3-a9e7-829adb1e6fc7/nationwidechildrens.org_clinical.TCGA-BJ-A4O9.xml,data/raw/GDC Data Thyroid/gdc_download_20260123_154153.943271/55fcbd60-9fcf-446c-9e31-20023085c340/TCGA-BJ-A4O9.526938F6-37F3-4B78-AFE5-301AED24EADA.PDF,Papillary Thyroid Carcinoma,Follicular,T2,N0,M0,No ETE,Not Available,Unifocal,YES,8,0,INCOMPLETE
TCGA-EL-A3GW,nationwidechildrens.org_clinical.TCGA-EL-A3GW.xml,TCGA-EL-A3GW.9093C3DC-F933-4705-86BF-9CA24A98C624.PDF,data/raw/GDC Data Thyroid/gdc_download_20260123_154153.943271/5e2e15c0-8686-4e01-a0f1-9d1adf83e065/nationwidechildrens.org_clinical.TCGA-EL-A3GW.xml,data/raw/GDC Data Thyroid/gdc_download_20260123_154153.943271/471d5862-81cf-4080-b632-be04773d3694/TCGA-EL-A3GW.9093C3DC-F933-4705-86BF-9CA24A98C624.PDF,Papillary Thyroid Carcinoma,Classical,T2,N0,M0,No ETE,R0,Unifocal,NO,,,OK
TCGA-DE-A4MD,nationwidechildrens.org_clinical.TCGA-DE-A4MD.xml,TCGA-DE-A4MD.ECDA6157-FC03-47FD-8070-C082DF08E75D.PDF,data/raw/GDC Data Thyroid/gdc_download_20260123_154153.943271/14b8d4b3-a2fe-48fc-82c4-94b5a107a5ed/nationwidechildrens.org_clinical.TCGA-DE-A4MD.xml,data/raw/GDC Data Thyroid/gdc_download_20260123_154153.943271/26e57d34-4fa1-48cd-9bf5-e2f93d50ec9a/TCGA-DE-A4MD.ECDA6157-FC03-47FD-8070-C082DF08E75D.PDF,Papillary Thyroid Carcinoma,Classical,T3,N1b,M0,No ETE,R0,Unifocal,YES,41,9,OK
TCGA-FY-A3I4,nationwidechildrens.org_clinical.TCGA-FY-A3I4.xml,TCGA-FY-A3I4.9D03B6BA-32C0-47A1-B296-A7E9BD2B2EEF.PDF,data/raw/GDC Data Thyroid/gdc_download_20260123_154153.943271/bfad25c0-38bc-44bd-bc88-6c8cc8138420/nationwidechildrens.org_clinical.TCGA-FY-A3I4.xml,data/raw/GDC Data Thyroid/gdc_download_20260123_154153.943271/89d79554-b96b-48de-9da9-85669d62f306/TCGA-FY-A3I4.9D03B6BA-32C0-47A1-B296-A7E9BD2B2EEF.PDF,Papillary Thyroid Carcinoma,Classical,T2,N0,M0,No ETE,R0,Unifocal,YES,1,0,OK
TCGA-FY-A3YR,nationwidechildrens.org_clinical.TCGA-FY-A3YR.xml,TCGA-FY-A3YR.1DA19725-B6C2-44B7-A164-2FAB6CD3DE2C.PDF,data/raw/GDC Data Thyroid/gdc_download_20260123_154153.943271/ec3d9b73-e4e4-4887-804a-a22d36ef6b22/nationwidechildrens.org_clinical.TCGA-FY-A3YR.xml,data/raw/GDC Data Thyroid/gdc_download_20260123_154153.943271/4829b2f5-aa27-4386-98f6-352bc7053693/TCGA-FY-A3YR.1DA19725-B6C2-44B7-A164-2FAB6CD3DE2C.PDF,Papillary Thyroid Carcinoma,Classical,T3,N1a,MX,Microscopic,R0,Unifocal,YES,11,4,OK
TCGA-ET-A39L,nationwidechildrens.org_clinical.TCGA-ET-A39L.xml,TCGA-ET-A39L.C284BB2D-209D-42BD-9DDC-DD5C152BE2CE.PDF,data/raw/GDC Data Thyroid/gdc_download_20260123_154153.943271/13ba0c63-b55d-4ab5-aeee-6952d2ca2e62/nationwidechildrens.org_clinical.TCGA-ET-A39L.xml,data/raw/GDC Data Thyroid/gdc_download_20260123_154153.943271/df35914f-39e3-4523-9b90-6fb61d8c05e0/TCGA-ET-A39L.C284BB2D-209D-42BD-9DDC-DD5C152BE2CE.PDF,Papillary Thyroid Carcinoma,Classical,T3,N0,MX,No ETE,R0,Unifocal,YES,4,0,OK
TCGA-KS-A4IB,nationwidechildrens.org_clinical.TCGA-KS-A4IB.xml,TCGA-KS-A4IB.53A2A6C2-4847-459F-8881-E4C37FEF9D9E.PDF,data/raw/GDC Data Thyroid/gdc_download_20260123_154153.943271/2aef3bbb-6334-47e3-9e6d-f262c17b678a/nationwidechildrens.org_clinical.TCGA-KS-A4IB.xml,data/raw/GDC Data Thyroid/gdc_download_20260123_154153.943271/16ec5faa-e3a4-486f-b6d7-d94e25839952/TCGA-KS-A4IB.53A2A6C2-4847-459F-8881-E4C37FEF9D9E.PDF,Papillary Thyroid Carcinoma,Classical,T2,N1,M0,No ETE,R0,Unifocal,YES,7,2,OK
TCGA-EM-A3ST,nationwidechildrens.org_clinical.TCGA-EM-A3ST.xml,TCGA-EM-A3ST.1056960E-3020-440D-976D-B29BFCC93991.PDF,data/raw/GDC Data Thyroid/gdc_download_20260123_154153.943271/9214a9d3-077a-4dcb-8f2f-0665e5f93a14/nationwidechildrens.org_clinical.TCGA-EM-A3ST.xml,data/raw/GDC Data Thyroid/gdc_download_20260123_154153.943271/a1081003-b6db-4d85-bf9e-086562d01faf/TCGA-EM-A3ST.1056960E-3020-440D-976D-B29BFCC93991.PDF,Papillary Thyroid Carcinoma,Follicular,T3,N0,MX,No ETE,R0,Multifocal,YES,1,0,OK
TCGA-EM-A2OY,nationwidechildrens.org_clinical.TCGA-EM-A2OY.xml,TCGA-EM-A2OY.9962DA33-6B07-4433-A4BC-777B4E5942A0.PDF,data/raw/GDC Data Thyroid/gdc_download_20260123_154153.943271/00443bd9-9fef-4296-abc4-fd4188ba1086/nationwidechildrens.org_clinical.TCGA-EM-A2OY.xml,data/raw/GDC Data Thyroid/gdc_download_20260123_154153.943271/9f0ff8d5-c0cf-4926-97d9-f1352b0e4863/TCGA-EM-A2OY.9962DA33-6B07-4433-A4BC-777B4E5942A0.PDF,Papillary Thyroid Carcinoma,Follicular,T2,N0,MX,No ETE,R0,Multifocal,YES,1,0,OK
TCGA-EL-A3TA,nationwidechildrens.org_clinical.TCGA-EL-A3TA.xml,TCGA-EL-A3TA.784D0924-C38E-4C85-914B-B7F123F3E3C5.PDF,data/raw/GDC Data Thyroid/gdc_download_20260123_154153.943271/aa00b490-541f-448c-9304-0059e3059be0/nationwidechildrens.org_clinical.TCGA-EL-A3TA.xml,data/raw/GDC Data Thyroid/gdc_download_20260123_154153.943271/45684d35-3ce4-4020-a9f5-333bd79e44af/TCGA-EL-A3TA.784D0924-C38E-4C85-914B-B7F123F3E3C5.PDF,Papillary Thyroid Carcinoma,Classical,T2,N0,M0,No ETE,R0,Unifocal,NO,,,OK
TCGA-E8-A413,nationwidechildrens.org_clinical.TCGA-E8-A413.xml,TCGA-E8-A413.67AA3628-75B9-4045-869C-CE3A28B2DA1D.PDF,data/raw/GDC Data Thyroid/gdc_download_20260123_154153.943271/54931524-aac7-41fd-8403-5a0ed63703af/nationwidechildrens.org_clinical.TCGA-E8-A413.xml,data/raw/GDC Data Thyroid/gdc_download_20260123_154153.943271/143c56f1-e630-42fa-9e1e-9a1a98b9316f/TCGA-E8-A413.67AA3628-75B9-4045-869C-CE3A28B2DA1D.PDF,Papillary Thyroid Carcinoma,Classical,T1b,N0,M0,No ETE,R0,Unifocal,NO,,,OK
TCGA-DJ-A2PO,nationwidechildrens.org_clinical.TCGA-DJ-A2PO.xml,TCGA-DJ-A2PO.752F974A-53AA-4946-9994-E4E49EEE5AEC.PDF,data/raw/GDC Data Thyroid/gdc_download_20260123_154153.943271/9af91972-9101-4ca0-9a38-391c3a12e8ff/nationwidechildrens.org_clinical.TCGA-DJ-A2PO.xml,data/raw/GDC Data Thyroid/gdc_download_20260123_154153.943271/4bcbb096-ddf4-4b74-bae1-9c6f2a6c65f6/TCGA-DJ-A2PO.752F974A-53AA-4946-9994-E4E49EEE5AEC.PDF,Papillary Thyroid Carcinoma,Classical,T1a,N0,M0,No ETE,R0,Multifocal,YES,4,0,OK
TCGA-DJ-A2PW,nationwidechildrens.org_clinical.TCGA-DJ-A2PW.xml,TCGA-DJ-A2PW.AED8092A-40A2-4376-AB04-8D31896D7FE5.PDF,data/raw/GDC Data Thyroid/gdc_download_20260123_154153.943271/0af135b8-7403-4e10-9993-231521df4a71/nationwidechildrens.org_clinical.TCGA-DJ-A2PW.xml,data/raw/GDC Data Thyroid/gdc_download_20260123_154153.943271/6777d419-fb9e-4714-abf5-dc4b3289fd41/TCGA-DJ-A2PW.AED8092A-40A2-4376-AB04-8D31896D7FE5.PDF,Papillary Thyroid Carcinoma,Classical,T3,N1a,M0,No ETE,R0,Multifocal,YES,1,1,OK
TCGA-DJ-A3UK,nationwidechildrens.org_clinical.TCGA-DJ-A3UK.xml,TCGA-DJ-A3UK.C4494D77-7172-4C95-95D4-CFCC3A0F66C5.PDF,data/raw/GDC Data Thyroid/gdc_download_20260123_154153.943271/146ba78a-1015-4993-8d1c-6a2b6db72e0c/nationwidechildrens.org_clinical.TCGA-DJ-A3UK.xml,data/raw/GDC Data Thyroid/gdc_download_20260123_154153.943271/c6483632-0508-49e1-bf4a-7d7bf6958a9e/TCGA-DJ-A3UK.C4494D77-7172-4C95-95D4-CFCC3A0F66C5.PDF,Papillary Thyroid Carcinoma,Classical,T1b,N0,M0,No ETE,R0,Multifocal,YES,3,0,OK
TCGA-FY-A3R9,nationwidechildrens.org_clinical.TCGA-FY-A3R9.xml,TCGA-FY-A3R9.312CB64B-BDC4-4B69-BBEA-EA51B2D349DA.PDF,data/raw/GDC Data Thyroid/gdc_download_20260123_154153.943271/984e107d-da8c-46fa-81c8-0e1cdc6c6476/nationwidechildrens.org_clinical.TCGA-FY-A3R9.xml,data/raw/GDC Data Thyroid/gdc_download_20260123_154153.943271/a29c7fe5-ac5b-4f91-8025-e2af405c9806/TCGA-FY-A3R9.312CB64B-BDC4-4B69-BBEA-EA51B2D349DA.PDF,Papillary Thyroid Carcinoma,Classical,T1a,N0,MX,No ETE,R0,Multifocal,YES,1,0,OK
TCGA-L6-A4EQ,nationwidechildrens.org_clinical.TCGA-L6-A4EQ.xml,TCGA-L6-A4EQ.E74C0B3F-6261-4C59-8A1F-6DD5975637D2.PDF,data/raw/GDC Data Thyroid/gdc_download_20260123_154153.943271/de02534d-178d-46ec-8bf3-5afaea43f0a4/nationwidechildrens.org_clinical.TCGA-L6-A4EQ.xml,data/raw/GDC Data Thyroid/gdc_download_20260123_154153.943271/68b46ec7-c10f-4e4d-a323-e71c0c148b39/TCGA-L6-A4EQ.E74C0B3F-6261-4C59-8A1F-6DD5975637D2.PDF,Papillary Thyroid Carcinoma,Classical,T2,N1a,M0,No ETE,R0,Unifocal,YES,1,1,OK
TCGA-DJ-A3UO,nationwidechildrens.org_clinical.TCGA-DJ-A3UO.xml,TCGA-DJ-A3UO.53819A9B-A594-445D-BD36-BB29B7FC0607.PDF,data/raw/GDC Data Thyroid/gdc_download_20260123_154153.943271/32fb1356-1e41-4efd-9383-18ad616851e8/nationwidechildrens.org_clinical.TCGA-DJ-A3UO.xml,data/raw/GDC Data Thyroid/gdc_download_20260123_154153.943271/82d934be-28f1-4153-8cc3-dc9868be0ee4/TCGA-DJ-A3UO.53819A9B-A594-445D-BD36-BB29B7FC0607.PDF,Papillary Thyroid Carcinoma,Classical,T3,N1b,M0,Microscopic,R0,Multifocal,YES,25,6,OK
TCGA-DJ-A1QD,nationwidechildrens.org_clinical.TCGA-DJ-A1QD.xml,TCGA-DJ-A1QD.600E6160-AB49-4301-BE9F-EAF377C678A5.PDF,data/raw/GDC Data Thyroid/gdc_download_20260123_154153.943271/2178a867-6113-4da0-b698-cb82db464924/nationwidechildrens.org_clinical.TCGA-DJ-A1QD.xml,data/raw/GDC Data Thyroid/gdc_download_20260123_154153.943271/81c330de-3c0c-4d45-b130-db0110b9f606/TCGA-DJ-A1QD.600E6160-AB49-4301-BE9F-EAF377C678A5.PDF,Papillary Thyroid Carcinoma,Classical,T2,N1b,M0,No ETE,R0,Unifocal,,,,INCOMPLETE
TCGA-ET-A3BT,nationwidechildrens.org_clinical.TCGA-ET-A3BT.xml,TCGA-ET-A3BT.66200460-5621-4F64-A7D2-ECDF3793D63C.PDF,data/raw/GDC Data Thyroid/gdc_download_20260123_154153.943271/d299212f-04fd-4473-a371-a0e35330f1e1/nationwidechildrens.org_clinical.TCGA-ET-A3BT.xml,data/raw/GDC Data Thyroid/gdc_download_20260123_154153.943271/11f93215-95bc-4e50-aa2a-b55b778ed84b/TCGA-ET-A3BT.66200460-5621-4F64-A7D2-ECDF3793D63C.PDF,Papillary Thyroid Carcinoma,Tall Cell,T2,N1b,MX,No ETE,R0,Unifocal,YES,7,2,OK
TCGA-DJ-A3VD,nationwidechildrens.org_clinical.TCGA-DJ-A3VD.xml,TCGA-DJ-A3VD.B31A3265-AA77-431E-9886-403254D1B8A3.PDF,data/raw/GDC Data Thyroid/gdc_download_20260123_154153.943271/da7f5f20-9ff2-4a11-9ad5-d92f992a1b00/nationwidechildrens.org_clinical.TCGA-DJ-A3VD.xml,data/raw/GDC Data Thyroid/gdc_download_20260123_154153.943271/74f43a95-997c-46f9-9e04-50157100b80e/TCGA-DJ-A3VD.B31A3265-AA77-431E-9886-403254D1B8A3.PDF,Papillary Thyroid Carcinoma,Classical,T1b,N1a,M0,No ETE,R0,Unifocal,YES,14,6,OK
TCGA-EL-A4K7,nationwidechildrens.org_clinical.TCGA-EL-A4K7.xml,TCGA-EL-A4K7.74E7A957-CB8F-4D15-9EA7-40E1B7EC36FA.PDF,data/raw/GDC Data Thyroid/gdc_download_20260123_154153.943271/0bca687f-38a5-4b20-8e55-3309e7185fc8/nationwidechildrens.org_clinical.TCGA-EL-A4K7.xml,data/raw/GDC Data Thyroid/gdc_download_20260123_154153.943271/2de9b9af-6893-4af7-b097-8ec0ea4dae29/TCGA-EL-A4K7.74E7A957-CB8F-4D15-9EA7-40E1B7EC36FA.PDF,Papillary Thyroid Carcinoma,Classical,T2,N1,M0,Microscopic,R0,Unifocal,YES,1,0,OK
TCGA-DJ-A1QE,nationwidechildrens.org_clinical.TCGA-DJ-A1QE.xml,TCGA-DJ-A1QE.B7953E61-5047-4648-8A15-DE47510090BE.PDF,data/raw/GDC Data Thyroid/gdc_download_20260123_154153.943271/46fe518c-8ffb-4154-8f96-792d142a14bc/nationwidechildrens.org_clinical.TCGA-DJ-A1QE.xml,data/raw/GDC Data Thyroid/gdc_download_20260123_154153.943271/314ef293-071d-475f-94cb-30aa57499b57/TCGA-DJ-A1QE.B7953E61-5047-4648-8A15-DE47510090BE.PDF,Papillary Thyroid Carcinoma,Classical,T3,N0,M0,Microscopic,R0,Unifocal,NO,,,OK
TCGA-EL-A4KG,nationwidechildrens.org_clinical.TCGA-EL-A4KG.xml,TCGA-EL-A4KG.8B4D292E-EF9B-4457-91EE-754DD5E112E5.PDF,data/raw/GDC Data Thyroid/gdc_download_20260123_154153.943271/ff748591-c48a-441b-970e-98aa34b238ca/nationwidechildrens.org_clinical.TCGA-EL-A4KG.xml,data/raw/GDC Data Thyroid/gdc_download_20260123_154153.943271/3fc95a94-6e02-4451-9ec7-5ed9e694ed07/TCGA-EL-A4KG.8B4D292E-EF9B-4457-91EE-754DD5E112E5.PDF,Papillary Thyroid Carcinoma,Classical,T3,N0,M0,Microscopic,R0,Unifocal,YES,1,0,OK
TCGA-MK-A4N6,nationwidechildrens.org_clinical.TCGA-MK-A4N6.xml,TCGA-MK-A4N6.0532440D-F8D5-4A26-9A33-440775504978.PDF,data/raw/GDC Data Thyroid/gdc_download_20260123_154153.943271/f417406f-ea54-4bb4-8893-33c5d3e6744c/nationwidechildrens.org_clinical.TCGA-MK-A4N6.xml,data/raw/GDC Data Thyroid/gdc_download_20260123_154153.943271/c252ef38-72c6-4007-a7e3-259ffc69f218/TCGA-MK-A4N6.0532440D-F8D5-4A26-9A33-440775504978.PDF,Papillary Thyroid Carcinoma,Classical,T3,N1b,M0,Not Available,R0,Unifocal,YES,77,40,INCOMPLETE
TCGA-ET-A39S,nationwidechildrens.org_clinical.TCGA-ET-A39S.xml,TCGA-ET-A39S.2E9B4821-BC11-4BE9-9420-01B5C16B3270.PDF,data/raw/GDC Data Thyroid/gdc_download_20260123_154153.943271/f4c479eb-fa41-4e40-9e2d-def31c2c3c89/nationwidechildrens.org_clinical.TCGA-ET-A39S.xml,data/raw/GDC Data Thyroid/gdc_download_20260123_154153.943271/e66accef-2470-4f07-b2fa-e2582661b7fc/TCGA-ET-A39S.2E9B4821-BC11-4BE9-9420-01B5C16B3270.PDF,Papillary Thyroid Carcinoma,Classical,T1,N0,MX,No ETE,R0,Unifocal,YES,2,0,OK
TCGA-EL-A3GU,nationwidechildrens.org_clinical.TCGA-EL-A3GU.xml,TCGA-EL-A3GU.2D5EF0A8-A5A1-4C28-A723-F2127A834AB6.PDF,data/raw/GDC Data Thyroid/gdc_download_20260123_154153.943271/994e384f-0100-4383-8f66-e4d141d4d1b5/nationwidechildrens.org_clinical.TCGA-EL-A3GU.xml,data/raw/GDC Data Thyroid/gdc_download_20260123_154153.943271/5673a5d8-7b45-4f0b-b3ce-deb1dc67cc44/TCGA-EL-A3GU.2D5EF0A8-A5A1-4C28-A723-F2127A834AB6.PDF,Papillary Thyroid Carcinoma,Classical,T3,N1,M0,Microscopic,R0,Unifocal,YES,23,10,OK
TCGA-FE-A238,nationwidechildrens.org_clinical.TCGA-FE-A238.xml,TCGA-FE-A238.126D792D-DD12-4526-995D-02AE90FE3AAD.PDF,data/raw/GDC Data Thyroid/gdc_download_20260123_154153.943271/8d520bf3-1b64-4d04-92ee-0bf13e0fa3c6/nationwidechildrens.org_clinical.TCGA-FE-A238.xml,data/raw/GDC Data Thyroid/gdc_download_20260123_154153.943271/8ad1c9b7-50d1-43c5-a7cd-cd8160e55a43/TCGA-FE-A238.126D792D-DD12-4526-995D-02AE90FE3AAD.PDF,Papillary Thyroid Carcinoma,Classical,T3,N0,MX,Microscopic,R0,Multifocal,YES,1,0,OK
TCGA-CE-A3ME,nationwidechildrens.org_clinical.TCGA-CE-A3ME.xml,TCGA-CE-A3ME.F252CA7B-53A5-44A2-BABC-37EF371C1619.PDF,data/raw/GDC Data Thyroid/gdc_download_20260123_154153.943271/3f8c43ab-0882-4aef-873c-1e86d4b35f50/nationwidechildrens.org_clinical.TCGA-CE-A3ME.xml,data/raw/GDC Data Thyroid/gdc_download_20260123_154153.943271/bf2cb0eb-dfa5-4252-a251-8a90a97de3b8/TCGA-CE-A3ME.F252CA7B-53A5-44A2-BABC-37EF371C1619.PDF,Papillary Thyroid Carcinoma,Classical,T2,N0,M0,No ETE,R0,Unifocal,NO,,,OK
TCGA-E3-A3DY,nationwidechildrens.org_clinical.TCGA-E3-A3DY.xml,TCGA-E3-A3DY.C455F124-6CC8-4B9E-9CA6-68DF0A518639.PDF,data/raw/GDC Data Thyroid/gdc_download_20260123_154153.943271/cd6898cd-d9a5-4696-b5e6-3a3e7fb25055/nationwidechildrens.org_clinical.TCGA-E3-A3DY.xml,data/raw/GDC Data Thyroid/gdc_download_20260123_154153.943271/69f8ce7e-9f81-404f-976c-d984bd803f84/TCGA-E3-A3DY.C455F124-6CC8-4B9E-9CA6-68DF0A518639.PDF,Other,Not Available,T3,N1a,M0,No ETE,R0,Multifocal,YES,5,4,INCOMPLETE
TCGA-KS-A4I7,nationwidechildrens.org_clinical.TCGA-KS-A4I7.xml,TCGA-KS-A4I7.819E8C9B-A49F-450A-A55D-19BF97E3F9ED.PDF,data/raw/GDC Data Thyroid/gdc_download_20260123_154153.943271/f4e428d3-c170-4811-b145-ec1eaa96b4b2/nationwidechildrens.org_clinical.TCGA-KS-A4I7.xml,data/raw/GDC Data Thyroid/gdc_download_20260123_154153.943271/2d577bd2-477a-4d85-8379-e422edaced82/TCGA-KS-A4I7.819E8C9B-A49F-450A-A55D-19BF97E3F9ED.PDF,Papillary Thyroid Carcinoma,Classical,T1b,N0,M0,No ETE,R0,Unifocal,YES,4,0,OK
TCGA-EL-A3H4,nationwidechildrens.org_clinical.TCGA-EL-A3H4.xml,TCGA-EL-A3H4.587AB240-F36D-4FE3-B0A5-81C52DD1A6AF.PDF,data/raw/GDC Data Thyroid/gdc_download_20260123_154153.943271/9e60fc1b-deae-4620-b3e3-60cd90a7ba3d/nationwidechildrens.org_clinical.TCGA-EL-A3H4.xml,data/raw/GDC Data Thyroid/gdc_download_20260123_154153.943271/77a85d3d-f1d4-4581-b268-997bfe0b7334/TCGA-EL-A3H4.587AB240-F36D-4FE3-B0A5-81C52DD1A6AF.PDF,Papillary Thyroid Carcinoma,Classical,T4a,N1,M0,Gross,R0,Unifocal,YES,69,10,OK
TCGA-EM-A4FO,nationwidechildrens.org_clinical.TCGA-EM-A4FO.xml,TCGA-EM-A4FO.91A90308-307B-4AF2-98F3-AFFF5153C248.PDF,data/raw/GDC Data Thyroid/gdc_download_20260123_154153.943271/975ec11f-aad1-4850-93fd-36b224b31034/nationwidechildrens.org_clinical.TCGA-EM-A4FO.xml,data/raw/GDC Data Thyroid/gdc_download_20260123_154153.943271/51620af7-eb35-4277-b71a-da423dcc26fc/TCGA-EM-A4FO.91A90308-307B-4AF2-98F3-AFFF5153C248.PDF,Papillary Thyroid Carcinoma,Classical,T1b,N0,MX,No ETE,R0,Multifocal,YES,6,0,OK
TCGA-IM-A420,nationwidechildrens.org_clinical.TCGA-IM-A420.xml,TCGA-IM-A420.537FAAE7-E834-4BC0-BDC9-0292CB4B2FCC.PDF,data/raw/GDC Data Thyroid/gdc_download_20260123_154153.943271/93936ac7-1607-4067-a422-92fcb0f7a97f/nationwidechildrens.org_clinical.TCGA-IM-A420.xml,data/raw/GDC Data Thyroid/gdc_download_20260123_154153.943271/e139b741-a015-4709-a905-98f390c77403/TCGA-IM-A420.537FAAE7-E834-4BC0-BDC9-0292CB4B2FCC.PDF,Papillary Thyroid Carcinoma,Classical,T2,N1a,MX,No ETE,R0,Multifocal,YES,14,5,OK
TCGA-FK-A3SH,nationwidechildrens.org_clinical.TCGA-FK-A3SH.xml,TCGA-FK-A3SH.0BFE6CA6-DA46-4162-A403-3F51F9F9EABA.PDF,data/raw/GDC Data Thyroid/gdc_download_20260123_154153.943271/73e4ae50-fa51-4542-91cf-b481120d98c9/nationwidechildrens.org_clinical.TCGA-FK-A3SH.xml,data/raw/GDC Data Thyroid/gdc_download_20260123_154153.943271/f86d745e-0c00-449a-a318-448fdd66a081/TCGA-FK-A3SH.0BFE6CA6-DA46-4162-A403-3F51F9F9EABA.PDF,Papillary Thyroid Carcinoma,Classical,T2,N1a,MX,No ETE,R0,Multifocal,YES,8,2,OK
TCGA-DJ-A1QL,nationwidechildrens.org_clinical.TCGA-DJ-A1QL.xml,TCGA-DJ-A1QL.67D84E08-AE0D-458A-B886-94C22D856A52.PDF,data/raw/GDC Data Thyroid/gdc_download_20260123_154153.943271/6f020182-6c3f-4ce2-ab32-4b18d4d738b8/nationwidechildrens.org_clinical.TCGA-DJ-A1QL.xml,data/raw/GDC Data Thyroid/gdc_download_20260123_154153.943271/731bf26a-8546-494f-a6e7-baf2cc00dd07/TCGA-DJ-A1QL.67D84E08-AE0D-458A-B886-94C22D856A52.PDF,Papillary Thyroid Carcinoma,Follicular,T2,N0,M0,No ETE,R0,Unifocal,NO,,,OK
TCGA-FE-A234,nationwidechildrens.org_clinical.TCGA-FE-A234.xml,TCGA-FE-A234.9161208D-62BA-4043-B3E6-25C0640B98E4.PDF,data/raw/GDC Data Thyroid/gdc_download_20260123_154153.943271/5cc07c93-9b5f-473f-9274-2d919ad2f7f9/nationwidechildrens.org_clinical.TCGA-FE-A234.xml,data/raw/GDC Data Thyroid/gdc_download_20260123_154153.943271/c77aa555-8511-43f0-8993-4cb8b9ffe745/TCGA-FE-A234.9161208D-62BA-4043-B3E6-25C0640B98E4.PDF,Papillary Thyroid Carcinoma,Classical,T2,N1,MX,No ETE,R0,Unifocal,YES,2,2,OK
TCGA-H2-A26U,nationwidechildrens.org_clinical.TCGA-H2-A26U.xml,TCGA-H2-A26U.59095FF3-A312-44C5-956C-E0D6A6DBABBA.PDF,data/raw/GDC Data Thyroid/gdc_download_20260123_154153.943271/bae565c7-5830-4e5a-b209-279a584cc9a3/nationwidechildrens.org_clinical.TCGA-H2-A26U.xml,data/raw/GDC Data Thyroid/gdc_download_20260123_154153.943271/3933c076-47ed-402a-9bb7-555f5cfe11a8/TCGA-H2-A26U.59095FF3-A312-44C5-956C-E0D6A6DBABBA.PDF,Papillary Thyroid Carcinoma,Classical,T3,N0,MX,Microscopic,Not Available,Multifocal,YES,7,0,INCOMPLETE
TCGA-BJ-A2P4,nationwidechildrens.org_clinical.TCGA-BJ-A2P4.xml,TCGA-BJ-A2P4.A2756544-345C-4797-9DDE-B56048CF0009.PDF,data/raw/GDC Data Thyroid/gdc_download_20260123_154153.943271/a1426663-9353-4870-a659-056c980d59a9/nationwidechildrens.org_clinical.TCGA-BJ-A2P4.xml,data/raw/GDC Data Thyroid/gdc_download_20260123_154153.943271/a31f5779-1e31-4d0b-91ea-cb94e99d1638/TCGA-BJ-A2P4.A2756544-345C-4797-9DDE-B56048CF0009.PDF,Papillary Thyroid Carcinoma,Classical,T2,N0,M0,Not Available,R0,Unifocal,NO,,,INCOMPLETE
TCGA-CE-A484,nationwidechildrens.org_clinical.TCGA-CE-A484.xml,TCGA-CE-A484.273EB66C-5921-40B5-A4B8-8383EA27ED4B.PDF,data/raw/GDC Data Thyroid/gdc_download_20260123_154153.943271/1bca780d-f9b9-45a4-90fa-a9240a1c4690/nationwidechildrens.org_clinical.TCGA-CE-A484.xml,data/raw/GDC Data Thyroid/gdc_download_20260123_154153.943271/53890556-8707-499e-a74f-2482a7e722f9/TCGA-CE-A484.273EB66C-5921-40B5-A4B8-8383EA27ED4B.PDF,Papillary Thyroid Carcinoma,Classical,T2,N1,M0,No ETE,R0,Unifocal,YES,4,2,OK
TCGA-EM-A1CS,nationwidechildrens.org_clinical.TCGA-EM-A1CS.xml,TCGA-EM-A1CS.225D9285-DFDA-426E-B1C5-5A557272B552.PDF,data/raw/GDC Data Thyroid/gdc_download_20260123_154153.943271/f36fd098-b2cb-46b3-9eba-a5619e453a51/nationwidechildrens.org_clinical.TCGA-EM-A1CS.xml,data/raw/GDC Data Thyroid/gdc_download_20260123_154153.943271/a6dde464-9685-4a95-8e07-97d2b2d4fbb4/TCGA-EM-A1CS.225D9285-DFDA-426E-B1C5-5A557272B552.PDF,Papillary Thyroid Carcinoma,Classical,T1,N0,MX,No ETE,R0,Multifocal,YES,6,0,OK
TCGA-FE-A233,nationwidechildrens.org_clinical.TCGA-FE-A233.xml,TCGA-FE-A233.BABD0B38-955F-4F79-8851-1967C6E17F72.PDF,data/raw/GDC Data Thyroid/gdc_download_20260123_154153.943271/8190612d-ce99-49a5-a09d-ec26c3176b15/nationwidechildrens.org_clinical.TCGA-FE-A233.xml,data/raw/GDC Data Thyroid/gdc_download_20260123_154153.943271/c18967b0-34f1-4030-9bba-d548ad7d9868/TCGA-FE-A233.BABD0B38-955F-4F79-8851-1967C6E17F72.PDF,Papillary Thyroid Carcinoma,Classical,T2,NX,MX,No ETE,R0,Unifocal,NO,0,0,OK
TCGA-KS-A4I5,nationwidechildrens.org_clinical.TCGA-KS-A4I5.xml,TCGA-KS-A4I5.801C7861-F776-44D4-A594-4303B4F8A3F7.PDF,data/raw/GDC Data Thyroid/gdc_download_20260123_154153.943271/f836b4f3-7dcc-450c-b1b4-60eab7163122/nationwidechildrens.org_clinical.TCGA-KS-A4I5.xml,data/raw/GDC Data Thyroid/gdc_download_20260123_154153.943271/9e592313-39d3-4389-abe7-29dd9a321c24/TCGA-KS-A4I5.801C7861-F776-44D4-A594-4303B4F8A3F7.PDF,Papillary Thyroid Carcinoma,Classical,T1b,N1b,M0,No ETE,R0,Unifocal,YES,2,0,OK
TCGA-EL-A3GV,nationwidechildrens.org_clinical.TCGA-EL-A3GV.xml,TCGA-EL-A3GV.96FB4A04-40F7-4E07-9FAD-334AFFEF232C.PDF,data/raw/GDC Data Thyroid/gdc_download_20260123_154153.943271/96bec39a-8f41-4e8a-8405-7cff8d3b2fd4/nationwidechildrens.org_clinical.TCGA-EL-A3GV.xml,data/raw/GDC Data Thyroid/gdc_download_20260123_154153.943271/e81b6174-25be-43fc-8a13-ae326ddd3317/TCGA-EL-A3GV.96FB4A04-40F7-4E07-9FAD-334AFFEF232C.PDF,Papillary Thyroid Carcinoma,Classical,T3,N0,M0,Microscopic,R0,Unifocal,YES,1,0,OK
TCGA-ET-A39M,nationwidechildrens.org_clinical.TCGA-ET-A39M.xml,TCGA-ET-A39M.978AE60E-CA27-49D9-A338-1338005A672A.PDF,data/raw/GDC Data Thyroid/gdc_download_20260123_154153.943271/52880440-48f1-4ea8-a53b-6629d6a54de6/nationwidechildrens.org_clinical.TCGA-ET-A39M.xml,data/raw/GDC Data Thyroid/gdc_download_20260123_154153.943271/2a152299-89df-408d-b65d-04a56a745f19/TCGA-ET-A39M.978AE60E-CA27-49D9-A338-1338005A672A.PDF,Papillary Thyroid Carcinoma,Classical,T2,NX,MX,No ETE,R0,Unifocal,NO,,,OK
TCGA-EL-A3MX,nationwidechildrens.org_clinical.TCGA-EL-A3MX.xml,TCGA-EL-A3MX.6D029C4F-445D-4ECC-8395-FAC6A422246E.PDF,data/raw/GDC Data Thyroid/gdc_download_20260123_154153.943271/e54f60e6-bd70-421c-bbe0-b5b5297977b0/nationwidechildrens.org_clinical.TCGA-EL-A3MX.xml,data/raw/GDC Data Thyroid/gdc_download_20260123_154153.943271/1946882a-fa75-4b18-b1ec-7236df5b0a30/TCGA-EL-A3MX.6D029C4F-445D-4ECC-8395-FAC6A422246E.PDF,Papillary Thyroid Carcinoma,Classical,T4,N1,M1,No ETE,Not Available,Unifocal,YES,2,0,INCOMPLETE
TCGA-BJ-A45D,nationwidechildrens.org_clinical.TCGA-BJ-A45D.xml,TCGA-BJ-A45D.DAF53874-AAD5-46B1-AFA0-8F3F917241EF.PDF,data/raw/GDC Data Thyroid/gdc_download_20260123_154153.943271/001aeaa8-de9a-4cec-a1c0-fa83a3b0f237/nationwidechildrens.org_clinical.TCGA-BJ-A45D.xml,data/raw/GDC Data Thyroid/gdc_download_20260123_154153.943271/c881da9f-00b2-467b-ad5e-1e9319d07ee3/TCGA-BJ-A45D.DAF53874-AAD5-46B1-AFA0-8F3F917241EF.PDF,Papillary Thyroid Carcinoma,Follicular,T2,N0,M0,No ETE,Not Available,Unifocal,YES,1,0,INCOMPLETE
TCGA-EL-A3ZP,nationwidechildrens.org_clinical.TCGA-EL-A3ZP.xml,TCGA-EL-A3ZP.8035BE61-91DD-41FB-ABC8-77BE24327645.PDF,data/raw/GDC Data Thyroid/gdc_download_20260123_154153.943271/626a6af6-7520-472f-b268-076f1cad63e1/nationwidechildrens.org_clinical.TCGA-EL-A3ZP.xml,data/raw/GDC Data Thyroid/gdc_download_20260123_154153.943271/75d3f66a-fd53-4913-a125-89fbdf56bfe7/TCGA-EL-A3ZP.8035BE61-91DD-41FB-ABC8-77BE24327645.PDF,Papillary Thyroid Carcinoma,Classical,T4,N1,M0,Gross,R0,Unifocal,YES,47,9,OK
TCGA-ET-A2MY,nationwidechildrens.org_clinical.TCGA-ET-A2MY.xml,TCGA-ET-A2MY.E90820AD-FDE0-40AD-B8C3-F5452941AFBD.PDF,data/raw/GDC Data Thyroid/gdc_download_20260123_154153.943271/03af4996-a0db-4324-81d1-b13458c726d5/nationwidechildrens.org_clinical.TCGA-ET-A2MY.xml,data/raw/GDC Data Thyroid/gdc_download_20260123_154153.943271/9f43340f-465d-4a24-88ac-545eeeff7e07/TCGA-ET-A2MY.E90820AD-FDE0-40AD-B8C3-F5452941AFBD.PDF,Papillary Thyroid Carcinoma,Classical,T1b,NX,MX,No ETE,R0,Unifocal,NO,,,OK
TCGA-DJ-A2Q4,nationwidechildrens.org_clinical.TCGA-DJ-A2Q4.xml,TCGA-DJ-A2Q4.14A0CB22-0735-472B-910E-950B51DF9B1C.PDF,data/raw/GDC Data Thyroid/gdc_download_20260123_154153.943271/a773f2c5-eb93-4c97-bf8a-28dd64f0c234/nationwidechildrens.org_clinical.TCGA-DJ-A2Q4.xml,data/raw/GDC Data Thyroid/gdc_download_20260123_154153.943271/ce891fde-637b-445d-aa7a-42aaeefcbefa/TCGA-DJ-A2Q4.14A0CB22-0735-472B-910E-950B51DF9B1C.PDF,Papillary Thyroid Carcinoma,Classical,T1b,N1a,M0,No ETE,R0,Multifocal,YES,10,1,OK
TCGA-MK-A4N7,nationwidechildrens.org_clinical.TCGA-MK-A4N7.xml,TCGA-MK-A4N7.B7266F91-4475-488E-B0B9-21716FED9805.PDF,data/raw/GDC Data Thyroid/gdc_download_20260123_154153.943271/30f24eea-ba70-40f7-9f2e-dee00db3418a/nationwidechildrens.org_clinical.TCGA-MK-A4N7.xml,data/raw/GDC Data Thyroid/gdc_download_20260123_154153.943271/7a342d59-965c-42d3-9af7-1811e600804b/TCGA-MK-A4N7.B7266F91-4475-488E-B0B9-21716FED9805.PDF,Papillary Thyroid Carcinoma,Classical,T2,N0,M0,No ETE,R0,Unifocal,YES,2,0,OK
TCGA-ET-A25N,nationwidechildrens.org_clinical.TCGA-ET-A25N.xml,TCGA-ET-A25N.D79E273F-D349-4F6B-93EB-688A3D4EE983.PDF,data/raw/GDC Data Thyroid/gdc_download_20260123_154153.943271/20790415-71f4-4fda-a087-2ec0a9fd1703/nationwidechildrens.org_clinical.TCGA-ET-A25N.xml,data/raw/GDC Data Thyroid/gdc_download_20260123_154153.943271/ac871353-001f-4aca-96e3-f2eed27e59c0/TCGA-ET-A25N.D79E273F-D349-4F6B-93EB-688A3D4EE983.PDF,Papillary Thyroid Carcinoma,Classical,T2,N1a,MX,No ETE,R0,Unifocal,YES,8,1,OK
TCGA-E8-A438,nationwidechildrens.org_clinical.TCGA-E8-A438.xml,TCGA-E8-A438.F5A6C80F-594B-4FD3-9B9F-E0AB0D7F7EDE.PDF,data/raw/GDC Data Thyroid/gdc_download_20260123_154153.943271/25992e18-9ed8-495b-860c-feb91f5c6535/nationwidechildrens.org_clinical.TCGA-E8-A438.xml,data/raw/GDC Data Thyroid/gdc_download_20260123_154153.943271/2428fe20-fb7b-4279-9f0a-0d97111cd61b/TCGA-E8-A438.F5A6C80F-594B-4FD3-9B9F-E0AB0D7F7EDE.PDF,Papillary Thyroid Carcinoma,Classical,T1b,N0,M0,No ETE,R0,Unifocal,YES,3,0,OK
TCGA-DJ-A1QO,nationwidechildrens.org_clinical.TCGA-DJ-A1QO.xml,TCGA-DJ-A1QO.39783E42-ABA0-4CF3-B6E8-B2CCC922FAF4.PDF,data/raw/GDC Data Thyroid/gdc_download_20260123_154153.943271/c54350fc-d9cf-4aec-8f41-31ccd11fc97b/nationwidechildrens.org_clinical.TCGA-DJ-A1QO.xml,data/raw/GDC Data Thyroid/gdc_download_20260123_154153.943271/0c7cb39f-6446-4543-9f53-83c60c01a62e/TCGA-DJ-A1QO.39783E42-ABA0-4CF3-B6E8-B2CCC922FAF4.PDF,Papillary Thyroid Carcinoma,Tall Cell,T3,N0,M0,Microscopic,R0,Multifocal,NO,,,OK
TCGA-EL-A3MW,nationwidechildrens.org_clinical.TCGA-EL-A3MW.xml,TCGA-EL-A3MW.FCDCD4CD-0F6C-457D-A670-E7FFB4ED3495.PDF,data/raw/GDC Data Thyroid/gdc_download_20260123_154153.943271/483e6c30-0f99-4f6c-a383-c52e64c9cbf1/nationwidechildrens.org_clinical.TCGA-EL-A3MW.xml,data/raw/GDC Data Thyroid/gdc_download_20260123_154153.943271/67e7b374-e51d-4614-8cb7-5dfcd69215ba/TCGA-EL-A3MW.FCDCD4CD-0F6C-457D-A670-E7FFB4ED3495.PDF,Papillary Thyroid Carcinoma,Classical,T2,N0,M0,No ETE,R0,Unifocal,YES,1,0,OK
TCGA-E3-A3E2,nationwidechildrens.org_clinical.TCGA-E3-A3E2.xml,TCGA-E3-A3E2.8449B3D4-33B2-4C33-8357-FA189B778624.PDF,data/raw/GDC Data Thyroid/gdc_download_20260123_154153.943271/b6f52e56-3b6e-4b0e-9637-6842f3a1f29f/nationwidechildrens.org_clinical.TCGA-E3-A3E2.xml,data/raw/GDC Data Thyroid/gdc_download_20260123_154153.943271/b14698bd-3ea7-487f-8ff0-15c4316c01db/TCGA-E3-A3E2.8449B3D4-33B2-4C33-8357-FA189B778624.PDF,Papillary Thyroid Carcinoma,Follicular,T1,N1a,MX,No ETE,R0,Multifocal,YES,8,2,OK
TCGA-BJ-A0YZ,nationwidechildrens.org_clinical.TCGA-BJ-A0YZ.xml,TCGA-BJ-A0YZ.B4B35251-8130-41C6-A7DB-478D8673D12C.PDF,data/raw/GDC Data Thyroid/gdc_download_20260123_154153.943271/d61fba13-58b0-4aa5-b1bb-07aaeb9d6bfb/nationwidechildrens.org_clinical.TCGA-BJ-A0YZ.xml,data/raw/GDC Data Thyroid/gdc_download_20260123_154153.943271/3c7a45a7-4c1e-41d9-aa5d-25140f3d1211/TCGA-BJ-A0YZ.B4B35251-8130-41C6-A7DB-478D8673D12C.PDF,Papillary Thyroid Carcinoma,Classical,T2,N0,M0,No ETE,R0,Unifocal,,,,INCOMPLETE
TCGA-E8-A434,nationwidechildrens.org_clinical.TCGA-E8-A434.xml,TCGA-E8-A434.CA8D2EDB-85CA-4F57-8357-17B2D0E702C8.PDF,data/raw/GDC Data Thyroid/gdc_download_20260123_154153.943271/098a16fd-b0cf-45fa-916a-5259d9461ff7/nationwidechildrens.org_clinical.TCGA-E8-A434.xml,data/raw/GDC Data Thyroid/gdc_download_20260123_154153.943271/677380e8-a969-451d-8903-c00bb003becd/TCGA-E8-A434.CA8D2EDB-85CA-4F57-8357-17B2D0E702C8.PDF,Papillary Thyroid Carcinoma,Classical,T1a,N0,M0,No ETE,R0,Unifocal,NO,,,OK
TCGA-E8-A2JQ,nationwidechildrens.org_clinical.TCGA-E8-A2JQ.xml,TCGA-E8-A2JQ.C1A33CCE-8C35-49E9-BE02-0E393F777674.PDF,data/raw/GDC Data Thyroid/gdc_download_20260123_154153.943271/39500eb8-4049-47e3-8dc4-737dc2e030b4/nationwidechildrens.org_clinical.TCGA-E8-A2JQ.xml,data/raw/GDC Data Thyroid/gdc_download_20260123_154153.943271/184fcd10-dea2-4b6f-80d6-19711456476f/TCGA-E8-A2JQ.C1A33CCE-8C35-49E9-BE02-0E393F777674.PDF,Papillary Thyroid Carcinoma,Classical,T3,N1a,M0,Microscopic,Not Available,Unifocal,YES,14,11,INCOMPLETE
TCGA-EL-A3MZ,nationwidechildrens.org_clinical.TCGA-EL-A3MZ.xml,TCGA-EL-A3MZ.9AA7595E-A511-4AFE-B1AF-23E1A576B34A.PDF,data/raw/GDC Data Thyroid/gdc_download_20260123_154153.943271/61d44561-1ee2-4b1b-85ea-f08d203eba7b/nationwidechildrens.org_clinical.TCGA-EL-A3MZ.xml,data/raw/GDC Data Thyroid/gdc_download_20260123_154153.943271/a3f9faa8-4c6f-46be-ada5-29a990f8b87b/TCGA-EL-A3MZ.9AA7595E-A511-4AFE-B1AF-23E1A576B34A.PDF,Papillary Thyroid Carcinoma,Classical,T4,N1,MX,Gross,Not Available,Unifocal,YES,2,1,INCOMPLETE
TCGA-FY-A3NM,nationwidechildrens.org_clinical.TCGA-FY-A3NM.xml,TCGA-FY-A3NM.0411A69E-4F72-4043-B62C-9F5FC568E2E9.PDF,data/raw/GDC Data Thyroid/gdc_download_20260123_154153.943271/6410f11f-5ccd-4245-803c-974f67692c86/nationwidechildrens.org_clinical.TCGA-FY-A3NM.xml,data/raw/GDC Data Thyroid/gdc_download_20260123_154153.943271/991b3d1c-b895-40e4-a7e2-484c9b3c634a/TCGA-FY-A3NM.0411A69E-4F72-4043-B62C-9F5FC568E2E9.PDF,Papillary Thyroid Carcinoma,Classical,T3,N0,MX,Microscopic,R0,Multifocal,YES,6,0,OK
TCGA-EM-A4FN,nationwidechildrens.org_clinical.TCGA-EM-A4FN.xml,TCGA-EM-A4FN.45A213AB-38E7-4D7F-8E38-5CC140570891.PDF,data/raw/GDC Data Thyroid/gdc_download_20260123_154153.943271/30a324c5-ed9a-4e69-8120-25661a04b923/nationwidechildrens.org_clinical.TCGA-EM-A4FN.xml,data/raw/GDC Data Thyroid/gdc_download_20260123_154153.943271/d8f005d4-c3c0-4bdb-bdb0-acbc16618329/TCGA-EM-A4FN.45A213AB-38E7-4D7F-8E38-5CC140570891.PDF,Papillary Thyroid Carcinoma,Classical,T1b,N1b,MX,No ETE,R0,Multifocal,YES,32,8,OK
TCGA-ET-A3DQ,nationwidechildrens.org_clinical.TCGA-ET-A3DQ.xml,TCGA-ET-A3DQ.C6AC3695-85B8-400F-A539-54305CD46DFF.PDF,data/raw/GDC Data Thyroid/gdc_download_20260123_154153.943271/5edcbc26-2f9e-4024-ad26-1118ac2d0f25/nationwidechildrens.org_clinical.TCGA-ET-A3DQ.xml,data/raw/GDC Data Thyroid/gdc_download_20260123_154153.943271/af18a95d-38b7-4f6a-bed4-b1e44e0d5a02/TCGA-ET-A3DQ.C6AC3695-85B8-400F-A539-54305CD46DFF.PDF,Papillary Thyroid Carcinoma,Follicular,T1,N0,MX,No ETE,R0,Multifocal,YES,2,0,OK
TCGA-BJ-A0Z2,nationwidechildrens.org_clinical.TCGA-BJ-A0Z2.xml,TCGA-BJ-A0Z2.C93FF278-A750-44B7-8A22-7AC06BDFB799.PDF,data/raw/GDC Data Thyroid/gdc_download_20260123_154153.943271/0cb5df2d-223e-4507-bc92-17c8083a9ba1/nationwidechildrens.org_clinical.TCGA-BJ-A0Z2.xml,data/raw/GDC Data Thyroid/gdc_download_20260123_154153.943271/334d7990-6653-46d9-a1d0-95c4e6c1269a/TCGA-BJ-A0Z2.C93FF278-A750-44B7-8A22-7AC06BDFB799.PDF,Papillary Thyroid Carcinoma,Follicular,T2,N0,M1,No ETE,Not Available,Unifocal,NO,,,INCOMPLETE
TCGA-J8-A3O1,nationwidechildrens.org_clinical.TCGA-J8-A3O1.xml,TCGA-J8-A3O1.08ABFE9F-B5B1-49F3-907A-7E9BF2556180.PDF,data/raw/GDC Data Thyroid/gdc_download_20260123_154153.943271/5fb236be-3b81-44ac-878c-e1ad0c89f53b/nationwidechildrens.org_clinical.TCGA-J8-A3O1.xml,data/raw/GDC Data Thyroid/gdc_download_20260123_154153.943271/396ca676-0593-43f4-912a-ab5652f9e53b/TCGA-J8-A3O1.08ABFE9F-B5B1-49F3-907A-7E9BF2556180.PDF,Papillary Thyroid Carcinoma,Classical,T3,N1b,M0,No ETE,R0,Unifocal,YES,19,12,OK
TCGA-DJ-A2PN,nationwidechildrens.org_clinical.TCGA-DJ-A2PN.xml,TCGA-DJ-A2PN.894CA3E0-0279-45E2-8762-E53EEBE01272.PDF,data/raw/GDC Data Thyroid/gdc_download_20260123_154153.943271/d96541dc-0860-4754-9bfb-7e898456c238/nationwidechildrens.org_clinical.TCGA-DJ-A2PN.xml,data/raw/GDC Data Thyroid/gdc_download_20260123_154153.943271/18de022c-8ec8-41fb-85e6-06e54011bbff/TCGA-DJ-A2PN.894CA3E0-0279-45E2-8762-E53EEBE01272.PDF,Papillary Thyroid Carcinoma,Classical,T1b,N0,M0,No ETE,R0,Unifocal,NO,,,OK
TCGA-EL-A3CV,nationwidechildrens.org_clinical.TCGA-EL-A3CV.xml,TCGA-EL-A3CV.E2607487-999B-4EFB-8D7E-CB419FAB9FBB.PDF,data/raw/GDC Data Thyroid/gdc_download_20260123_154153.943271/5ecb4388-9701-4510-af01-73ee19bec5a6/nationwidechildrens.org_clinical.TCGA-EL-A3CV.xml,data/raw/GDC Data Thyroid/gdc_download_20260123_154153.943271/55d03d20-c77f-4d95-871c-52dd6525368e/TCGA-EL-A3CV.E2607487-999B-4EFB-8D7E-CB419FAB9FBB.PDF,Papillary Thyroid Carcinoma,Classical,T3,N1b,M0,Microscopic,R1,Multifocal,YES,38,9,OK
TCGA-DJ-A2Q8,nationwidechildrens.org_clinical.TCGA-DJ-A2Q8.xml,TCGA-DJ-A2Q8.52C74318-4B09-44FC-B813-4BD871E6742E.PDF,data/raw/GDC Data Thyroid/gdc_download_20260123_154153.943271/da718c26-d89d-479f-b319-68595af3c337/nationwidechildrens.org_clinical.TCGA-DJ-A2Q8.xml,data/raw/GDC Data Thyroid/gdc_download_20260123_154153.943271/a9c00c6f-abb5-4456-8afc-1d09973a6852/TCGA-DJ-A2Q8.52C74318-4B09-44FC-B813-4BD871E6742E.PDF,Papillary Thyroid Carcinoma,Tall Cell,T1a,N0,M0,No ETE,R0,Unifocal,YES,3,0,OK
TCGA-FE-A239,nationwidechildrens.org_clinical.TCGA-FE-A239.xml,TCGA-FE-A239.E0EADBBD-4454-4BF8-A0FF-3E08C3634324.PDF,data/raw/GDC Data Thyroid/gdc_download_20260123_154153.943271/c55b4d9d-eb07-4843-89ab-b36e377fe42d/nationwidechildrens.org_clinical.TCGA-FE-A239.xml,data/raw/GDC Data Thyroid/gdc_download_20260123_154153.943271/f0f7c3ca-7320-4612-bfe0-0ca426360e78/TCGA-FE-A239.E0EADBBD-4454-4BF8-A0FF-3E08C3634324.PDF,Papillary Thyroid Carcinoma,Classical,T3,N0,MX,No ETE,R0,Unifocal,YES,2,0,OK
TCGA-DJ-A1QF,nationwidechildrens.org_clinical.TCGA-DJ-A1QF.xml,TCGA-DJ-A1QF.256268EC-7FD9-4296-BFE0-72D78B04269C.PDF,data/raw/GDC Data Thyroid/gdc_download_20260123_154153.943271/f63ea2bf-1d9d-4399-82e0-2c1ff2b01b95/nationwidechildrens.org_clinical.TCGA-DJ-A1QF.xml,data/raw/GDC Data Thyroid/gdc_download_20260123_154153.943271/ce62297a-e16a-44b6-900f-64ecddea1784/TCGA-DJ-A1QF.256268EC-7FD9-4296-BFE0-72D78B04269C.PDF,Papillary Thyroid Carcinoma,Classical,T2,N0,M0,No ETE,R0,Multifocal,NO,,,OK
TCGA-BJ-A3PR,nationwidechildrens.org_clinical.TCGA-BJ-A3PR.xml,TCGA-BJ-A3PR.9C4A4B7A-9341-404C-9804-6B91FDFC3F2C.PDF,data/raw/GDC Data Thyroid/gdc_download_20260123_154153.943271/523dc28b-72b1-499d-a788-45b0445a76c1/nationwidechildrens.org_clinical.TCGA-BJ-A3PR.xml,data/raw/GDC Data Thyroid/gdc_download_20260123_154153.943271/241e98e4-0f49-4c3e-82b6-e3a24632002d/TCGA-BJ-A3PR.9C4A4B7A-9341-404C-9804-6B91FDFC3F2C.PDF,Papillary Thyroid Carcinoma,Classical,T1a,N0,M0,No ETE,R0,Unifocal,YES,6,0,OK
TCGA-KS-A4I3,nationwidechildrens.org_clinical.TCGA-KS-A4I3.xml,TCGA-KS-A4I3.4948BB01-8F03-4124-9D83-DF98967F7B58.PDF,data/raw/GDC Data Thyroid/gdc_download_20260123_154153.943271/96a3b07f-8ea6-4602-aa66-d62dd94b6bac/nationwidechildrens.org_clinical.TCGA-KS-A4I3.xml,data/raw/GDC Data Thyroid/gdc_download_20260123_154153.943271/4a6f5311-e247-467e-9b8d-83443d3bbb15/TCGA-KS-A4I3.4948BB01-8F03-4124-9D83-DF98967F7B58.PDF,Papillary Thyroid Carcinoma,Classical,T3,N1,M0,Microscopic,R1,Unifocal,YES,8,8,OK
TCGA-EL-A3H8,nationwidechildrens.org_clinical.TCGA-EL-A3H8.xml,TCGA-EL-A3H8.62BDE4A8-A9F1-4CB5-9633-5F7C048F9845.PDF,data/raw/GDC Data Thyroid/gdc_download_20260123_154153.943271/91620976-af46-4417-b0e0-e222c545e1bf/nationwidechildrens.org_clinical.TCGA-EL-A3H8.xml,data/raw/GDC Data Thyroid/gdc_download_20260123_154153.943271/681ba7d7-3506-4f5b-96c9-8e2951a8b62e/TCGA-EL-A3H8.62BDE4A8-A9F1-4CB5-9633-5F7C048F9845.PDF,Papillary Thyroid Carcinoma,Classical,T3,N1,M0,Microscopic,R0,Multifocal,YES,44,14,OK
TCGA-DJ-A2PY,nationwidechildrens.org_clinical.TCGA-DJ-A2PY.xml,TCGA-DJ-A2PY.4EFD0576-046A-4F23-BA02-637B2E38EDFB.PDF,data/raw/GDC Data Thyroid/gdc_download_20260123_154153.943271/60e020c9-9466-44eb-86a6-5258e0dd06fb/nationwidechildrens.org_clinical.TCGA-DJ-A2PY.xml,data/raw/GDC Data Thyroid/gdc_download_20260123_154153.943271/4f3e8eff-ccb2-4e76-913a-0b141865b175/TCGA-DJ-A2PY.4EFD0576-046A-4F23-BA02-637B2E38EDFB.PDF,Papillary Thyroid Carcinoma,Tall Cell,T3,N1a,M0,Microscopic,R0,Multifocal,YES,2,1,OK
TCGA-EL-A4K2,nationwidechildrens.org_clinical.TCGA-EL-A4K2.xml,TCGA-EL-A4K2.F7DCEAA1-8E7C-44CA-8537-3F2706AE1068.PDF,data/raw/GDC Data Thyroid/gdc_download_20260123_154153.943271/9b272054-0911-4238-809c-28a90cf88bca/nationwidechildrens.org_clinical.TCGA-EL-A4K2.xml,data/raw/GDC Data Thyroid/gdc_download_20260123_154153.943271/fe8ad061-fb4c-467c-a894-d9f5216ce9cb/TCGA-EL-A4K2.F7DCEAA1-8E7C-44CA-8537-3F2706AE1068.PDF,Papillary Thyroid Carcinoma,Classical,T1,N0,M0,No ETE,R0,Unifocal,YES,1,0,OK
TCGA-FE-A23A,nationwidechildrens.org_clinical.TCGA-FE-A23A.xml,TCGA-FE-A23A.365B2777-B6AC-4B9B-A082-B209C61F9ACE.PDF,data/raw/GDC Data Thyroid/gdc_download_20260123_154153.943271/af8e23ec-849f-4ce7-81cb-52bcc5ce0293/nationwidechildrens.org_clinical.TCGA-FE-A23A.xml,data/raw/GDC Data Thyroid/gdc_download_20260123_154153.943271/c9466413-96ab-46bb-9edf-577028ee6897/TCGA-FE-A23A.365B2777-B6AC-4B9B-A082-B209C61F9ACE.PDF,Papillary Thyroid Carcinoma,Classical,T2,N0,MX,No ETE,R0,Unifocal,YES,13,0,OK
TCGA-DE-A4M8,nationwidechildrens.org_clinical.TCGA-DE-A4M8.xml,TCGA-DE-A4M8.9DAE2966-D92F-4436-B3E3-5BC1923295BB.PDF,data/raw/GDC Data Thyroid/gdc_download_20260123_154153.943271/449c8d58-c92c-48c8-a67c-e9ffccfd9b1a/nationwidechildrens.org_clinical.TCGA-DE-A4M8.xml,data/raw/GDC Data Thyroid/gdc_download_20260123_154153.943271/ba9d84f0-aaa9-4295-9165-f2ca29fa8af3/TCGA-DE-A4M8.9DAE2966-D92F-4436-B3E3-5BC1923295BB.PDF,Papillary Thyroid Carcinoma,Classical,T2,N1,M0,No ETE,R0,Multifocal,YES,4,1,OK
TCGA-BJ-A28W,nationwidechildrens.org_clinical.TCGA-BJ-A28W.xml,TCGA-BJ-A28W.098C0E08-B4E1-4EE1-8472-0A737A8C521E.PDF,data/raw/GDC Data Thyroid/gdc_download_20260123_154153.943271/3e2170a4-d93b-456c-8533-00eb04fb3469/nationwidechildrens.org_clinical.TCGA-BJ-A28W.xml,data/raw/GDC Data Thyroid/gdc_download_20260123_154153.943271/2e13658d-378a-4171-b9a7-d559d0c012d7/TCGA-BJ-A28W.098C0E08-B4E1-4EE1-8472-0A737A8C521E.PDF,Papillary Thyroid Carcinoma,Classical,T2,N0,M0,Not Available,Not Available,Multifocal,YES,4,0,INCOMPLETE
TCGA-CE-A482,nationwidechildrens.org_clinical.TCGA-CE-A482.xml,TCGA-CE-A482.45D4405A-942D-494A-98F6-5285062E5311.PDF,data/raw/GDC Data Thyroid/gdc_download_20260123_154153.943271/4604062d-5403-4891-81ff-c76060bf9f14/nationwidechildrens.org_clinical.TCGA-CE-A482.xml,data/raw/GDC Data Thyroid/gdc_download_20260123_154153.943271/e02139e1-9636-415a-a090-a447d750b021/TCGA-CE-A482.45D4405A-942D-494A-98F6-5285062E5311.PDF,Papillary Thyroid Carcinoma,Classical,T1,N1,M0,No ETE,R0,Unifocal,YES,,,INCOMPLETE
TCGA-EL-A4K1,nationwidechildrens.org_clinical.TCGA-EL-A4K1.xml,TCGA-EL-A4K1.65C051CF-2A8C-4B14-99C4-34FDECE59532.PDF,data/raw/GDC Data Thyroid/gdc_download_20260123_154153.943271/6e97e643-39c4-4920-8914-b17505cb1003/nationwidechildrens.org_clinical.TCGA-EL-A4K1.xml,data/raw/GDC Data Thyroid/gdc_download_20260123_154153.943271/66247f21-c209-4ac7-b008-4baf48564f14/TCGA-EL-A4K1.65C051CF-2A8C-4B14-99C4-34FDECE59532.PDF,Papillary Thyroid Carcinoma,Classical,T3,N1,M0,No ETE,R0,Unifocal,YES,5,3,OK
TCGA-FE-A3PC,nationwidechildrens.org_clinical.TCGA-FE-A3PC.xml,TCGA-FE-A3PC.5811676B-2274-40D5-9CBA-36468ACAF6B5.PDF,data/raw/GDC Data Thyroid/gdc_download_20260123_154153.943271/7942e7b9-de7a-44b2-9e01-774e8847aaea/nationwidechildrens.org_clinical.TCGA-FE-A3PC.xml,data/raw/GDC Data Thyroid/gdc_download_20260123_154153.943271/c445c9d8-ba89-498d-939b-a4b024bdfbfa/TCGA-FE-A3PC.5811676B-2274-40D5-9CBA-36468ACAF6B5.PDF,Papillary Thyroid Carcinoma,Classical,T3,N1,MX,No ETE,R0,Unifocal,YES,19,19,OK
TCGA-EM-A3SU,nationwidechildrens.org_clinical.TCGA-EM-A3SU.xml,TCGA-EM-A3SU.3D004E6D-7679-4DC6-8F3F-86319814218E.PDF,data/raw/GDC Data Thyroid/gdc_download_20260123_154153.943271/93700cd7-d4f7-4a8b-829f-c5305ba20617/nationwidechildrens.org_clinical.TCGA-EM-A3SU.xml,data/raw/GDC Data Thyroid/gdc_download_20260123_154153.943271/e36fe2e4-28b7-41ef-b14a-8806fb494570/TCGA-EM-A3SU.3D004E6D-7679-4DC6-8F3F-86319814218E.PDF,Papillary Thyroid Carcinoma,Classical,T2,N1b,MX,No ETE,R0,Multifocal,YES,33,3,OK
TCGA-EL-A3CO,nationwidechildrens.org_clinical.TCGA-EL-A3CO.xml,TCGA-EL-A3CO.070A0EB6-F8C7-4F57-B655-137ED40B4A12.PDF,data/raw/GDC Data Thyroid/gdc_download_20260123_154153.943271/4c4f3bbe-11c8-4e4e-93ad-6297ba3c662e/nationwidechildrens.org_clinical.TCGA-EL-A3CO.xml,data/raw/GDC Data Thyroid/gdc_download_20260123_154153.943271/350b1c22-7267-447c-8277-435401e3c6c7/TCGA-EL-A3CO.070A0EB6-F8C7-4F57-B655-137ED40B4A12.PDF,Papillary Thyroid Carcinoma,Classical,T3,N1b,M0,Microscopic,R1,Multifocal,YES,41,10,OK
TCGA-EL-A3GO,nationwidechildrens.org_clinical.TCGA-EL-A3GO.xml,TCGA-EL-A3GO.8DAD2F04-A959-479D-B58F-39D081026080.PDF,data/raw/GDC Data Thyroid/gdc_download_20260123_154153.943271/0c388de1-27ea-425f-8802-b09ac3c23498/nationwidechildrens.org_clinical.TCGA-EL-A3GO.xml,data/raw/GDC Data Thyroid/gdc_download_20260123_154153.943271/05e0b3f5-25a6-4eb8-962f-bf186a50b39d/TCGA-EL-A3GO.8DAD2F04-A959-479D-B58F-39D081026080.PDF,Papillary Thyroid Carcinoma,Classical,T2,N0,M0,No ETE,R0,Unifocal,YES,4,0,OK
TCGA-DJ-A3VF,nationwidechildrens.org_clinical.TCGA-DJ-A3VF.xml,TCGA-DJ-A3VF.8E171469-48B5-4A71-A2B0-72F743711E36.PDF,data/raw/GDC Data Thyroid/gdc_download_20260123_154153.943271/e580012c-b3e1-4ae2-aec9-6cdeb249916d/nationwidechildrens.org_clinical.TCGA-DJ-A3VF.xml,data/raw/GDC Data Thyroid/gdc_download_20260123_154153.943271/6d50384f-c66f-42f2-8bf7-ed4453901aca/TCGA-DJ-A3VF.8E171469-48B5-4A71-A2B0-72F743711E36.PDF,Papillary Thyroid Carcinoma,Tall Cell,T3,N1b,M0,Microscopic,R0,Multifocal,YES,12,4,OK
TCGA-E8-A44K,nationwidechildrens.org_clinical.TCGA-E8-A44K.xml,TCGA-E8-A44K.65882DB3-606B-4C8C-9B7B-67D996F982C4.PDF,data/raw/GDC Data Thyroid/gdc_download_20260123_154153.943271/2ab8f9ff-ec00-48d0-bc24-01f4c070b92a/nationwidechildrens.org_clinical.TCGA-E8-A44K.xml,data/raw/GDC Data Thyroid/gdc_download_20260123_154153.943271/f5914aba-c165-409d-b76a-d9692cbb2848/TCGA-E8-A44K.65882DB3-606B-4C8C-9B7B-67D996F982C4.PDF,Papillary Thyroid Carcinoma,Classical,T1b,N0,M0,No ETE,R0,Unifocal,YES,3,0,OK
TCGA-EM-A3FQ,nationwidechildrens.org_clinical.TCGA-EM-A3FQ.xml,TCGA-EM-A3FQ.B31240E2-85DF-44E6-ABFE-6AE5D04E5E2F.PDF,data/raw/GDC Data Thyroid/gdc_download_20260123_154153.943271/ecae6b93-0e47-48a9-8d5d-4c0d7e32a922/nationwidechildrens.org_clinical.TCGA-EM-A3FQ.xml,data/raw/GDC Data Thyroid/gdc_download_20260123_154153.943271/e76c1e1c-919c-4665-9d3a-e8a158517124/TCGA-EM-A3FQ.B31240E2-85DF-44E6-ABFE-6AE5D04E5E2F.PDF,Papillary Thyroid Carcinoma,Classical,T3,N1b,MX,No ETE,R0,Multifocal,YES,66,41,OK
TCGA-DJ-A3UZ,nationwidechildrens.org_clinical.TCGA-DJ-A3UZ.xml,TCGA-DJ-A3UZ.16D17ADE-B455-481E-A233-76E96DDCB635.PDF,data/raw/GDC Data Thyroid/gdc_download_20260123_154153.943271/cca590af-26dd-43ff-afcd-a37daf32a59e/nationwidechildrens.org_clinical.TCGA-DJ-A3UZ.xml,data/raw/GDC Data Thyroid/gdc_download_20260123_154153.943271/2d4f7baf-f0a2-4dbb-8885-b9deb9de1aa8/TCGA-DJ-A3UZ.16D17ADE-B455-481E-A233-76E96DDCB635.PDF,Papillary Thyroid Carcinoma,Classical,T3,N0,M0,Microscopic,R0,Multifocal,YES,3,0,OK
TCGA-E8-A432,nationwidechildrens.org_clinical.TCGA-E8-A432.xml,TCGA-E8-A432.709BEB00-E3BB-41EE-B600-5AAE02867871.PDF,data/raw/GDC Data Thyroid/gdc_download_20260123_154153.943271/36d9c4c0-bc1e-46b4-adfa-b856352a10f4/nationwidechildrens.org_clinical.TCGA-E8-A432.xml,data/raw/GDC Data Thyroid/gdc_download_20260123_154153.943271/3cf74291-86d5-448b-a0b2-a29a4dee4c5a/TCGA-E8-A432.709BEB00-E3BB-41EE-B600-5AAE02867871.PDF,Papillary Thyroid Carcinoma,Classical,T2,N0,M0,No ETE,R0,Unifocal,NO,,,OK
TCGA-BJ-A18Y,nationwidechildrens.org_clinical.TCGA-BJ-A18Y.xml,TCGA-BJ-A18Y.A36DAF35-DB45-47EA-B167-0B3A11D853C3.PDF,data/raw/GDC Data Thyroid/gdc_download_20260123_154153.943271/b1e295ee-6630-4dae-abb5-f13730192b2f/nationwidechildrens.org_clinical.TCGA-BJ-A18Y.xml,data/raw/GDC Data Thyroid/gdc_download_20260123_154153.943271/457efe81-7ecf-405e-a0b0-e1cd3ab8f695/TCGA-BJ-A18Y.A36DAF35-DB45-47EA-B167-0B3A11D853C3.PDF,Papillary Thyroid Carcinoma,Classical,T1b,N0,MX,No ETE,R0,Multifocal,YES,5,0,OK
TCGA-EM-A22L,nationwidechildrens.org_clinical.TCGA-EM-A22L.xml,TCGA-EM-A22L.D48FB953-758B-4515-B244-09DCACD29441.PDF,data/raw/GDC Data Thyroid/gdc_download_20260123_154153.943271/13870524-1c99-419e-af13-b325e24df544/nationwidechildrens.org_clinical.TCGA-EM-A22L.xml,data/raw/GDC Data Thyroid/gdc_download_20260123_154153.943271/8484c278-c5fc-459d-82ff-f885785ea0e3/TCGA-EM-A22L.D48FB953-758B-4515-B244-09DCACD29441.PDF,Papillary Thyroid Carcinoma,Follicular,T2,N0,MX,No ETE,R0,Multifocal,YES,1,0,OK
TCGA-BJ-A28T,nationwidechildrens.org_clinical.TCGA-BJ-A28T.xml,TCGA-BJ-A28T.B989C4A6-271C-4AC4-A55A-3011C7C6ED05.PDF,data/raw/GDC Data Thyroid/gdc_download_20260123_154153.943271/34d50258-a4bc-43be-a85b-2aa2c5b246b6/nationwidechildrens.org_clinical.TCGA-BJ-A28T.xml,data/raw/GDC Data Thyroid/gdc_download_20260123_154153.943271/9d33fb36-7a51-4b53-aba7-0d8a70e5ca3f/TCGA-BJ-A28T.B989C4A6-271C-4AC4-A55A-3011C7C6ED05.PDF,Papillary Thyroid Carcinoma,Classical,T1,N1a,M0,Not Available,Not Available,Multifocal,YES,9,3,INCOMPLETE
TCGA-BJ-A0ZE,nationwidechildrens.org_clinical.TCGA-BJ-A0ZE.xml,TCGA-BJ-A0ZE.A680FCC2-F8CD-445A-8523-C0A6857D52C5.PDF,data/raw/GDC Data Thyroid/gdc_download_20260123_154153.943271/40a311f2-c689-4768-bf9f-c775fe70e913/nationwidechildrens.org_clinical.TCGA-BJ-A0ZE.xml,data/raw/GDC Data Thyroid/gdc_download_20260123_154153.943271/a05980e3-4bc5-4513-baaa-ebd15ca4f542/TCGA-BJ-A0ZE.A680FCC2-F8CD-445A-8523-C0A6857D52C5.PDF,Papillary Thyroid Carcinoma,Classical,T3,N0,M0,Microscopic,R1,Unifocal,,,,INCOMPLETE
TCGA-DJ-A4V0,nationwidechildrens.org_clinical.TCGA-DJ-A4V0.xml,TCGA-DJ-A4V0.9807707B-9175-467A-A3F5-879E105129FC.PDF,data/raw/GDC Data Thyroid/gdc_download_20260123_154153.943271/6056f2a0-5cff-453f-9a7f-3d7ac6d5371c/nationwidechildrens.org_clinical.TCGA-DJ-A4V0.xml,data/raw/GDC Data Thyroid/gdc_download_20260123_154153.943271/45f070f8-9881-4f73-99c3-47a33e362b48/TCGA-DJ-A4V0.9807707B-9175-467A-A3F5-879E105129FC.PDF,Papillary Thyroid Carcinoma,Classical,T2,N0,M0,No ETE,R0,Unifocal,NO,,,OK
TCGA-DJ-A4UT,nationwidechildrens.org_clinical.TCGA-DJ-A4UT.xml,TCGA-DJ-A4UT.02AD6E8E-1CEF-4BED-9236-B847EBF8513A.PDF,data/raw/GDC Data Thyroid/gdc_download_20260123_154153.943271/799270c1-338c-4efb-9958-34efaa0bbd5c/nationwidechildrens.org_clinical.TCGA-DJ-A4UT.xml,data/raw/GDC Data Thyroid/gdc_download_20260123_154153.943271/52776c70-8423-42e0-8213-dc80874911ef/TCGA-DJ-A4UT.02AD6E8E-1CEF-4BED-9236-B847EBF8513A.PDF,Papillary Thyroid Carcinoma,Classical,T1a,N0,M0,No ETE,R0,Multifocal,NO,,,OK
TCGA-DJ-A2Q3,nationwidechildrens.org_clinical.TCGA-DJ-A2Q3.xml,TCGA-DJ-A2Q3.A65C7D99-30AE-46C3-AFA3-691C0EB0D43C.PDF,data/raw/GDC Data Thyroid/gdc_download_20260123_154153.943271/1ac5769f-8720-4388-b406-6ca3896e9036/nationwidechildrens.org_clinical.TCGA-DJ-A2Q3.xml,data/raw/GDC Data Thyroid/gdc_download_20260123_154153.943271/ecf15120-9665-4158-ae59-5a79dd76efa4/TCGA-DJ-A2Q3.A65C7D99-30AE-46C3-AFA3-691C0EB0D43C.PDF,Papillary Thyroid Carcinoma,Tall Cell,T3,N1a,M0,Microscopic,R0,Unifocal,YES,6,1,OK
TCGA-ET-A40R,nationwidechildrens.org_clinical.TCGA-ET-A40R.xml,TCGA-ET-A40R.16EB0191-4EEF-4425-9CBF-1B10089790D8.PDF,data/raw/GDC Data Thyroid/gdc_download_20260123_154153.943271/4811242d-bbce-49ab-bf66-5dad9970baaa/nationwidechildrens.org_clinical.TCGA-ET-A40R.xml,data/raw/GDC Data Thyroid/gdc_download_20260123_154153.943271/e2fa2e52-4877-4bb2-811a-021bd1f321a9/TCGA-ET-A40R.16EB0191-4EEF-4425-9CBF-1B10089790D8.PDF,Papillary Thyroid Carcinoma,Follicular,T2,N1a,MX,No ETE,Not Available,Unifocal,YES,20,7,INCOMPLETE
TCGA-MK-A4N9,nationwidechildrens.org_clinical.TCGA-MK-A4N9.xml,TCGA-MK-A4N9.0C6D4CF3-93B9-4F2B-82E7-7DE9251C82EE.PDF,data/raw/GDC Data Thyroid/gdc_download_20260123_154153.943271/890b6f4f-1925-485e-a283-82842782801d/nationwidechildrens.org_clinical.TCGA-MK-A4N9.xml,data/raw/GDC Data Thyroid/gdc_download_20260123_154153.943271/b077a0ea-93cc-4855-89a8-b47e2a556a05/TCGA-MK-A4N9.0C6D4CF3-93B9-4F2B-82E7-7DE9251C82EE.PDF,Papillary Thyroid Carcinoma,Classical,T3,N1,M0,Microscopic,R0,Multifocal,YES,9,1,OK
TCGA-EM-A2CR,nationwidechildrens.org_clinical.TCGA-EM-A2CR.xml,TCGA-EM-A2CR.9E95A9A3-0E7C-462A-8C9C-8005161A918B.PDF,data/raw/GDC Data Thyroid/gdc_download_20260123_154153.943271/cc62b393-bcae-49ca-921a-7eeabdbdc36d/nationwidechildrens.org_clinical.TCGA-EM-A2CR.xml,data/raw/GDC Data Thyroid/gdc_download_20260123_154153.943271/2a5e3b56-5e6e-4486-a76d-789dbd257b93/TCGA-EM-A2CR.9E95A9A3-0E7C-462A-8C9C-8005161A918B.PDF,Papillary Thyroid Carcinoma,Follicular,T2,N0,MX,No ETE,R0,Multifocal,YES,3,0,OK
TCGA-E8-A414,nationwidechildrens.org_clinical.TCGA-E8-A414.xml,TCGA-E8-A414.ACDA1B0C-0F5D-40E3-936A-C96D921B861A.PDF,data/raw/GDC Data Thyroid/gdc_download_20260123_154153.943271/f4f50d76-c3cd-4fda-b25b-ff949c63785e/nationwidechildrens.org_clinical.TCGA-E8-A414.xml,data/raw/GDC Data Thyroid/gdc_download_20260123_154153.943271/02e0cdbe-a101-46e8-b21a-17611555edff/TCGA-E8-A414.ACDA1B0C-0F5D-40E3-936A-C96D921B861A.PDF,Papillary Thyroid Carcinoma,Classical,T3,N0,M0,No ETE,R0,Unifocal,YES,1,0,OK
TCGA-EL-A3CR,nationwidechildrens.org_clinical.TCGA-EL-A3CR.xml,TCGA-EL-A3CR.8435621F-F2C1-492A-A3E8-E6FAE9BD4351.PDF,data/raw/GDC Data Thyroid/gdc_download_20260123_154153.943271/669c702a-9c20-4a87-9bcc-6d8d29419fd5/nationwidechildrens.org_clinical.TCGA-EL-A3CR.xml,data/raw/GDC Data Thyroid/gdc_download_20260123_154153.943271/9dd7f518-17e4-41b2-a98e-0d3168368dce/TCGA-EL-A3CR.8435621F-F2C1-492A-A3E8-E6FAE9BD4351.PDF,Papillary Thyroid Carcinoma,Classical,T3,N1b,M0,Microscopic,R1,Unifocal,YES,32,8,OK
TCGA-EM-A1CT,nationwidechildrens.org_clinical.TCGA-EM-A1CT.xml,TCGA-EM-A1CT.A4AF37AD-CD79-4B94-92F8-005093DF0CA3.PDF,data/raw/GDC Data Thyroid/gdc_download_20260123_154153.943271/01cb3651-801f-4d37-be86-4acee2475b72/nationwidechildrens.org_clinical.TCGA-EM-A1CT.xml,data/raw/GDC Data Thyroid/gdc_download_20260123_154153.943271/7ef53c3f-e501-40d3-b035-9b3f1b3fa947/TCGA-EM-A1CT.A4AF37AD-CD79-4B94-92F8-005093DF0CA3.PDF,Papillary Thyroid Carcinoma,Classical,T1b,N1b,MX,No ETE,Not Available,Unifocal,YES,22,1,INCOMPLETE
TCGA-H2-A2K9,nationwidechildrens.org_clinical.TCGA-H2-A2K9.xml,TCGA-H2-A2K9.726162B8-E14A-49DE-8164-70EDB6609EC8.PDF,data/raw/GDC Data Thyroid/gdc_download_20260123_154153.943271/8a1330d9-36f3-4d03-8a7d-f5de709a9639/nationwidechildrens.org_clinical.TCGA-H2-A2K9.xml,data/raw/GDC Data Thyroid/gdc_download_20260123_154153.943271/9408f331-43c7-427f-af35-bfae7205127d/TCGA-H2-A2K9.726162B8-E14A-49DE-8164-70EDB6609EC8.PDF,Papillary Thyroid Carcinoma,Classical,T2,N1b,MX,No ETE,Not Available,Multifocal,YES,14,11,INCOMPLETE
TCGA-J8-A4HY,nationwidechildrens.org_clinical.TCGA-J8-A4HY.xml,TCGA-J8-A4HY.44A2984E-9B5D-4A22-957D-359C2647589F.PDF,data/raw/GDC Data Thyroid/gdc_download_20260123_154153.943271/86aa71ac-7670-4154-a201-a22795262f36/nationwidechildrens.org_clinical.TCGA-J8-A4HY.xml,data/raw/GDC Data Thyroid/gdc_download_20260123_154153.943271/9e49d791-9e97-4175-8b71-85e58caa3026/TCGA-J8-A4HY.44A2984E-9B5D-4A22-957D-359C2647589F.PDF,Papillary Thyroid Carcinoma,Classical,T4a,N1b,MX,Gross,R0,Unifocal,YES,40,13,OK
TCGA-DJ-A4UQ,nationwidechildrens.org_clinical.TCGA-DJ-A4UQ.xml,TCGA-DJ-A4UQ.66B80420-74AB-4AE4-B198-DB616D0484A6.PDF,data/raw/GDC Data Thyroid/gdc_download_20260123_154153.943271/7e3597c6-0a39-4d00-a7b4-f189eb325b91/nationwidechildrens.org_clinical.TCGA-DJ-A4UQ.xml,data/raw/GDC Data Thyroid/gdc_download_20260123_154153.943271/a7e5da1a-8293-4443-9e4b-d271459df372/TCGA-DJ-A4UQ.66B80420-74AB-4AE4-B198-DB616D0484A6.PDF,Other,Not Available,T3,N1b,M0,Microscopic,R0,Multifocal,YES,99,31,INCOMPLETE
TCGA-ET-A4KQ,nationwidechildrens.org_clinical.TCGA-ET-A4KQ.xml,TCGA-ET-A4KQ.AE832FB1-0B21-463D-A8F5-68CF8EFDAC62.PDF,data/raw/GDC Data Thyroid/gdc_download_20260123_154153.943271/f09d1578-847a-4ca2-bb88-d3cc6a00cb5e/nationwidechildrens.org_clinical.TCGA-ET-A4KQ.xml,data/raw/GDC Data Thyroid/gdc_download_20260123_154153.943271/a413324f-77d7-48ac-b643-4056ee1153c5/TCGA-ET-A4KQ.AE832FB1-0B21-463D-A8F5-68CF8EFDAC62.PDF,Papillary Thyroid Carcinoma,Follicular,T2,NX,MX,No ETE,R0,Unifocal,NO,,,OK
TCGA-ET-A40T,nationwidechildrens.org_clinical.TCGA-ET-A40T.xml,TCGA-ET-A40T.32BD1BDE-E814-4CEC-8986-F3C60C43FCD4.PDF,data/raw/GDC Data Thyroid/gdc_download_20260123_154153.943271/569a9535-2d0a-47c7-b487-b002622173a5/nationwidechildrens.org_clinical.TCGA-ET-A40T.xml,data/raw/GDC Data Thyroid/gdc_download_20260123_154153.943271/419090f2-0e14-4459-8537-6f59655e112a/TCGA-ET-A40T.32BD1BDE-E814-4CEC-8986-F3C60C43FCD4.PDF,Papillary Thyroid Carcinoma,Classical,T2,N1a,MX,No ETE,Not Available,Unifocal,YES,15,3,INCOMPLETE
TCGA-EM-A2CP,nationwidechildrens.org_clinical.TCGA-EM-A2CP.xml,TCGA-EM-A2CP.3117EB53-8EAB-40EE-A93C-12EBDC0B45D8.PDF,data/raw/GDC Data Thyroid/gdc_download_20260123_154153.943271/9f46e28d-11d5-4b44-95ed-ad5d71b338d7/nationwidechildrens.org_clinical.TCGA-EM-A2CP.xml,data/raw/GDC Data Thyroid/gdc_download_20260123_154153.943271/8daf3abc-7faf-4edb-b5e2-54d55b24ec97/TCGA-EM-A2CP.3117EB53-8EAB-40EE-A93C-12EBDC0B45D8.PDF,Papillary Thyroid Carcinoma,Follicular,T2,N0,MX,No ETE,R0,Multifocal,YES,27,0,OK
TCGA-ET-A25K,nationwidechildrens.org_clinical.TCGA-ET-A25K.xml,TCGA-ET-A25K.2BBDC29D-287A-4275-8B15-C2074EEA1243.PDF,data/raw/GDC Data Thyroid/gdc_download_20260123_154153.943271/e9cbac74-5109-460d-bf4f-a8c6ded8a974/nationwidechildrens.org_clinical.TCGA-ET-A25K.xml,data/raw/GDC Data Thyroid/gdc_download_20260123_154153.943271/4ae3f766-53be-4784-8197-c8c125887cd0/TCGA-ET-A25K.2BBDC29D-287A-4275-8B15-C2074EEA1243.PDF,Papillary Thyroid Carcinoma,Classical,T2,N1a,MX,No ETE,R0,Multifocal,YES,11,3,OK
TCGA-DJ-A2PR,nationwidechildrens.org_clinical.TCGA-DJ-A2PR.xml,TCGA-DJ-A2PR.B78B9C06-DE73-47A9-A32A-73F60351433A.PDF,data/raw/GDC Data Thyroid/gdc_download_20260123_154153.943271/f959aa67-e475-4b7c-8f62-4e780636385b/nationwidechildrens.org_clinical.TCGA-DJ-A2PR.xml,data/raw/GDC Data Thyroid/gdc_download_20260123_154153.943271/0a0d9f63-7f32-49b0-a246-b2572e8e99f4/TCGA-DJ-A2PR.B78B9C06-DE73-47A9-A32A-73F60351433A.PDF,Papillary Thyroid Carcinoma,Classical,T3,N1a,M0,Microscopic,R0,Multifocal,YES,12,6,OK
TCGA-EM-A2CM,nationwidechildrens.org_clinical.TCGA-EM-A2CM.xml,TCGA-EM-A2CM.26C8884E-4AFB-468D-A974-BE406BD2845F.PDF,data/raw/GDC Data Thyroid/gdc_download_20260123_154153.943271/a8b0e32e-9540-4d58-959d-1848535fdb52/nationwidechildrens.org_clinical.TCGA-EM-A2CM.xml,data/raw/GDC Data Thyroid/gdc_download_20260123_154153.943271/9ee75ac0-b7ba-4d07-91c1-e094d642041a/TCGA-EM-A2CM.26C8884E-4AFB-468D-A974-BE406BD2845F.PDF,Other,Not Available,T3,N0,MX,No ETE,R0,Unifocal,YES,3,0,INCOMPLETE
TCGA-EL-A3GZ,nationwidechildrens.org_clinical.TCGA-EL-A3GZ.xml,TCGA-EL-A3GZ.08E1BDE1-35B6-4F04-BEC1-D3FCC9A2A9CD.PDF,data/raw/GDC Data Thyroid/gdc_download_20260123_154153.943271/fd6cf7e4-ad3e-426c-98a0-89865d532472/nationwidechildrens.org_clinical.TCGA-EL-A3GZ.xml,data/raw/GDC Data Thyroid/gdc_download_20260123_154153.943271/703a7ef3-32d6-4799-8a0e-fc2114ee9867/TCGA-EL-A3GZ.08E1BDE1-35B6-4F04-BEC1-D3FCC9A2A9CD.PDF,Papillary Thyroid Carcinoma,Classical,T1,N0,M0,No ETE,R0,Unifocal,NO,,,OK
TCGA-E8-A44M,nationwidechildrens.org_clinical.TCGA-E8-A44M.xml,TCGA-E8-A44M.596CF3BD-A887-4BDB-BFCA-10046877BC94.PDF,data/raw/GDC Data Thyroid/gdc_download_20260123_154153.943271/7e252dc2-e2fe-4405-8553-c4ef823b3b6a/nationwidechildrens.org_clinical.TCGA-E8-A44M.xml,data/raw/GDC Data Thyroid/gdc_download_20260123_154153.943271/d94f62ff-f051-44e5-a414-322aa2cec1ee/TCGA-E8-A44M.596CF3BD-A887-4BDB-BFCA-10046877BC94.PDF,Papillary Thyroid Carcinoma,Classical,T1b,N0,M0,No ETE,R0,Unifocal,NO,,,OK
TCGA-EL-A3N2,nationwidechildrens.org_clinical.TCGA-EL-A3N2.xml,TCGA-EL-A3N2.F1399697-D1A7-4B59-ACF2-1DDE8C6733AF.PDF,data/raw/GDC Data Thyroid/gdc_download_20260123_154153.943271/85718d5e-aa33-43fa-916b-16d9882b6588/nationwidechildrens.org_clinical.TCGA-EL-A3N2.xml,data/raw/GDC Data Thyroid/gdc_download_20260123_154153.943271/529a7863-efc5-431c-9be2-d303b9c8fbf0/TCGA-EL-A3N2.F1399697-D1A7-4B59-ACF2-1DDE8C6733AF.PDF,Papillary Thyroid Carcinoma,Classical,T2,N1,M0,Microscopic,R0,Unifocal,YES,27,5,OK
TCGA-EL-A3ZQ,nationwidechildrens.org_clinical.TCGA-EL-A3ZQ.xml,TCGA-EL-A3ZQ.1C104C06-BB8E-49C8-851E-79D0EC5C89B0.PDF,data/raw/GDC Data Thyroid/gdc_download_20260123_154153.943271/e48a4548-a647-4c52-8823-0d7c54e4f156/nationwidechildrens.org_clinical.TCGA-EL-A3ZQ.xml,data/raw/GDC Data Thyroid/gdc_download_20260123_154153.943271/b59a1519-dd17-4068-9b87-d68ac49b31c4/TCGA-EL-A3ZQ.1C104C06-BB8E-49C8-851E-79D0EC5C89B0.PDF,Papillary Thyroid Carcinoma,Classical,T2,N0,M0,No ETE,R0,Unifocal,YES,1,,OK
TCGA-EL-A3H3,nationwidechildrens.org_clinical.TCGA-EL-A3H3.xml,TCGA-EL-A3H3.397F6046-731D-4689-A52E-8C6C415D4132.PDF,data/raw/GDC Data Thyroid/gdc_download_20260123_154153.943271/6a0b69d2-7411-4280-b81a-1b071ce69c06/nationwidechildrens.org_clinical.TCGA-EL-A3H3.xml,data/raw/GDC Data Thyroid/gdc_download_20260123_154153.943271/2935d42b-ba34-4f71-bd99-b82e326c2aba/TCGA-EL-A3H3.397F6046-731D-4689-A52E-8C6C415D4132.PDF,Papillary Thyroid Carcinoma,Classical,T2,N1,M0,No ETE,R0,Unifocal,YES,19,6,OK
TCGA-EL-A3CS,nationwidechildrens.org_clinical.TCGA-EL-A3CS.xml,TCGA-EL-A3CS.E34678CC-5509-47BE-8594-8F77A8243111.PDF,data/raw/GDC Data Thyroid/gdc_download_20260123_154153.943271/578d21d5-cab1-40fa-9262-6cbf474d3bb8/nationwidechildrens.org_clinical.TCGA-EL-A3CS.xml,data/raw/GDC Data Thyroid/gdc_download_20260123_154153.943271/449bbf14-d37a-4242-b0ad-f29b046d5d91/TCGA-EL-A3CS.E34678CC-5509-47BE-8594-8F77A8243111.PDF,Papillary Thyroid Carcinoma,Classical,T4a,N0,M0,Gross,R0,Unifocal,YES,20,0,OK
TCGA-ET-A39I,nationwidechildrens.org_clinical.TCGA-ET-A39I.xml,TCGA-ET-A39I.130DFC95-3FA7-4B7B-9CC9-22C06F89C9A7.PDF,data/raw/GDC Data Thyroid/gdc_download_20260123_154153.943271/b56ef15c-d662-41f9-9445-149c65bd2109/nationwidechildrens.org_clinical.TCGA-ET-A39I.xml,data/raw/GDC Data Thyroid/gdc_download_20260123_154153.943271/8e6ec431-fde0-4701-af4a-3c8872b153c3/TCGA-ET-A39I.130DFC95-3FA7-4B7B-9CC9-22C06F89C9A7.PDF,Papillary Thyroid Carcinoma,Follicular,T1,NX,MX,No ETE,R0,Unifocal,NO,,,OK
TCGA-IM-A4EB,nationwidechildrens.org_clinical.TCGA-IM-A4EB.xml,TCGA-IM-A4EB.67DA9755-804F-4CCD-9C4B-7EA193341E30.PDF,data/raw/GDC Data Thyroid/gdc_download_20260123_154153.943271/b8967cac-c820-4bed-b409-0b827f8c5325/nationwidechildrens.org_clinical.TCGA-IM-A4EB.xml,data/raw/GDC Data Thyroid/gdc_download_20260123_154153.943271/719317fa-7d42-489f-9e81-592f0e0c1328/TCGA-IM-A4EB.67DA9755-804F-4CCD-9C4B-7EA193341E30.PDF,Other,Not Available,T3,N1b,MX,Microscopic,R0,Multifocal,YES,11,9,INCOMPLETE
TCGA-FK-A3SD,nationwidechildrens.org_clinical.TCGA-FK-A3SD.xml,TCGA-FK-A3SD.6E68253F-66C4-4B31-95F5-C1B2BD3009BF.PDF,data/raw/GDC Data Thyroid/gdc_download_20260123_154153.943271/708b1b6b-bf67-45eb-ac42-2b8b9ec10d7f/nationwidechildrens.org_clinical.TCGA-FK-A3SD.xml,data/raw/GDC Data Thyroid/gdc_download_20260123_154153.943271/a99df37d-f8d7-40ef-ab2b-dfb371e95b79/TCGA-FK-A3SD.6E68253F-66C4-4B31-95F5-C1B2BD3009BF.PDF,Papillary Thyroid Carcinoma,Classical,T1,N0,M0,Not Available,R0,Unifocal,NO,,,INCOMPLETE
TCGA-BJ-A45E,nationwidechildrens.org_clinical.TCGA-BJ-A45E.xml,TCGA-BJ-A45E.BEB7D523-29E2-4DD1-89E6-06CB04541FB9.PDF,data/raw/GDC Data Thyroid/gdc_download_20260123_154153.943271/b51b3569-0233-4f3b-833b-fdd321a4bfa5/nationwidechildrens.org_clinical.TCGA-BJ-A45E.xml,data/raw/GDC Data Thyroid/gdc_download_20260123_154153.943271/90297424-2623-403a-922c-45b2e9aa0a40/TCGA-BJ-A45E.BEB7D523-29E2-4DD1-89E6-06CB04541FB9.PDF,Papillary Thyroid Carcinoma,Classical,T1a,N0,M0,Not Available,Not Available,Unifocal,YES,4,0,INCOMPLETE
TCGA-DE-A0XZ,nationwidechildrens.org_clinical.TCGA-DE-A0XZ.xml,TCGA-DE-A0XZ.DDD69861-E047-4D17-862A-06626959C9AD.PDF,data/raw/GDC Data Thyroid/gdc_download_20260123_154153.943271/e7b063e1-1f57-4bd5-915f-ac78a13c2286/nationwidechildrens.org_clinical.TCGA-DE-A0XZ.xml,data/raw/GDC Data Thyroid/gdc_download_20260123_154153.943271/4d2aa0c0-76a6-43ff-9e87-b5bf9a9fe5ae/TCGA-DE-A0XZ.DDD69861-E047-4D17-862A-06626959C9AD.PDF,Papillary Thyroid Carcinoma,Classical,T1,N1a,M0,No ETE,R0,Multifocal,YES,7,5,OK
TCGA-EL-A3ZO,nationwidechildrens.org_clinical.TCGA-EL-A3ZO.xml,TCGA-EL-A3ZO.FF6B5F00-9DE1-4073-AC35-7B65378B73EB.PDF,data/raw/GDC Data Thyroid/gdc_download_20260123_154153.943271/b230f58d-2ea1-4b6f-8e1b-0c8746264c3f/nationwidechildrens.org_clinical.TCGA-EL-A3ZO.xml,data/raw/GDC Data Thyroid/gdc_download_20260123_154153.943271/cd110fe2-6ed8-4976-98a2-e2dc98d9d924/TCGA-EL-A3ZO.FF6B5F00-9DE1-4073-AC35-7B65378B73EB.PDF,Papillary Thyroid Carcinoma,Classical,T3,N1,M0,Microscopic,R0,Unifocal,YES,7,1,OK
TCGA-FY-A40L,nationwidechildrens.org_clinical.TCGA-FY-A40L.xml,TCGA-FY-A40L.8DFD83AE-8458-4F8C-96D8-A022E75D2BC9.PDF,data/raw/GDC Data Thyroid/gdc_download_20260123_154153.943271/ab61e350-5da0-41af-94a6-df11539f138a/nationwidechildrens.org_clinical.TCGA-FY-A40L.xml,data/raw/GDC Data Thyroid/gdc_download_20260123_154153.943271/374e79e1-353a-4276-bae6-344e0e4c3039/TCGA-FY-A40L.8DFD83AE-8458-4F8C-96D8-A022E75D2BC9.PDF,Papillary Thyroid Carcinoma,Classical,T4a,N1b,MX,Gross,Not Available,Multifocal,YES,3,2,INCOMPLETE
TCGA-E3-A3E5,nationwidechildrens.org_clinical.TCGA-E3-A3E5.xml,TCGA-E3-A3E5.8BE54EAA-1E14-4257-A78E-B1A4782FC9D8.PDF,data/raw/GDC Data Thyroid/gdc_download_20260123_154153.943271/83b05313-139a-42d3-88e2-8fddb10be78a/nationwidechildrens.org_clinical.TCGA-E3-A3E5.xml,data/raw/GDC Data Thyroid/gdc_download_20260123_154153.943271/0cf25237-e358-42ec-bb1b-cebbee693c2f/TCGA-E3-A3E5.8BE54EAA-1E14-4257-A78E-B1A4782FC9D8.PDF,Papillary Thyroid Carcinoma,Classical,T4a,N1b,MX,No ETE,Not Available,Multifocal,YES,28,13,INCOMPLETE
TCGA-EM-A4FH,nationwidechildrens.org_clinical.TCGA-EM-A4FH.xml,TCGA-EM-A4FH.2D5F749F-4D86-4CDE-9EA2-2FB4E3C894AC.PDF,data/raw/GDC Data Thyroid/gdc_download_20260123_154153.943271/400fa849-5870-442f-9a1c-44fef4548979/nationwidechildrens.org_clinical.TCGA-EM-A4FH.xml,data/raw/GDC Data Thyroid/gdc_download_20260123_154153.943271/d8eb0635-5de0-4e70-aa06-b52861880e3e/TCGA-EM-A4FH.2D5F749F-4D86-4CDE-9EA2-2FB4E3C894AC.PDF,Papillary Thyroid Carcinoma,Follicular,T3,NX,MX,No ETE,R0,Multifocal,NO,,,OK
TCGA-E3-A3DZ,nationwidechildrens.org_clinical.TCGA-E3-A3DZ.xml,TCGA-E3-A3DZ.B9BD9C12-4F77-4B8F-9C8E-316CA441FC6A.PDF,data/raw/GDC Data Thyroid/gdc_download_20260123_154153.943271/8a343b7a-f390-46f4-8eb4-1408fd52221d/nationwidechildrens.org_clinical.TCGA-E3-A3DZ.xml,data/raw/GDC Data Thyroid/gdc_download_20260123_154153.943271/0696418e-b396-4c5b-a4b4-ae0d1c6b11d4/TCGA-E3-A3DZ.B9BD9C12-4F77-4B8F-9C8E-316CA441FC6A.PDF,Papillary Thyroid Carcinoma,Follicular,T3,N0,M0,No ETE,R0,Multifocal,YES,1,0,OK
TCGA-EM-A1YA,nationwidechildrens.org_clinical.TCGA-EM-A1YA.xml,TCGA-EM-A1YA.2156B952-C5C8-40EF-BEE9-41C9B43D8A74.PDF,data/raw/GDC Data Thyroid/gdc_download_20260123_154153.943271/f50f468e-a4f5-46ab-a2e2-da89c347b4ee/nationwidechildrens.org_clinical.TCGA-EM-A1YA.xml,data/raw/GDC Data Thyroid/gdc_download_20260123_154153.943271/099e784e-1aac-4efb-842e-b81538af0292/TCGA-EM-A1YA.2156B952-C5C8-40EF-BEE9-41C9B43D8A74.PDF,Papillary Thyroid Carcinoma,Follicular,T2,NX,MX,No ETE,R0,Unifocal,NO,,,OK
TCGA-ET-A3DS,nationwidechildrens.org_clinical.TCGA-ET-A3DS.xml,TCGA-ET-A3DS.7EFF2F11-7160-4259-904F-44D39C1C0243.PDF,data/raw/GDC Data Thyroid/gdc_download_20260123_154153.943271/e90650e5-c149-44ae-8ffa-88f18b72d903/nationwidechildrens.org_clinical.TCGA-ET-A3DS.xml,data/raw/GDC Data Thyroid/gdc_download_20260123_154153.943271/67c6e098-5cff-469b-9842-dbf5adb1cd3b/TCGA-ET-A3DS.7EFF2F11-7160-4259-904F-44D39C1C0243.PDF,Papillary Thyroid Carcinoma,Classical,T1,N0,MX,No ETE,R0,Unifocal,YES,8,0,OK
TCGA-EL-A3D4,nationwidechildrens.org_clinical.TCGA-EL-A3D4.xml,TCGA-EL-A3D4.4C9E1ABE-DAB5-4935-AD52-187F4EABA7EA.PDF,data/raw/GDC Data Thyroid/gdc_download_20260123_154153.943271/ec8ec173-0cec-4da0-a7c1-0fe7c7c767cf/nationwidechildrens.org_clinical.TCGA-EL-A3D4.xml,data/raw/GDC Data Thyroid/gdc_download_20260123_154153.943271/b6f5d87b-188c-4dac-b142-8c7eb74d129d/TCGA-EL-A3D4.4C9E1ABE-DAB5-4935-AD52-187F4EABA7EA.PDF,Papillary Thyroid Carcinoma,Classical,T3,N1b,M0,Microscopic,R0,Multifocal,YES,75,31,OK
TCGA-EL-A4KH,nationwidechildrens.org_clinical.TCGA-EL-A4KH.xml,TCGA-EL-A4KH.BDBCF63F-26B4-47E3-B609-F1B771544BE1.PDF,data/raw/GDC Data Thyroid/gdc_download_20260123_154153.943271/dc3c06a4-f923-4222-83d2-9f6bedee8a1d/nationwidechildrens.org_clinical.TCGA-EL-A4KH.xml,data/raw/GDC Data Thyroid/gdc_download_20260123_154153.943271/155903e9-1617-4c33-b2cf-e5e861001fcd/TCGA-EL-A4KH.BDBCF63F-26B4-47E3-B609-F1B771544BE1.PDF,Papillary Thyroid Carcinoma,Classical,T2,N0,M0,No ETE,R0,Multifocal,NO,,,OK
TCGA-FY-A3RA,nationwidechildrens.org_clinical.TCGA-FY-A3RA.xml,TCGA-FY-A3RA.370C33BA-DDB3-4DA9-984E-68037C4C5D73.PDF,data/raw/GDC Data Thyroid/gdc_download_20260123_154153.943271/d1fa51f5-e10d-4aa1-a53b-fe72e677e32b/nationwidechildrens.org_clinical.TCGA-FY-A3RA.xml,data/raw/GDC Data Thyroid/gdc_download_20260123_154153.943271/d7769a3b-cdc1-4a32-bbd9-e4aac77e58c8/TCGA-FY-A3RA.370C33BA-DDB3-4DA9-984E-68037C4C5D73.PDF,Papillary Thyroid Carcinoma,Classical,T2,NX,MX,No ETE,R0,Unifocal,NO,,,OK
TCGA-E3-A3E0,nationwidechildrens.org_clinical.TCGA-E3-A3E0.xml,TCGA-E3-A3E0.7182D9F1-4059-4753-83EE-EB2669B1F413.PDF,data/raw/GDC Data Thyroid/gdc_download_20260123_154153.943271/daa7564f-94e6-480d-a192-9e8523e01613/nationwidechildrens.org_clinical.TCGA-E3-A3E0.xml,data/raw/GDC Data Thyroid/gdc_download_20260123_154153.943271/876025cd-e53e-46dc-989a-6565fdac6cb9/TCGA-E3-A3E0.7182D9F1-4059-4753-83EE-EB2669B1F413.PDF,Papillary Thyroid Carcinoma,Classical,T2,N0,MX,No ETE,R0,,YES,3,0,INCOMPLETE
TCGA-FE-A232,nationwidechildrens.org_clinical.TCGA-FE-A232.xml,TCGA-FE-A232.B06679A8-F5E6-42AD-AE62-EB08C37B5033.PDF,data/raw/GDC Data Thyroid/gdc_download_20260123_154153.943271/bf622556-56d4-4c5f-a7ad-d68f8373604d/nationwidechildrens.org_clinical.TCGA-FE-A232.xml,data/raw/GDC Data Thyroid/gdc_download_20260123_154153.943271/a8b346dd-bc86-4a41-b5fe-5cc7de2c7ad3/TCGA-FE-A232.B06679A8-F5E6-42AD-AE62-EB08C37B5033.PDF,Papillary Thyroid Carcinoma,Classical,T3,NX,MX,Microscopic,R0,Unifocal,NO,0,0,OK
TCGA-BJ-A0ZC,nationwidechildrens.org_clinical.TCGA-BJ-A0ZC.xml,TCGA-BJ-A0ZC.963F72D4-5416-48E1-972B-2DD8ED0B68E8.PDF,data/raw/GDC Data Thyroid/gdc_download_20260123_154153.943271/80e6956c-c5a7-4f2d-b40a-2f5c86a2be47/nationwidechildrens.org_clinical.TCGA-BJ-A0ZC.xml,data/raw/GDC Data Thyroid/gdc_download_20260123_154153.943271/ceda940a-4244-4c02-8170-edc9a8d11433/TCGA-BJ-A0ZC.963F72D4-5416-48E1-972B-2DD8ED0B68E8.PDF,Papillary Thyroid Carcinoma,Classical,T1,N0,M0,No ETE,R0,,,,,INCOMPLETE
TCGA-EM-A2CU,nationwidechildrens.org_clinical.TCGA-EM-A2CU.xml,TCGA-EM-A2CU.77194F16-66D9-4D4F-B111-0AC53989F6DC.PDF,data/raw/GDC Data Thyroid/gdc_download_20260123_154153.943271/70e135eb-de70-4a4b-bd4a-132b4f2a22da/nationwidechildrens.org_clinical.TCGA-EM-A2CU.xml,data/raw/GDC Data Thyroid/gdc_download_20260123_154153.943271/e50fd804-5fdb-4fd6-872e-4be06860f725/TCGA-EM-A2CU.77194F16-66D9-4D4F-B111-0AC53989F6DC.PDF,Papillary Thyroid Carcinoma,Follicular,T2,N1a,MX,No ETE,R0,Unifocal,YES,30,4,OK
TCGA-EM-A3AN,nationwidechildrens.org_clinical.TCGA-EM-A3AN.xml,TCGA-EM-A3AN.44BB965E-D260-47EA-9FA9-C5CEEED6C0F6.PDF,data/raw/GDC Data Thyroid/gdc_download_20260123_154153.943271/89b6b735-c2c9-4a62-857b-2fdea2b87b68/nationwidechildrens.org_clinical.TCGA-EM-A3AN.xml,data/raw/GDC Data Thyroid/gdc_download_20260123_154153.943271/ddfc66f3-b106-44dd-90b3-ba5988067a09/TCGA-EM-A3AN.44BB965E-D260-47EA-9FA9-C5CEEED6C0F6.PDF,Papillary Thyroid Carcinoma,Classical,T1b,N1b,MX,No ETE,R1,Multifocal,YES,80,27,OK
TCGA-J8-A42S,nationwidechildrens.org_clinical.TCGA-J8-A42S.xml,TCGA-J8-A42S.BB4E355B-3C6C-471E-8CF5-862CC0CD9935.PDF,data/raw/GDC Data Thyroid/gdc_download_20260123_154153.943271/a1f2f531-ea94-4e52-9ae7-0c41f5d98259/nationwidechildrens.org_clinical.TCGA-J8-A42S.xml,data/raw/GDC Data Thyroid/gdc_download_20260123_154153.943271/47f3e2c8-5b7a-497c-b970-e2273fd272a6/TCGA-J8-A42S.BB4E355B-3C6C-471E-8CF5-862CC0CD9935.PDF,Papillary Thyroid Carcinoma,Classical,T1b,N1a,MX,No ETE,R0,Multifocal,YES,1,1,OK
TCGA-EL-A3ZT,nationwidechildrens.org_clinical.TCGA-EL-A3ZT.xml,TCGA-EL-A3ZT.F19BB96F-31BF-466F-B1FB-0CBB1EE89A88.PDF,data/raw/GDC Data Thyroid/gdc_download_20260123_154153.943271/fc08ffee-637a-47f6-84a6-0cd224c508ce/nationwidechildrens.org_clinical.TCGA-EL-A3ZT.xml,data/raw/GDC Data Thyroid/gdc_download_20260123_154153.943271/eeaaf6a4-63e4-43ee-90c5-995a6e178958/TCGA-EL-A3ZT.F19BB96F-31BF-466F-B1FB-0CBB1EE89A88.PDF,Papillary Thyroid Carcinoma,Classical,T3,N0,M0,Microscopic,R0,Unifocal,NO,,,OK
TCGA-EL-A4JX,nationwidechildrens.org_clinical.TCGA-EL-A4JX.xml,TCGA-EL-A4JX.1B5E8571-DB8F-49A3-85C0-66FE037DC1E3.PDF,data/raw/GDC Data Thyroid/gdc_download_20260123_154153.943271/0fdd69a8-8056-4aa0-8768-766e6c6154f3/nationwidechildrens.org_clinical.TCGA-EL-A4JX.xml,data/raw/GDC Data Thyroid/gdc_download_20260123_154153.943271/b20caa60-e1e3-4b41-a8ce-a32e0ab9e718/TCGA-EL-A4JX.1B5E8571-DB8F-49A3-85C0-66FE037DC1E3.PDF,Papillary Thyroid Carcinoma,Classical,T3,N0,MX,No ETE,R0,Unifocal,YES,1,0,OK
TCGA-E3-A3E3,nationwidechildrens.org_clinical.TCGA-E3-A3E3.xml,TCGA-E3-A3E3.E1776842-75CE-42E0-B424-E2F95ECED18E.PDF,data/raw/GDC Data Thyroid/gdc_download_20260123_154153.943271/f8e92b58-9932-4603-b5af-b5fc42a9cd7b/nationwidechildrens.org_clinical.TCGA-E3-A3E3.xml,data/raw/GDC Data Thyroid/gdc_download_20260123_154153.943271/042059d4-830f-4735-a39e-50ad50153152/TCGA-E3-A3E3.E1776842-75CE-42E0-B424-E2F95ECED18E.PDF,Papillary Thyroid Carcinoma,Classical,T2,N0,M0,No ETE,R0,Multifocal,YES,1,0,OK
TCGA-EM-A3AI,nationwidechildrens.org_clinical.TCGA-EM-A3AI.xml,TCGA-EM-A3AI.BFE17AA0-1A15-4BBE-B46B-87F4DDF40D4F.PDF,data/raw/GDC Data Thyroid/gdc_download_20260123_154153.943271/5ad5dcdb-bfe3-4c78-a58f-86c0eb0ba684/nationwidechildrens.org_clinical.TCGA-EM-A3AI.xml,data/raw/GDC Data Thyroid/gdc_download_20260123_154153.943271/bf682da6-93a6-44b7-8e62-820ecb901f69/TCGA-EM-A3AI.BFE17AA0-1A15-4BBE-B46B-87F4DDF40D4F.PDF,Papillary Thyroid Carcinoma,Follicular,T2,NX,MX,No ETE,R0,Multifocal,NO,,,OK
TCGA-EM-A22O,nationwidechildrens.org_clinical.TCGA-EM-A22O.xml,TCGA-EM-A22O.3D5E6A4E-1626-414F-91BC-009A03C57016.PDF,data/raw/GDC Data Thyroid/gdc_download_20260123_154153.943271/f6cc6410-5a78-4e32-bd5d-c014b7ae4019/nationwidechildrens.org_clinical.TCGA-EM-A22O.xml,data/raw/GDC Data Thyroid/gdc_download_20260123_154153.943271/dc0ddb31-d3ca-402e-9c9d-f47d3dd67799/TCGA-EM-A22O.3D5E6A4E-1626-414F-91BC-009A03C57016.PDF,Papillary Thyroid Carcinoma,Classical,T4a,N1a,MX,Gross,R1,Multifocal,YES,1,1,OK
TCGA-DE-A0Y2,nationwidechildrens.org_clinical.TCGA-DE-A0Y2.xml,TCGA-DE-A0Y2.E564FC79-47F7-4CE8-873D-3A8B697C7FF8.PDF,data/raw/GDC Data Thyroid/gdc_download_20260123_154153.943271/e19699a5-2d4b-4aca-a383-68ef1de5c7c2/nationwidechildrens.org_clinical.TCGA-DE-A0Y2.xml,data/raw/GDC Data Thyroid/gdc_download_20260123_154153.943271/854c71f0-5371-4978-b61e-1dbba5379d5d/TCGA-DE-A0Y2.E564FC79-47F7-4CE8-873D-3A8B697C7FF8.PDF,Papillary Thyroid Carcinoma,Classical,T2,N1a,M0,No ETE,R0,Multifocal,YES,11,6,OK
TCGA-ET-A40Q,nationwidechildrens.org_clinical.TCGA-ET-A40Q.xml,TCGA-ET-A40Q.D0250E29-21AE-4A68-B3F4-2DD739A5D088.PDF,data/raw/GDC Data Thyroid/gdc_download_20260123_154153.943271/765c35f7-c00e-4c94-806a-c8648692b3e7/nationwidechildrens.org_clinical.TCGA-ET-A40Q.xml,data/raw/GDC Data Thyroid/gdc_download_20260123_154153.943271/4777f756-a44a-4f55-bc81-ddd24101f853/TCGA-ET-A40Q.D0250E29-21AE-4A68-B3F4-2DD739A5D088.PDF,Papillary Thyroid Carcinoma,Tall Cell,T3,N1b,MX,Microscopic,R0,Multifocal,YES,40,19,OK
TCGA-EL-A4JV,nationwidechildrens.org_clinical.TCGA-EL-A4JV.xml,TCGA-EL-A4JV.1131E38A-38F4-4187-85E4-AC1B3195C59F.PDF,data/raw/GDC Data Thyroid/gdc_download_20260123_154153.943271/84ad24b9-612c-40bf-a34e-37619efa08b8/nationwidechildrens.org_clinical.TCGA-EL-A4JV.xml,data/raw/GDC Data Thyroid/gdc_download_20260123_154153.943271/c8393646-64e8-45f4-a36e-61a3dbe5343d/TCGA-EL-A4JV.1131E38A-38F4-4187-85E4-AC1B3195C59F.PDF,Papillary Thyroid Carcinoma,Classical,T2,N0,M0,No ETE,R0,Unifocal,YES,1,0,OK
TCGA-CE-A27D,nationwidechildrens.org_clinical.TCGA-CE-A27D.xml,TCGA-CE-A27D.5261BBFC-934D-4929-BB25-1C5A49DAFB00.PDF,data/raw/GDC Data Thyroid/gdc_download_20260123_154153.943271/c872b176-947e-4a5f-919c-3185d52848b6/nationwidechildrens.org_clinical.TCGA-CE-A27D.xml,data/raw/GDC Data Thyroid/gdc_download_20260123_154153.943271/07e0649a-a4f3-4082-8b4a-4c87d41111e6/TCGA-CE-A27D.5261BBFC-934D-4929-BB25-1C5A49DAFB00.PDF,Papillary Thyroid Carcinoma,Classical,T2,N1,M0,No ETE,R0,,NO,,,INCOMPLETE
TCGA-ET-A4KN,nationwidechildrens.org_clinical.TCGA-ET-A4KN.xml,TCGA-ET-A4KN.440686B6-A7D3-4817-9CBB-2C0CEA3C440D.PDF,data/raw/GDC Data Thyroid/gdc_download_20260123_154153.943271/e69b7fba-8183-4d67-a176-3a209c15befc/nationwidechildrens.org_clinical.TCGA-ET-A4KN.xml,data/raw/GDC Data Thyroid/gdc_download_20260123_154153.943271/753aa21a-ab01-4ff4-8db6-b61d91a383fe/TCGA-ET-A4KN.440686B6-A7D3-4817-9CBB-2C0CEA3C440D.PDF,Papillary Thyroid Carcinoma,Tall Cell,T3,N0,MX,Microscopic,R0,Unifocal,YES,4,0,OK
TCGA-EM-A1CV,nationwidechildrens.org_clinical.TCGA-EM-A1CV.xml,TCGA-EM-A1CV.02C9BA4F-692D-4658-ABE4-89C22A0D512F.PDF,data/raw/GDC Data Thyroid/gdc_download_20260123_154153.943271/e8e97426-5af1-499b-9391-763d29d7ea06/nationwidechildrens.org_clinical.TCGA-EM-A1CV.xml,data/raw/GDC Data Thyroid/gdc_download_20260123_154153.943271/2d771fa1-688f-45d7-8414-02248e04386a/TCGA-EM-A1CV.02C9BA4F-692D-4658-ABE4-89C22A0D512F.PDF,Papillary Thyroid Carcinoma,Classical,T1,N0,MX,No ETE,Not Available,Multifocal,YES,3,0,INCOMPLETE
TCGA-KS-A41I,nationwidechildrens.org_clinical.TCGA-KS-A41I.xml,TCGA-KS-A41I.8D7FB9FA-F66C-431F-985F-90F811FBB487.PDF,data/raw/GDC Data Thyroid/gdc_download_20260123_154153.943271/80c78f06-9f54-4f69-bbd6-61485a581762/nationwidechildrens.org_clinical.TCGA-KS-A41I.xml,data/raw/GDC Data Thyroid/gdc_download_20260123_154153.943271/25fffe56-edde-4252-96d9-f0b51943580b/TCGA-KS-A41I.8D7FB9FA-F66C-431F-985F-90F811FBB487.PDF,Papillary Thyroid Carcinoma,Follicular,T1,N0,M0,No ETE,R0,Unifocal,YES,,0,OK
TCGA-EL-A3MY,nationwidechildrens.org_clinical.TCGA-EL-A3MY.xml,TCGA-EL-A3MY.2F9CD81A-D55E-4C8A-8524-9FFA71F3B3C2.PDF,data/raw/GDC Data Thyroid/gdc_download_20260123_154153.943271/53adb194-5389-4aae-9e28-3cfc2d90a571/nationwidechildrens.org_clinical.TCGA-EL-A3MY.xml,data/raw/GDC Data Thyroid/gdc_download_20260123_154153.943271/e1d7e0be-9caa-4eee-9ed9-f80fd74a206c/TCGA-EL-A3MY.2F9CD81A-D55E-4C8A-8524-9FFA71F3B3C2.PDF,Papillary Thyroid Carcinoma,Classical,T4,NX,M1,Gross,Not Available,Unifocal,NO,,,INCOMPLETE
TCGA-DJ-A13O,nationwidechildrens.org_clinical.TCGA-DJ-A13O.xml,TCGA-DJ-A13O.607A9AB4-E9E6-434A-AF81-C11035C93174.PDF,data/raw/GDC Data Thyroid/gdc_download_20260123_154153.943271/f9b8f276-b5e9-4849-8cfd-c3c3b1bbb48c/nationwidechildrens.org_clinical.TCGA-DJ-A13O.xml,data/raw/GDC Data Thyroid/gdc_download_20260123_154153.943271/e01d7265-9c03-442e-b8bf-99f6e7fb66c9/TCGA-DJ-A13O.607A9AB4-E9E6-434A-AF81-C11035C93174.PDF,Papillary Thyroid Carcinoma,Classical,T1b,N0,M0,No ETE,R0,Unifocal,YES,6,0,OK
TCGA-BJ-A45H,nationwidechildrens.org_clinical.TCGA-BJ-A45H.xml,TCGA-BJ-A45H.5D8E581C-D899-4D0C-A178-32AAD520D80F.PDF,data/raw/GDC Data Thyroid/gdc_download_20260123_154153.943271/00102912-5c22-4ccb-93c2-3544d3788179/nationwidechildrens.org_clinical.TCGA-BJ-A45H.xml,data/raw/GDC Data Thyroid/gdc_download_20260123_154153.943271/f8282b5c-9b7c-4752-9288-c939629cb298/TCGA-BJ-A45H.5D8E581C-D899-4D0C-A178-32AAD520D80F.PDF,Papillary Thyroid Carcinoma,Classical,T3,N0,M0,Microscopic,Not Available,Multifocal,,,,INCOMPLETE
TCGA-EM-A2CK,nationwidechildrens.org_clinical.TCGA-EM-A2CK.xml,TCGA-EM-A2CK.993E18F7-4FD8-4867-8921-55182FE4BFBA.PDF,data/raw/GDC Data Thyroid/gdc_download_20260123_154153.943271/19410a26-857e-4280-8cba-f53cbca7164b/nationwidechildrens.org_clinical.TCGA-EM-A2CK.xml,data/raw/GDC Data Thyroid/gdc_download_20260123_154153.943271/38aff01b-3637-47d8-a0d5-5eeb6801ceee/TCGA-EM-A2CK.993E18F7-4FD8-4867-8921-55182FE4BFBA.PDF,Papillary Thyroid Carcinoma,Follicular,T2,N1b,MX,No ETE,R0,Multifocal,YES,25,6,OK
TCGA-DJ-A3V2,nationwidechildrens.org_clinical.TCGA-DJ-A3V2.xml,TCGA-DJ-A3V2.7F24A721-5F52-4FEE-B832-3CC0614C9E46.PDF,data/raw/GDC Data Thyroid/gdc_download_20260123_154153.943271/7d2eaa66-285b-41b8-92dc-810e61a04389/nationwidechildrens.org_clinical.TCGA-DJ-A3V2.xml,data/raw/GDC Data Thyroid/gdc_download_20260123_154153.943271/b3b16c85-bfa8-492f-843e-03d8fbd501f9/TCGA-DJ-A3V2.7F24A721-5F52-4FEE-B832-3CC0614C9E46.PDF,Papillary Thyroid Carcinoma,Classical,T2,N1a,M0,No ETE,R0,Multifocal,YES,4,1,OK
TCGA-DE-A2OL,nationwidechildrens.org_clinical.TCGA-DE-A2OL.xml,TCGA-DE-A2OL.2562FA10-66F8-41BF-B73E-8D78EBEDD7EB.PDF,data/raw/GDC Data Thyroid/gdc_download_20260123_154153.943271/3751ed7c-4bd6-455c-b066-72d37676d20a/nationwidechildrens.org_clinical.TCGA-DE-A2OL.xml,data/raw/GDC Data Thyroid/gdc_download_20260123_154153.943271/e1c619ab-06f2-4813-bc92-dfdfeab4b538/TCGA-DE-A2OL.2562FA10-66F8-41BF-B73E-8D78EBEDD7EB.PDF,Papillary Thyroid Carcinoma,Follicular,T2,NX,MX,No ETE,R0,Unifocal,NO,,,OK
TCGA-FK-A4UB,nationwidechildrens.org_clinical.TCGA-FK-A4UB.xml,TCGA-FK-A4UB.689C08E4-6032-4933-9F13-FD89AEBD3615.PDF,data/raw/GDC Data Thyroid/gdc_download_20260123_154153.943271/05500da5-6828-447e-8298-51eec6cbfe4d/nationwidechildrens.org_clinical.TCGA-FK-A4UB.xml,data/raw/GDC Data Thyroid/gdc_download_20260123_154153.943271/c9bfea4b-f9a4-48d9-9d4a-3e01c3d85cff/TCGA-FK-A4UB.689C08E4-6032-4933-9F13-FD89AEBD3615.PDF,Papillary Thyroid Carcinoma,Classical,T3,N1a,MX,Microscopic,R1,Multifocal,YES,85,20,OK
TCGA-FY-A3W9,nationwidechildrens.org_clinical.TCGA-FY-A3W9.xml,TCGA-FY-A3W9.1396A81D-089B-4E98-A099-E15AFABE4191.PDF,data/raw/GDC Data Thyroid/gdc_download_20260123_154153.943271/7e9ce7cb-ea9d-4b58-a618-fa946130e37e/nationwidechildrens.org_clinical.TCGA-FY-A3W9.xml,data/raw/GDC Data Thyroid/gdc_download_20260123_154153.943271/68bd935c-cc40-44ab-8c51-3657c7adf5e8/TCGA-FY-A3W9.1396A81D-089B-4E98-A099-E15AFABE4191.PDF,Papillary Thyroid Carcinoma,Follicular,T2,N0,MX,No ETE,R1,Unifocal,YES,1,0,OK
TCGA-ET-A39T,nationwidechildrens.org_clinical.TCGA-ET-A39T.xml,TCGA-ET-A39T.CDD7A4EF-9901-4085-B897-975AE5E165D8.PDF,data/raw/GDC Data Thyroid/gdc_download_20260123_154153.943271/b873b5c6-809b-4df1-af60-8d8931f94c4f/nationwidechildrens.org_clinical.TCGA-ET-A39T.xml,data/raw/GDC Data Thyroid/gdc_download_20260123_154153.943271/2805b50c-ea4b-47ec-ab40-0d18e14558fd/TCGA-ET-A39T.CDD7A4EF-9901-4085-B897-975AE5E165D8.PDF,Papillary Thyroid Carcinoma,Follicular,T3,N0,MX,Microscopic,R0,Unifocal,YES,2,0,OK
TCGA-DE-A69K,nationwidechildrens.org_clinical.TCGA-DE-A69K.xml,TCGA-DE-A69K.4AD8C17F-1301-4FF4-9B71-257AEFDE5484.PDF,data/raw/GDC Data Thyroid/gdc_download_20260123_154153.943271/1d452be1-d9d5-476e-8273-486264b65aff/nationwidechildrens.org_clinical.TCGA-DE-A69K.xml,data/raw/GDC Data Thyroid/gdc_download_20260123_154153.943271/eee0aab5-72ec-4d2e-94b2-7b1db457b3ae/TCGA-DE-A69K.4AD8C17F-1301-4FF4-9B71-257AEFDE5484.PDF,Papillary Thyroid Carcinoma,Classical,T3,N0,M0,Microscopic,R1,Multifocal,YES,4,0,OK
TCGA-FE-A237,nationwidechildrens.org_clinical.TCGA-FE-A237.xml,TCGA-FE-A237.C66683CA-DB7D-4451-AC28-E91FD6FA651E.PDF,data/raw/GDC Data Thyroid/gdc_download_20260123_154153.943271/79692a16-ac5f-4f84-b113-9925987318fe/nationwidechildrens.org_clinical.TCGA-FE-A237.xml,data/raw/GDC Data Thyroid/gdc_download_20260123_154153.943271/6a878909-35b3-4843-8086-d5f1c73397f3/TCGA-FE-A237.C66683CA-DB7D-4451-AC28-E91FD6FA651E.PDF,Papillary Thyroid Carcinoma,Classical,T3,N1,MX,Microscopic,R0,Multifocal,YES,5,3,OK
TCGA-ET-A25M,nationwidechildrens.org_clinical.TCGA-ET-A25M.xml,TCGA-ET-A25M.9140CD19-069D-4F54-82C8-6823CE2C2914.PDF,data/raw/GDC Data Thyroid/gdc_download_20260123_154153.943271/018da04a-4436-42b5-a86b-3ca30d8ce2af/nationwidechildrens.org_clinical.TCGA-ET-A25M.xml,data/raw/GDC Data Thyroid/gdc_download_20260123_154153.943271/5d2e16e1-3093-4b0a-9ee4-124144ac973f/TCGA-ET-A25M.9140CD19-069D-4F54-82C8-6823CE2C2914.PDF,Papillary Thyroid Carcinoma,Classical,T2,N1,MX,No ETE,R0,Unifocal,YES,2,1,OK
TCGA-ET-A2N5,nationwidechildrens.org_clinical.TCGA-ET-A2N5.xml,TCGA-ET-A2N5.ED2E0C13-EB17-4947-995A-C3CFDA4F71E6.PDF,data/raw/GDC Data Thyroid/gdc_download_20260123_154153.943271/9d195021-f8e2-4af8-81ba-e989d87d0a2e/nationwidechildrens.org_clinical.TCGA-ET-A2N5.xml,data/raw/GDC Data Thyroid/gdc_download_20260123_154153.943271/6d6e1a23-2246-4f55-9cb4-07fbebfeedc1/TCGA-ET-A2N5.ED2E0C13-EB17-4947-995A-C3CFDA4F71E6.PDF,Papillary Thyroid Carcinoma,Follicular,T3,NX,MX,Microscopic,Not Available,Unifocal,NO,,,INCOMPLETE
TCGA-EM-A2P0,nationwidechildrens.org_clinical.TCGA-EM-A2P0.xml,TCGA-EM-A2P0.EA891EB1-8E94-4D95-88CD-65E5B2B6F43D.PDF,data/raw/GDC Data Thyroid/gdc_download_20260123_154153.943271/c1d571ba-8a3e-445b-a623-649e6c062411/nationwidechildrens.org_clinical.TCGA-EM-A2P0.xml,data/raw/GDC Data Thyroid/gdc_download_20260123_154153.943271/e08e0a7a-93e2-45f6-a89d-3db6f28c316f/TCGA-EM-A2P0.EA891EB1-8E94-4D95-88CD-65E5B2B6F43D.PDF,Papillary Thyroid Carcinoma,Classical,T2,N1b,MX,No ETE,R0,Multifocal,YES,34,9,OK
TCGA-CE-A483,nationwidechildrens.org_clinical.TCGA-CE-A483.xml,TCGA-CE-A483.A8449805-4FFB-4546-9280-B3E801F02AAD.PDF,data/raw/GDC Data Thyroid/gdc_download_20260123_154153.943271/9651cba8-ace6-4ba2-86b5-efdaab8ffa92/nationwidechildrens.org_clinical.TCGA-CE-A483.xml,data/raw/GDC Data Thyroid/gdc_download_20260123_154153.943271/6cd86302-0643-4b01-94ff-1f153b679427/TCGA-CE-A483.A8449805-4FFB-4546-9280-B3E801F02AAD.PDF,Papillary Thyroid Carcinoma,Classical,T2,N1,M0,No ETE,R0,Unifocal,YES,7,4,OK
TCGA-EM-A22Q,nationwidechildrens.org_clinical.TCGA-EM-A22Q.xml,TCGA-EM-A22Q.0BD8BD3E-681E-4604-8385-B3829BFD83CD.PDF,data/raw/GDC Data Thyroid/gdc_download_20260123_154153.943271/693084a2-2f15-4244-bcc5-5e7fbcf5c09c/nationwidechildrens.org_clinical.TCGA-EM-A22Q.xml,data/raw/GDC Data Thyroid/gdc_download_20260123_154153.943271/cfcbfa47-5c8b-4968-9085-82d8e88756bd/TCGA-EM-A22Q.0BD8BD3E-681E-4604-8385-B3829BFD83CD.PDF,Papillary Thyroid Carcinoma,Follicular,T3,N0,MX,No ETE,R0,Unifocal,YES,9,0,OK
TCGA-EL-A3GX,nationwidechildrens.org_clinical.TCGA-EL-A3GX.xml,TCGA-EL-A3GX.0449885B-38F1-423D-94F1-F34F9AD0A660.PDF,data/raw/GDC Data Thyroid/gdc_download_20260123_154153.943271/ef094d82-fa4a-4f3a-9a62-53a7e1fdd585/nationwidechildrens.org_clinical.TCGA-EL-A3GX.xml,data/raw/GDC Data Thyroid/gdc_download_20260123_154153.943271/e01474a4-02fd-4f72-a6ec-be31808ccd31/TCGA-EL-A3GX.0449885B-38F1-423D-94F1-F34F9AD0A660.PDF,Papillary Thyroid Carcinoma,Classical,T2,N1,M0,No ETE,R0,Unifocal,YES,40,3,OK
TCGA-DE-A4MC,nationwidechildrens.org_clinical.TCGA-DE-A4MC.xml,TCGA-DE-A4MC.FAD65DE3-2C89-4A88-AB39-6B9B9BC0954C.PDF,data/raw/GDC Data Thyroid/gdc_download_20260123_154153.943271/5c7107f8-4e69-4a67-bc70-0961072002fd/nationwidechildrens.org_clinical.TCGA-DE-A4MC.xml,data/raw/GDC Data Thyroid/gdc_download_20260123_154153.943271/c481fcef-bd48-4410-80ae-d06d28a41c62/TCGA-DE-A4MC.FAD65DE3-2C89-4A88-AB39-6B9B9BC0954C.PDF,Papillary Thyroid Carcinoma,Classical,T3,N1b,M0,Microscopic,R0,Unifocal,YES,1,1,OK
TCGA-DO-A2HM,nationwidechildrens.org_clinical.TCGA-DO-A2HM.xml,TCGA-DO-A2HM.5AE4F173-F97A-43E6-904C-F179DA6FFCF1.PDF,data/raw/GDC Data Thyroid/gdc_download_20260123_154153.943271/8bbcaa54-47a7-43e6-84ae-4a867bc580d9/nationwidechildrens.org_clinical.TCGA-DO-A2HM.xml,data/raw/GDC Data Thyroid/gdc_download_20260123_154153.943271/d4fd69f4-77b4-4a46-8af3-7a750c36675f/TCGA-DO-A2HM.5AE4F173-F97A-43E6-904C-F179DA6FFCF1.PDF,Papillary Thyroid Carcinoma,Classical,T1b,N1b,MX,No ETE,Not Available,Unifocal,YES,5,3,INCOMPLETE
TCGA-EL-A3T0,nationwidechildrens.org_clinical.TCGA-EL-A3T0.xml,TCGA-EL-A3T0.A003614A-E610-4B31-BD3B-6A9B3141E7DB.PDF,data/raw/GDC Data Thyroid/gdc_download_20260123_154153.943271/b57dd1ee-9da3-41cf-974c-e4707298b5b5/nationwidechildrens.org_clinical.TCGA-EL-A3T0.xml,data/raw/GDC Data Thyroid/gdc_download_20260123_154153.943271/0309c1ce-15a7-4de6-a903-cb1d593238df/TCGA-EL-A3T0.A003614A-E610-4B31-BD3B-6A9B3141E7DB.PDF,Papillary Thyroid Carcinoma,Classical,T3,N1,M0,Microscopic,R0,Unifocal,YES,21,10,OK
TCGA-DJ-A4V5,nationwidechildrens.org_clinical.TCGA-DJ-A4V5.xml,TCGA-DJ-A4V5.E4745F67-4727-4DF5-826A-3CEA904ED623.PDF,data/raw/GDC Data Thyroid/gdc_download_20260123_154153.943271/6ee33a4a-4da8-48a2-bd18-3af6840d417e/nationwidechildrens.org_clinical.TCGA-DJ-A4V5.xml,data/raw/GDC Data Thyroid/gdc_download_20260123_154153.943271/4aa25c8f-2dae-4271-9f99-6781a85570d1/TCGA-DJ-A4V5.E4745F67-4727-4DF5-826A-3CEA904ED623.PDF,Papillary Thyroid Carcinoma,Classical,T3,N1b,M0,Microscopic,R0,Unifocal,YES,82,30,OK
TCGA-IM-A3U2,nationwidechildrens.org_clinical.TCGA-IM-A3U2.xml,TCGA-IM-A3U2.77A0F952-13A6-44CF-81DB-67E4C21A530A.PDF,data/raw/GDC Data Thyroid/gdc_download_20260123_154153.943271/ba682a64-7cf1-4788-87bf-a8c78b661cbc/nationwidechildrens.org_clinical.TCGA-IM-A3U2.xml,data/raw/GDC Data Thyroid/gdc_download_20260123_154153.943271/da2ceef7-8969-4f04-9a7c-c11618e4295e/TCGA-IM-A3U2.77A0F952-13A6-44CF-81DB-67E4C21A530A.PDF,Papillary Thyroid Carcinoma,Tall Cell,T3,N1b,MX,Microscopic,R0,Multifocal,YES,33,25,OK
TCGA-DE-A4M9,nationwidechildrens.org_clinical.TCGA-DE-A4M9.xml,TCGA-DE-A4M9.B3CF4E37-3430-4092-BC7D-5E5534DCE531.PDF,data/raw/GDC Data Thyroid/gdc_download_20260123_154153.943271/a3d94567-7c67-4d55-8185-05d65947ac2a/nationwidechildrens.org_clinical.TCGA-DE-A4M9.xml,data/raw/GDC Data Thyroid/gdc_download_20260123_154153.943271/62a177fd-ebb5-473e-a854-06c8e49d11dd/TCGA-DE-A4M9.B3CF4E37-3430-4092-BC7D-5E5534DCE531.PDF,Papillary Thyroid Carcinoma,Classical,T2,NX,M0,No ETE,R1,Multifocal,NO,,,OK
TCGA-BJ-A0Z9,nationwidechildrens.org_clinical.TCGA-BJ-A0Z9.xml,TCGA-BJ-A0Z9.978BAD0D-EC7B-4E7A-AB18-8507DDAF1266.PDF,data/raw/GDC Data Thyroid/gdc_download_20260123_154153.943271/37bc2492-53f0-44b4-b417-a7706052f309/nationwidechildrens.org_clinical.TCGA-BJ-A0Z9.xml,data/raw/GDC Data Thyroid/gdc_download_20260123_154153.943271/428f24ee-1fa2-4f9d-8315-61b2435e4eb2/TCGA-BJ-A0Z9.978BAD0D-EC7B-4E7A-AB18-8507DDAF1266.PDF,Papillary Thyroid Carcinoma,Tall Cell,T3,N0,MX,Microscopic,R1,Multifocal,YES,6,0,OK
TCGA-ET-A39N,nationwidechildrens.org_clinical.TCGA-ET-A39N.xml,TCGA-ET-A39N.005A9931-5051-4739-AA85-86238410CEC4.PDF,data/raw/GDC Data Thyroid/gdc_download_20260123_154153.943271/d6dc2c2a-09d8-4485-bffe-86d0325429a3/nationwidechildrens.org_clinical.TCGA-ET-A39N.xml,data/raw/GDC Data Thyroid/gdc_download_20260123_154153.943271/3f72d667-ef0c-440b-8f3f-3768aa8b1681/TCGA-ET-A39N.005A9931-5051-4739-AA85-86238410CEC4.PDF,Papillary Thyroid Carcinoma,Classical,T3,NX,MX,No ETE,R0,Unifocal,NO,,,OK
TCGA-E8-A416,nationwidechildrens.org_clinical.TCGA-E8-A416.xml,TCGA-E8-A416.EC98D84D-CD30-4F1A-A262-2D835764A111.PDF,data/raw/GDC Data Thyroid/gdc_download_20260123_154153.943271/39074ab2-aae1-46f7-9606-4b9101f418b4/nationwidechildrens.org_clinical.TCGA-E8-A416.xml,data/raw/GDC Data Thyroid/gdc_download_20260123_154153.943271/6a123704-e7fc-4226-aaf1-8c08262084a8/TCGA-E8-A416.EC98D84D-CD30-4F1A-A262-2D835764A111.PDF,Papillary Thyroid Carcinoma,Classical,T1b,N0,M0,No ETE,R0,Unifocal,NO,,,OK
TCGA-EL-A4K9,nationwidechildrens.org_clinical.TCGA-EL-A4K9.xml,TCGA-EL-A4K9.C0BC2B9A-EA85-41B7-86CE-942DF49DA6F5.PDF,data/raw/GDC Data Thyroid/gdc_download_20260123_154153.943271/5f9e7198-06cf-4424-8b31-3d7d8a85dc86/nationwidechildrens.org_clinical.TCGA-EL-A4K9.xml,data/raw/GDC Data Thyroid/gdc_download_20260123_154153.943271/008a65c1-39fd-4beb-b2ce-194ea4200fb7/TCGA-EL-A4K9.C0BC2B9A-EA85-41B7-86CE-942DF49DA6F5.PDF,Papillary Thyroid Carcinoma,Classical,T2,N0,M0,Microscopic,R0,Unifocal,NO,,,OK
TCGA-ET-A3BX,nationwidechildrens.org_clinical.TCGA-ET-A3BX.xml,TCGA-ET-A3BX.D97547B9-7C17-432E-850A-1BB3456F74B1.PDF,data/raw/GDC Data Thyroid/gdc_download_20260123_154153.943271/a71a55d4-19e3-478a-86ce-fe01d6335631/nationwidechildrens.org_clinical.TCGA-ET-A3BX.xml,data/raw/GDC Data Thyroid/gdc_download_20260123_154153.943271/4a861fc0-7c79-4184-add5-aba5781939a6/TCGA-ET-A3BX.D97547B9-7C17-432E-850A-1BB3456F74B1.PDF,Papillary Thyroid Carcinoma,Classical,T3,N1a,MX,Microscopic,R0,Unifocal,YES,4,1,OK
TCGA-BJ-A0ZJ,nationwidechildrens.org_clinical.TCGA-BJ-A0ZJ.xml,TCGA-BJ-A0ZJ.A91C8B9B-D16A-4D79-A078-6F61ECEEECB4.PDF,data/raw/GDC Data Thyroid/gdc_download_20260123_154153.943271/ba38b5af-3b56-4973-a4fa-e7b1c28fc40d/nationwidechildrens.org_clinical.TCGA-BJ-A0ZJ.xml,data/raw/GDC Data Thyroid/gdc_download_20260123_154153.943271/2a8a248f-6f81-4d8f-9422-39061587fa1c/TCGA-BJ-A0ZJ.A91C8B9B-D16A-4D79-A078-6F61ECEEECB4.PDF,Papillary Thyroid Carcinoma,Classical,T2,N1a,M0,No ETE,R0,,YES,8,1,INCOMPLETE
TCGA-EL-A3T9,nationwidechildrens.org_clinical.TCGA-EL-A3T9.xml,TCGA-EL-A3T9.C6AF9429-7F8D-40ED-90D7-E91332C5C66B.PDF,data/raw/GDC Data Thyroid/gdc_download_20260123_154153.943271/50d42257-fe12-4d57-a09a-1e6294371bf8/nationwidechildrens.org_clinical.TCGA-EL-A3T9.xml,data/raw/GDC Data Thyroid/gdc_download_20260123_154153.943271/88305082-e238-45c4-b2b7-bfa8e0ba29d6/TCGA-EL-A3T9.C6AF9429-7F8D-40ED-90D7-E91332C5C66B.PDF,Papillary Thyroid Carcinoma,Classical,T4,N1,MX,Gross,R1,Unifocal,NO,,,INCOMPLETE
TCGA-EM-A1YD,nationwidechildrens.org_clinical.TCGA-EM-A1YD.xml,TCGA-EM-A1YD.20E7B915-FBA5-422C-98CD-008444AAF8F0.PDF,data/raw/GDC Data Thyroid/gdc_download_20260123_154153.943271/9205a05b-156e-426c-84df-d01db3b76c4c/nationwidechildrens.org_clinical.TCGA-EM-A1YD.xml,data/raw/GDC Data Thyroid/gdc_download_20260123_154153.943271/fcc4c1c1-abdf-421b-90dd-a90019274695/TCGA-EM-A1YD.20E7B915-FBA5-422C-98CD-008444AAF8F0.PDF,Papillary Thyroid Carcinoma,Follicular,T2,N0,MX,No ETE,R0,Multifocal,YES,5,0,OK
TCGA-EL-A3T2,nationwidechildrens.org_clinical.TCGA-EL-A3T2.xml,TCGA-EL-A3T2.8C7BD4A3-B00C-4D06-88B1-6C3164E36E99.PDF,data/raw/GDC Data Thyroid/gdc_download_20260123_154153.943271/15498712-faec-4708-972b-418e9180eeec/nationwidechildrens.org_clinical.TCGA-EL-A3T2.xml,data/raw/GDC Data Thyroid/gdc_download_20260123_154153.943271/801196d1-fa15-4ea6-8dcf-23ef7163ef2e/TCGA-EL-A3T2.8C7BD4A3-B00C-4D06-88B1-6C3164E36E99.PDF,Papillary Thyroid Carcinoma,Classical,T2,N1,M0,No ETE,R0,Unifocal,YES,14,2,OK
TCGA-KS-A4ID,nationwidechildrens.org_clinical.TCGA-KS-A4ID.xml,TCGA-KS-A4ID.2F1434B2-A474-41D3-A93D-C6DD9A946080.PDF,data/raw/GDC Data Thyroid/gdc_download_20260123_154153.943271/65b41ef3-ede4-4e32-aef3-5558bb4c3db8/nationwidechildrens.org_clinical.TCGA-KS-A4ID.xml,data/raw/GDC Data Thyroid/gdc_download_20260123_154153.943271/863619bd-6c5f-4327-8d3e-54f89c6ae643/TCGA-KS-A4ID.2F1434B2-A474-41D3-A93D-C6DD9A946080.PDF,Papillary Thyroid Carcinoma,Follicular,T1,N0,M0,No ETE,R0,Unifocal,YES,13,0,OK
TCGA-DE-A4MA,nationwidechildrens.org_clinical.TCGA-DE-A4MA.xml,TCGA-DE-A4MA.E9906C93-0069-4908-8547-729F5A015FAC.PDF,data/raw/GDC Data Thyroid/gdc_download_20260123_154153.943271/ec459bca-3c60-4bff-baed-cfe67b890af6/nationwidechildrens.org_clinical.TCGA-DE-A4MA.xml,data/raw/GDC Data Thyroid/gdc_download_20260123_154153.943271/08e51189-371d-4c6a-915f-7b4df609f8f9/TCGA-DE-A4MA.E9906C93-0069-4908-8547-729F5A015FAC.PDF,Papillary Thyroid Carcinoma,Classical,T3,N1a,M0,Microscopic,R0,Unifocal,YES,11,7,OK
TCGA-BJ-A45K,nationwidechildrens.org_clinical.TCGA-BJ-A45K.xml,TCGA-BJ-A45K.5EA7DDF0-DC3F-4E56-B978-42A211C721DA.PDF,data/raw/GDC Data Thyroid/gdc_download_20260123_154153.943271/81a0e618-0e52-4166-976f-65516334edfc/nationwidechildrens.org_clinical.TCGA-BJ-A45K.xml,data/raw/GDC Data Thyroid/gdc_download_20260123_154153.943271/d734d37e-a4c4-4ab1-8f77-d02915508e93/TCGA-BJ-A45K.5EA7DDF0-DC3F-4E56-B978-42A211C721DA.PDF,Papillary Thyroid Carcinoma,Classical,T2,N0,M0,No ETE,Not Available,,YES,8,0,INCOMPLETE
TCGA-DJ-A2Q0,nationwidechildrens.org_clinical.TCGA-DJ-A2Q0.xml,TCGA-DJ-A2Q0.7A818447-E2BC-4206-BF8E-6BF323630171.PDF,data/raw/GDC Data Thyroid/gdc_download_20260123_154153.943271/d889d579-677b-4d5e-97b8-6f1b0854012b/nationwidechildrens.org_clinical.TCGA-DJ-A2Q0.xml,data/raw/GDC Data Thyroid/gdc_download_20260123_154153.943271/0f32f714-246d-4247-bd82-f9d87c7dcb27/TCGA-DJ-A2Q0.7A818447-E2BC-4206-BF8E-6BF323630171.PDF,Papillary Thyroid Carcinoma,Classical,T2,N0,M0,No ETE,R0,Unifocal,YES,4,0,OK
TCGA-EL-A3H1,nationwidechildrens.org_clinical.TCGA-EL-A3H1.xml,TCGA-EL-A3H1.AA255733-E90D-43CF-AFE7-853B2CF70B42.PDF,data/raw/GDC Data Thyroid/gdc_download_20260123_154153.943271/311e4cd2-6ae9-4aee-8e72-c6f642705291/nationwidechildrens.org_clinical.TCGA-EL-A3H1.xml,data/raw/GDC Data Thyroid/gdc_download_20260123_154153.943271/ab74d12b-ba76-4e0f-84dd-01b8a1204bbf/TCGA-EL-A3H1.AA255733-E90D-43CF-AFE7-853B2CF70B42.PDF,Papillary Thyroid Carcinoma,Classical,T1,N0,M0,No ETE,R0,Unifocal,NO,,,OK
TCGA-ET-A3BP,nationwidechildrens.org_clinical.TCGA-ET-A3BP.xml,TCGA-ET-A3BP.111885BE-27BA-4EDA-9AAE-53308A6BE629.PDF,data/raw/GDC Data Thyroid/gdc_download_20260123_154153.943271/0178e5b6-cdad-4df9-b8d2-106fbf8dc74b/nationwidechildrens.org_clinical.TCGA-ET-A3BP.xml,data/raw/GDC Data Thyroid/gdc_download_20260123_154153.943271/350e0411-c888-4da4-bd1e-f224ffde9fb2/TCGA-ET-A3BP.111885BE-27BA-4EDA-9AAE-53308A6BE629.PDF,Papillary Thyroid Carcinoma,Classical,T2,N1a,MX,No ETE,R0,Multifocal,YES,3,2,OK
TCGA-FY-A3R6,nationwidechildrens.org_clinical.TCGA-FY-A3R6.xml,TCGA-FY-A3R6.912F801B-814F-4FA4-9216-F62E875AAA7F.PDF,data/raw/GDC Data Thyroid/gdc_download_20260123_154153.943271/007db498-d9b5-4c67-8150-77f599f57fb6/nationwidechildrens.org_clinical.TCGA-FY-A3R6.xml,data/raw/GDC Data Thyroid/gdc_download_20260123_154153.943271/5a1fa2a1-7456-40b3-b7e1-54c60f211329/TCGA-FY-A3R6.912F801B-814F-4FA4-9216-F62E875AAA7F.PDF,Papillary Thyroid Carcinoma,Classical,T2,N1b,MX,No ETE,R0,Multifocal,YES,30,5,OK
TCGA-EM-A3SY,nationwidechildrens.org_clinical.TCGA-EM-A3SY.xml,TCGA-EM-A3SY.D989DFCB-64F0-48A5-A70C-B1D8B9044417.PDF,data/raw/GDC Data Thyroid/gdc_download_20260123_154153.943271/fb4964e4-187b-4c06-82ff-f19a9067f5a5/nationwidechildrens.org_clinical.TCGA-EM-A3SY.xml,data/raw/GDC Data Thyroid/gdc_download_20260123_154153.943271/931f0a81-393f-48a9-87d2-b72a81382cd7/TCGA-EM-A3SY.D989DFCB-64F0-48A5-A70C-B1D8B9044417.PDF,Papillary Thyroid Carcinoma,Follicular,T1b,NX,MX,No ETE,R0,Unifocal,NO,,,OK
TCGA-EM-A2OX,nationwidechildrens.org_clinical.TCGA-EM-A2OX.xml,TCGA-EM-A2OX.8BC70A7D-F4F4-4268-88DC-4F7A6B30D67A.PDF,data/raw/GDC Data Thyroid/gdc_download_20260123_154153.943271/7d7c2be2-7e99-454b-86ab-fb7d2542e984/nationwidechildrens.org_clinical.TCGA-EM-A2OX.xml,data/raw/GDC Data Thyroid/gdc_download_20260123_154153.943271/80545e48-9679-40bb-aca6-36d30dbd7b18/TCGA-EM-A2OX.8BC70A7D-F4F4-4268-88DC-4F7A6B30D67A.PDF,Papillary Thyroid Carcinoma,Classical,T1b,N1b,MX,No ETE,R0,Multifocal,YES,9,8,OK
TCGA-EL-A3CX,nationwidechildrens.org_clinical.TCGA-EL-A3CX.xml,TCGA-EL-A3CX.DF9BD55E-DBE5-4644-B7AD-FEC3B77B2649.PDF,data/raw/GDC Data Thyroid/gdc_download_20260123_154153.943271/06df14ce-4f07-4549-abf9-e5c52a44cab8/nationwidechildrens.org_clinical.TCGA-EL-A3CX.xml,data/raw/GDC Data Thyroid/gdc_download_20260123_154153.943271/a8ad8812-574e-47c8-9db3-1fe2c7820d87/TCGA-EL-A3CX.DF9BD55E-DBE5-4644-B7AD-FEC3B77B2649.PDF,Papillary Thyroid Carcinoma,Classical,T2,N0,M0,No ETE,R0,Unifocal,YES,13,0,OK
TCGA-E8-A417,nationwidechildrens.org_clinical.TCGA-E8-A417.xml,TCGA-E8-A417.F78F1D53-5654-494C-978D-C0575D52D46F.PDF,data/raw/GDC Data Thyroid/gdc_download_20260123_154153.943271/8a8ea57d-8182-4214-a553-4cab3505affd/nationwidechildrens.org_clinical.TCGA-E8-A417.xml,data/raw/GDC Data Thyroid/gdc_download_20260123_154153.943271/287b01d2-5dc5-4f13-ba0f-bfae013c5c74/TCGA-E8-A417.F78F1D53-5654-494C-978D-C0575D52D46F.PDF,Papillary Thyroid Carcinoma,Classical,T2,N1a,M0,No ETE,R0,Unifocal,YES,2,2,OK
TCGA-EM-A2P1,nationwidechildrens.org_clinical.TCGA-EM-A2P1.xml,TCGA-EM-A2P1.9B10FFED-BCE2-4DDB-AD28-E8FB9708DB1A.PDF,data/raw/GDC Data Thyroid/gdc_download_20260123_154153.943271/bec3a792-096c-41fc-a403-4e5c841be3af/nationwidechildrens.org_clinical.TCGA-EM-A2P1.xml,data/raw/GDC Data Thyroid/gdc_download_20260123_154153.943271/a456e373-7657-4215-90f0-7a7fdbe68bbd/TCGA-EM-A2P1.9B10FFED-BCE2-4DDB-AD28-E8FB9708DB1A.PDF,Papillary Thyroid Carcinoma,Classical,T2,N1b,MX,No ETE,R0,Multifocal,YES,54,15,OK
TCGA-EM-A3O8,nationwidechildrens.org_clinical.TCGA-EM-A3O8.xml,TCGA-EM-A3O8.CE03F0A7-D71D-4B96-9401-2157AC622BFE.PDF,data/raw/GDC Data Thyroid/gdc_download_20260123_154153.943271/3dfc6289-fd40-4eee-bbcf-c528552f7338/nationwidechildrens.org_clinical.TCGA-EM-A3O8.xml,data/raw/GDC Data Thyroid/gdc_download_20260123_154153.943271/9cc08362-b5fe-42fb-8894-b14628e613e0/TCGA-EM-A3O8.CE03F0A7-D71D-4B96-9401-2157AC622BFE.PDF,Papillary Thyroid Carcinoma,Follicular,T1b,N0,MX,No ETE,R0,Multifocal,YES,3,0,OK
TCGA-L6-A4EP,nationwidechildrens.org_clinical.TCGA-L6-A4EP.xml,TCGA-L6-A4EP.9F0E20CB-BCF4-4C9D-AB94-792EE20D5033.PDF,data/raw/GDC Data Thyroid/gdc_download_20260123_154153.943271/54f8d8e8-45b8-40d4-b93e-a53e8bea1e72/nationwidechildrens.org_clinical.TCGA-L6-A4EP.xml,data/raw/GDC Data Thyroid/gdc_download_20260123_154153.943271/974f04bf-680f-4f9a-9f28-71f043aae85e/TCGA-L6-A4EP.9F0E20CB-BCF4-4C9D-AB94-792EE20D5033.PDF,Papillary Thyroid Carcinoma,Classical,T2,N0,M0,No ETE,R0,Unifocal,YES,1,0,OK
TCGA-DJ-A1QQ,nationwidechildrens.org_clinical.TCGA-DJ-A1QQ.xml,TCGA-DJ-A1QQ.692F9D3F-844B-45B5-9E10-4BEEC1FB93C8.PDF,data/raw/GDC Data Thyroid/gdc_download_20260123_154153.943271/d5e24812-47e5-48ef-b4df-3f40d9f91678/nationwidechildrens.org_clinical.TCGA-DJ-A1QQ.xml,data/raw/GDC Data Thyroid/gdc_download_20260123_154153.943271/e8df9783-b8eb-4ddf-befa-ef33cfd035de/TCGA-DJ-A1QQ.692F9D3F-844B-45B5-9E10-4BEEC1FB93C8.PDF,Papillary Thyroid Carcinoma,Classical,T3,N0,M0,Microscopic,R0,Multifocal,NO,,,OK
TCGA-DJ-A2Q2,nationwidechildrens.org_clinical.TCGA-DJ-A2Q2.xml,TCGA-DJ-A2Q2.B7ACF926-7983-4DBC-8017-F85BCC85AC70.PDF,data/raw/GDC Data Thyroid/gdc_download_20260123_154153.943271/92d43dbd-4368-445a-a782-4009d1fd30af/nationwidechildrens.org_clinical.TCGA-DJ-A2Q2.xml,data/raw/GDC Data Thyroid/gdc_download_20260123_154153.943271/6d17172d-807d-4a67-a37a-d25e3b208eb6/TCGA-DJ-A2Q2.B7ACF926-7983-4DBC-8017-F85BCC85AC70.PDF,Papillary Thyroid Carcinoma,Follicular,T3,N0,M0,No ETE,R0,Unifocal,YES,1,0,OK
TCGA-DJ-A3UT,nationwidechildrens.org_clinical.TCGA-DJ-A3UT.xml,TCGA-DJ-A3UT.EAA7A141-7F59-4016-AC23-25F324A33DEA.PDF,data/raw/GDC Data Thyroid/gdc_download_20260123_154153.943271/18ccd596-b995-4081-91c1-8b331d46603a/nationwidechildrens.org_clinical.TCGA-DJ-A3UT.xml,data/raw/GDC Data Thyroid/gdc_download_20260123_154153.943271/8562c044-c2e7-48dc-bd85-49c4ed461aee/TCGA-DJ-A3UT.EAA7A141-7F59-4016-AC23-25F324A33DEA.PDF,Papillary Thyroid Carcinoma,Follicular,T1a,N0,M0,No ETE,R0,Multifocal,NO,,,OK
TCGA-ET-A39R,nationwidechildrens.org_clinical.TCGA-ET-A39R.xml,TCGA-ET-A39R.637F519B-25EE-4744-8925-5EB307E08B5C.PDF,data/raw/GDC Data Thyroid/gdc_download_20260123_154153.943271/0e9f7588-26fd-4e8b-bd01-b1a60885922b/nationwidechildrens.org_clinical.TCGA-ET-A39R.xml,data/raw/GDC Data Thyroid/gdc_download_20260123_154153.943271/02f4704d-c88f-4d44-a0ac-678e35b3b012/TCGA-ET-A39R.637F519B-25EE-4744-8925-5EB307E08B5C.PDF,Papillary Thyroid Carcinoma,Classical,T1,N0,MX,No ETE,R0,Multifocal,YES,18,0,OK
TCGA-J8-A3YG,nationwidechildrens.org_clinical.TCGA-J8-A3YG.xml,TCGA-J8-A3YG.33C2ECE3-CA9B-476A-AA2A-F60FCCECD6BF.PDF,data/raw/GDC Data Thyroid/gdc_download_20260123_154153.943271/c4c9b8a0-53f4-4a45-a4d1-41431463afdf/nationwidechildrens.org_clinical.TCGA-J8-A3YG.xml,data/raw/GDC Data Thyroid/gdc_download_20260123_154153.943271/d1beba5d-76ec-414d-833a-aa74e299d3c4/TCGA-J8-A3YG.33C2ECE3-CA9B-476A-AA2A-F60FCCECD6BF.PDF,Papillary Thyroid Carcinoma,Classical,T2,N1a,M0,No ETE,R0,Multifocal,YES,9,6,OK
TCGA-J8-A3YH,nationwidechildrens.org_clinical.TCGA-J8-A3YH.xml,TCGA-J8-A3YH.61116926-9A0E-43AA-B42B-34780D0F16CB.PDF,data/raw/GDC Data Thyroid/gdc_download_20260123_154153.943271/35d33566-2529-4d6b-ba39-febf13970923/nationwidechildrens.org_clinical.TCGA-J8-A3YH.xml,data/raw/GDC Data Thyroid/gdc_download_20260123_154153.943271/685b6240-4412-4267-b378-ea6dd013634f/TCGA-J8-A3YH.61116926-9A0E-43AA-B42B-34780D0F16CB.PDF,Papillary Thyroid Carcinoma,Classical,T3,N1b,M0,No ETE,R0,Multifocal,YES,40,13,OK
TCGA-CE-A485,nationwidechildrens.org_clinical.TCGA-CE-A485.xml,TCGA-CE-A485.4F3E265C-5229-4336-B6CD-1DECF9BC6CF5.PDF,data/raw/GDC Data Thyroid/gdc_download_20260123_154153.943271/33fb817d-6d5b-472a-be6b-fbce04be0b4d/nationwidechildrens.org_clinical.TCGA-CE-A485.xml,data/raw/GDC Data Thyroid/gdc_download_20260123_154153.943271/bab7b768-59bf-4948-b094-7d43358af248/TCGA-CE-A485.4F3E265C-5229-4336-B6CD-1DECF9BC6CF5.PDF,Papillary Thyroid Carcinoma,Classical,T2,N1,M0,No ETE,R0,Multifocal,YES,2,1,OK
TCGA-EL-A3TB,nationwidechildrens.org_clinical.TCGA-EL-A3TB.xml,TCGA-EL-A3TB.606BB6D2-537E-4C63-A696-5A8D8BB7A826.PDF,data/raw/GDC Data Thyroid/gdc_download_20260123_154153.943271/8a9eb62d-19a8-4a2a-aec9-88847442c999/nationwidechildrens.org_clinical.TCGA-EL-A3TB.xml,data/raw/GDC Data Thyroid/gdc_download_20260123_154153.943271/c1904fde-e55a-4bc4-88e2-77bbbb340f89/TCGA-EL-A3TB.606BB6D2-537E-4C63-A696-5A8D8BB7A826.PDF,Papillary Thyroid Carcinoma,Classical,T3,N1a,M0,Microscopic,R0,Unifocal,YES,20,7,OK
TCGA-ET-A3DT,nationwidechildrens.org_clinical.TCGA-ET-A3DT.xml,TCGA-ET-A3DT.18B667CB-A763-4EF9-8498-6AD7ADD697BD.PDF,data/raw/GDC Data Thyroid/gdc_download_20260123_154153.943271/75e0d087-c0e0-4bbb-91a8-0777633331c8/nationwidechildrens.org_clinical.TCGA-ET-A3DT.xml,data/raw/GDC Data Thyroid/gdc_download_20260123_154153.943271/9f3714b0-7cc5-4dcd-aa3b-c9b38e6320ce/TCGA-ET-A3DT.18B667CB-A763-4EF9-8498-6AD7ADD697BD.PDF,Papillary Thyroid Carcinoma,Classical,T2,N1a,MX,No ETE,R0,Unifocal,YES,4,1,OK
TCGA-BJ-A45C,nationwidechildrens.org_clinical.TCGA-BJ-A45C.xml,TCGA-BJ-A45C.E30E5257-7791-4393-9CF2-5B59916FA846.PDF,data/raw/GDC Data Thyroid/gdc_download_20260123_154153.943271/599f46aa-79a8-4808-b8cb-6eeadc4827ad/nationwidechildrens.org_clinical.TCGA-BJ-A45C.xml,data/raw/GDC Data Thyroid/gdc_download_20260123_154153.943271/80e3c981-4db2-478b-8f90-54fd53909d9e/TCGA-BJ-A45C.E30E5257-7791-4393-9CF2-5B59916FA846.PDF,Papillary Thyroid Carcinoma,Classical,T3,N0,M0,Microscopic,Not Available,Multifocal,YES,2,0,INCOMPLETE
TCGA-CE-A13K,nationwidechildrens.org_clinical.TCGA-CE-A13K.xml,TCGA-CE-A13K.21076911-FE79-445E-BE30-A0DAF4D872C6.PDF,data/raw/GDC Data Thyroid/gdc_download_20260123_154153.943271/ef7fd18f-cebb-4e51-8cdc-0d258d0fd03f/nationwidechildrens.org_clinical.TCGA-CE-A13K.xml,data/raw/GDC Data Thyroid/gdc_download_20260123_154153.943271/2888790c-4da3-439d-b363-63507e2f89f2/TCGA-CE-A13K.21076911-FE79-445E-BE30-A0DAF4D872C6.PDF,Papillary Thyroid Carcinoma,Classical,T3,N1,M0,Microscopic,R0,Unifocal,YES,2,2,OK
TCGA-DJ-A2PX,nationwidechildrens.org_clinical.TCGA-DJ-A2PX.xml,TCGA-DJ-A2PX.763C06CF-4DC5-4A5A-B698-224A9E5693A2.PDF,data/raw/GDC Data Thyroid/gdc_download_20260123_154153.943271/83384e37-28d6-4270-99fe-bdca9d31702b/nationwidechildrens.org_clinical.TCGA-DJ-A2PX.xml,data/raw/GDC Data Thyroid/gdc_download_20260123_154153.943271/c04f7fac-57a7-4b33-86c3-0f1999cc715a/TCGA-DJ-A2PX.763C06CF-4DC5-4A5A-B698-224A9E5693A2.PDF,Papillary Thyroid Carcinoma,Follicular,T1b,N0,M0,No ETE,R0,Unifocal,YES,4,0,OK
TCGA-BJ-A291,nationwidechildrens.org_clinical.TCGA-BJ-A291.xml,TCGA-BJ-A291.71C89B49-FA32-4831-9E62-7228751405F1.PDF,data/raw/GDC Data Thyroid/gdc_download_20260123_154153.943271/2555fd88-eacb-4d89-b842-14c33b796dfa/nationwidechildrens.org_clinical.TCGA-BJ-A291.xml,data/raw/GDC Data Thyroid/gdc_download_20260123_154153.943271/8ac9fadb-d2d5-4ce0-b9be-8a9bfd20c0f6/TCGA-BJ-A291.71C89B49-FA32-4831-9E62-7228751405F1.PDF,Papillary Thyroid Carcinoma,Classical,T1,N0,M0,Not Available,Not Available,Multifocal,YES,9,0,INCOMPLETE
TCGA-J8-A3NZ,nationwidechildrens.org_clinical.TCGA-J8-A3NZ.xml,TCGA-J8-A3NZ.0C81E059-8C59-4197-825E-19E5A3AF9372.PDF,data/raw/GDC Data Thyroid/gdc_download_20260123_154153.943271/060bea4e-a39f-4ff0-a343-ea62f0679b7b/nationwidechildrens.org_clinical.TCGA-J8-A3NZ.xml,data/raw/GDC Data Thyroid/gdc_download_20260123_154153.943271/b4e25316-18f0-491d-9550-3bdf7b5dcf97/TCGA-J8-A3NZ.0C81E059-8C59-4197-825E-19E5A3AF9372.PDF,Papillary Thyroid Carcinoma,Classical,T3,N1a,M0,Microscopic,R0,Unifocal,YES,9,2,OK
TCGA-EL-A4K6,nationwidechildrens.org_clinical.TCGA-EL-A4K6.xml,TCGA-EL-A4K6.8EC3C2D5-F169-4C1D-B38F-536FCF1FDD67.PDF,data/raw/GDC Data Thyroid/gdc_download_20260123_154153.943271/a4b780b6-ea20-450d-af07-581f6047c294/nationwidechildrens.org_clinical.TCGA-EL-A4K6.xml,data/raw/GDC Data Thyroid/gdc_download_20260123_154153.943271/74c39f78-a285-4b79-baad-ec54e6614874/TCGA-EL-A4K6.8EC3C2D5-F169-4C1D-B38F-536FCF1FDD67.PDF,Papillary Thyroid Carcinoma,Classical,T4,N1,MX,Microscopic,R0,Unifocal,YES,42,3,OK
TCGA-ET-A3BO,nationwidechildrens.org_clinical.TCGA-ET-A3BO.xml,TCGA-ET-A3BO.EA12FC89-CE8B-4829-BDD1-F5315EAC4B5F.PDF,data/raw/GDC Data Thyroid/gdc_download_20260123_154153.943271/bac7a25e-7a25-4b5a-b696-a50227a67eff/nationwidechildrens.org_clinical.TCGA-ET-A3BO.xml,data/raw/GDC Data Thyroid/gdc_download_20260123_154153.943271/75eb7e14-8ec1-4528-9316-7c03f1e261b1/TCGA-ET-A3BO.EA12FC89-CE8B-4829-BDD1-F5315EAC4B5F.PDF,Papillary Thyroid Carcinoma,Tall Cell,T3,N1a,MX,Microscopic,R1,Multifocal,YES,10,2,OK
TCGA-EL-A3N3,nationwidechildrens.org_clinical.TCGA-EL-A3N3.xml,TCGA-EL-A3N3.83780FF8-5F40-4635-B8C1-903B6718B6DC.PDF,data/raw/GDC Data Thyroid/gdc_download_20260123_154153.943271/e12cae90-c8ec-4cc5-b365-fb8160db3a43/nationwidechildrens.org_clinical.TCGA-EL-A3N3.xml,data/raw/GDC Data Thyroid/gdc_download_20260123_154153.943271/ad19e786-839c-410a-9f8c-3164cd02558e/TCGA-EL-A3N3.83780FF8-5F40-4635-B8C1-903B6718B6DC.PDF,Papillary Thyroid Carcinoma,Classical,T3,NX,M0,Microscopic,R0,Unifocal,NO,,,OK
TCGA-J8-A3YF,nationwidechildrens.org_clinical.TCGA-J8-A3YF.xml,TCGA-J8-A3YF.5098FC1F-A851-413D-80CA-FF512E458B26.PDF,data/raw/GDC Data Thyroid/gdc_download_20260123_154153.943271/20904989-9dc9-4154-a983-3d039974be38/nationwidechildrens.org_clinical.TCGA-J8-A3YF.xml,data/raw/GDC Data Thyroid/gdc_download_20260123_154153.943271/2e84f926-8052-48b0-912b-b78dfd37f2a8/TCGA-J8-A3YF.5098FC1F-A851-413D-80CA-FF512E458B26.PDF,Papillary Thyroid Carcinoma,Classical,T1,N1,M0,No ETE,R0,Multifocal,YES,21,1,OK
TCGA-DJ-A1QH,nationwidechildrens.org_clinical.TCGA-DJ-A1QH.xml,TCGA-DJ-A1QH.387740C3-B978-4F9B-A971-56A6E8F170E6.PDF,data/raw/GDC Data Thyroid/gdc_download_20260123_154153.943271/6349b265-d89b-4f29-8130-a83636963220/nationwidechildrens.org_clinical.TCGA-DJ-A1QH.xml,data/raw/GDC Data Thyroid/gdc_download_20260123_154153.943271/c766012e-043a-4613-a47c-5f8895e41039/TCGA-DJ-A1QH.387740C3-B978-4F9B-A971-56A6E8F170E6.PDF,Papillary Thyroid Carcinoma,Tall Cell,T3,N1a,M0,Microscopic,R1,Unifocal,YES,8,7,OK
TCGA-EL-A3CW,nationwidechildrens.org_clinical.TCGA-EL-A3CW.xml,TCGA-EL-A3CW.18FB3CB9-99FA-4EF9-ABD2-9A8A57C6CC4D.PDF,data/raw/GDC Data Thyroid/gdc_download_20260123_154153.943271/ba54e848-caf0-4aef-a9a2-ae3646299fd4/nationwidechildrens.org_clinical.TCGA-EL-A3CW.xml,data/raw/GDC Data Thyroid/gdc_download_20260123_154153.943271/cf86f6f3-25f8-4246-999d-684b07063b57/TCGA-EL-A3CW.18FB3CB9-99FA-4EF9-ABD2-9A8A57C6CC4D.PDF,Papillary Thyroid Carcinoma,Classical,T2,N1a,M0,No ETE,R0,Unifocal,YES,21,14,OK
TCGA-J8-A3O2,nationwidechildrens.org_clinical.TCGA-J8-A3O2.xml,TCGA-J8-A3O2.91411CD2-6167-4721-A151-CDC08497B5A7.PDF,data/raw/GDC Data Thyroid/gdc_download_20260123_154153.943271/27637291-8c53-4d55-85ba-2a4edcdb0d64/nationwidechildrens.org_clinical.TCGA-J8-A3O2.xml,data/raw/GDC Data Thyroid/gdc_download_20260123_154153.943271/78d2bff4-63b1-4d13-a1b7-156c0c66d999/TCGA-J8-A3O2.91411CD2-6167-4721-A151-CDC08497B5A7.PDF,Papillary Thyroid Carcinoma,Classical,T3,N1b,M0,Microscopic,R1,Multifocal,YES,106,23,OK
TCGA-FY-A3NP,nationwidechildrens.org_clinical.TCGA-FY-A3NP.xml,TCGA-FY-A3NP.F84A8B24-1877-4833-83B5-C417D32D3DB1.PDF,data/raw/GDC Data Thyroid/gdc_download_20260123_154153.943271/a19f3ec4-ebbd-456c-88f9-8c70aee0b29d/nationwidechildrens.org_clinical.TCGA-FY-A3NP.xml,data/raw/GDC Data Thyroid/gdc_download_20260123_154153.943271/9d591aba-056c-4bf1-98a8-a37f6173a957/TCGA-FY-A3NP.F84A8B24-1877-4833-83B5-C417D32D3DB1.PDF,Papillary Thyroid Carcinoma,Follicular,T1,N0,M0,No ETE,R0,Unifocal,NO,,,OK
TCGA-EL-A3ZM,nationwidechildrens.org_clinical.TCGA-EL-A3ZM.xml,TCGA-EL-A3ZM.66FF897A-C66C-486F-B72F-D06F8F35B89D.PDF,data/raw/GDC Data Thyroid/gdc_download_20260123_154153.943271/52788636-13f3-4eda-8efe-c7e09efb9a64/nationwidechildrens.org_clinical.TCGA-EL-A3ZM.xml,data/raw/GDC Data Thyroid/gdc_download_20260123_154153.943271/cf9848d8-77e1-44ef-b9f1-0dd5c2d82aaf/TCGA-EL-A3ZM.66FF897A-C66C-486F-B72F-D06F8F35B89D.PDF,Papillary Thyroid Carcinoma,Classical,T4a,N1,M0,Gross,R1,Unifocal,YES,27,7,OK
TCGA-DJ-A2Q9,nationwidechildrens.org_clinical.TCGA-DJ-A2Q9.xml,TCGA-DJ-A2Q9.37E0F0C8-2294-4F1B-AE62-DB3BD888575B.PDF,data/raw/GDC Data Thyroid/gdc_download_20260123_154153.943271/52970fae-3ead-4fd0-94aa-1711bbbd42f2/nationwidechildrens.org_clinical.TCGA-DJ-A2Q9.xml,data/raw/GDC Data Thyroid/gdc_download_20260123_154153.943271/9cd04f3a-c1cb-49a8-82a2-f920ac372f24/TCGA-DJ-A2Q9.37E0F0C8-2294-4F1B-AE62-DB3BD888575B.PDF,Papillary Thyroid Carcinoma,Tall Cell,T1b,N1a,M0,No ETE,R0,Multifocal,YES,5,1,OK
TCGA-EL-A4K0,nationwidechildrens.org_clinical.TCGA-EL-A4K0.xml,TCGA-EL-A4K0.2F14B1E2-580C-4637-9574-DCA2DB4F38C7.PDF,data/raw/GDC Data Thyroid/gdc_download_20260123_154153.943271/d138e895-f3a6-4383-afbc-4e4110125182/nationwidechildrens.org_clinical.TCGA-EL-A4K0.xml,data/raw/GDC Data Thyroid/gdc_download_20260123_154153.943271/2e477f31-4f80-4ee9-9c48-d447269be81d/TCGA-EL-A4K0.2F14B1E2-580C-4637-9574-DCA2DB4F38C7.PDF,Papillary Thyroid Carcinoma,Classical,T1,N0,M0,No ETE,Not Available,Unifocal,YES,1,0,INCOMPLETE
TCGA-DE-A3KN,nationwidechildrens.org_clinical.TCGA-DE-A3KN.xml,TCGA-DE-A3KN.C486F0BE-B25C-4108-81C5-AAC6B64346A0.PDF,data/raw/GDC Data Thyroid/gdc_download_20260123_154153.943271/6cd34dee-39ff-45ea-9cec-bbff89d4ac33/nationwidechildrens.org_clinical.TCGA-DE-A3KN.xml,data/raw/GDC Data Thyroid/gdc_download_20260123_154153.943271/5dd24660-79d5-42c2-bebc-2271d28272fe/TCGA-DE-A3KN.C486F0BE-B25C-4108-81C5-AAC6B64346A0.PDF,Papillary Thyroid Carcinoma,Classical,T3,N1b,M0,Microscopic,R0,Unifocal,YES,9,5,OK
TCGA-ET-A25R,nationwidechildrens.org_clinical.TCGA-ET-A25R.xml,TCGA-ET-A25R.E55B4BC8-6271-4992-9529-D5B173D18486.PDF,data/raw/GDC Data Thyroid/gdc_download_20260123_154153.943271/f48b7d85-c81d-48ad-97af-a8bd66396a38/nationwidechildrens.org_clinical.TCGA-ET-A25R.xml,data/raw/GDC Data Thyroid/gdc_download_20260123_154153.943271/2f6afef5-0a01-4845-bc44-8ac4780af9a5/TCGA-ET-A25R.E55B4BC8-6271-4992-9529-D5B173D18486.PDF,Papillary Thyroid Carcinoma,Tall Cell,T3,NX,MX,Microscopic,R0,Unifocal,NO,,,OK
TCGA-EM-A3AL,nationwidechildrens.org_clinical.TCGA-EM-A3AL.xml,TCGA-EM-A3AL.31921221-0B77-47EE-B989-3551A7C71FFB.PDF,data/raw/GDC Data Thyroid/gdc_download_20260123_154153.943271/75386fb8-60bf-49b4-8fa2-7e3cab5eaa32/nationwidechildrens.org_clinical.TCGA-EM-A3AL.xml,data/raw/GDC Data Thyroid/gdc_download_20260123_154153.943271/88dbfa2c-7cbb-4cdc-997a-cf73e2950d6c/TCGA-EM-A3AL.31921221-0B77-47EE-B989-3551A7C71FFB.PDF,Papillary Thyroid Carcinoma,Follicular,T1b,N0,MX,No ETE,R0,Multifocal,YES,14,0,OK
TCGA-EM-A1YC,nationwidechildrens.org_clinical.TCGA-EM-A1YC.xml,TCGA-EM-A1YC.EBE0695F-D5AB-40E1-86B8-AA2B98C4986B.PDF,data/raw/GDC Data Thyroid/gdc_download_20260123_154153.943271/d689c65e-a070-46ab-958a-29606bef4adb/nationwidechildrens.org_clinical.TCGA-EM-A1YC.xml,data/raw/GDC Data Thyroid/gdc_download_20260123_154153.943271/6c44296a-3f57-49d4-bdfd-6d40086f1727/TCGA-EM-A1YC.EBE0695F-D5AB-40E1-86B8-AA2B98C4986B.PDF,Papillary Thyroid Carcinoma,Follicular,T3,N0,MX,No ETE,R0,Unifocal,YES,1,0,OK
TCGA-ET-A3DO,nationwidechildrens.org_clinical.TCGA-ET-A3DO.xml,TCGA-ET-A3DO.25667964-D12A-43A9-8B5E-DDBFDB694D74.PDF,data/raw/GDC Data Thyroid/gdc_download_20260123_154153.943271/ebaa9c60-232d-4032-8c0c-e0ec0fd4f194/nationwidechildrens.org_clinical.TCGA-ET-A3DO.xml,data/raw/GDC Data Thyroid/gdc_download_20260123_154153.943271/c625114c-b1a1-4ba0-b53d-8f8965eb0994/TCGA-ET-A3DO.25667964-D12A-43A9-8B5E-DDBFDB694D74.PDF,Papillary Thyroid Carcinoma,Classical,T2,NX,MX,No ETE,R0,Multifocal,NO,,,OK
TCGA-DJ-A3UV,nationwidechildrens.org_clinical.TCGA-DJ-A3UV.xml,TCGA-DJ-A3UV.1262D473-47E4-41EC-AA58-93D0E16CC678.PDF,data/raw/GDC Data Thyroid/gdc_download_20260123_154153.943271/153147a3-b880-449f-aa1e-c15ea89ee2f1/nationwidechildrens.org_clinical.TCGA-DJ-A3UV.xml,data/raw/GDC Data Thyroid/gdc_download_20260123_154153.943271/1d39e655-afed-4729-a47f-02ba897f2986/TCGA-DJ-A3UV.1262D473-47E4-41EC-AA58-93D0E16CC678.PDF,Papillary Thyroid Carcinoma,Classical,T1,N0,M0,No ETE,R0,Unifocal,YES,2,0,OK
TCGA-BJ-A18Z,nationwidechildrens.org_clinical.TCGA-BJ-A18Z.xml,TCGA-BJ-A18Z.AE63E7FD-7E20-493C-B405-8D18C3DFBEA2.PDF,data/raw/GDC Data Thyroid/gdc_download_20260123_154153.943271/2bae5f0d-9c29-4713-bc0c-e53fdcd8eb85/nationwidechildrens.org_clinical.TCGA-BJ-A18Z.xml,data/raw/GDC Data Thyroid/gdc_download_20260123_154153.943271/49123918-a5d6-44ec-92e6-feadb2ab3791/TCGA-BJ-A18Z.AE63E7FD-7E20-493C-B405-8D18C3DFBEA2.PDF,Papillary Thyroid Carcinoma,Classical,T3,N1b,MX,Microscopic,R1,Multifocal,YES,37,3,OK
TCGA-EM-A3SZ,nationwidechildrens.org_clinical.TCGA-EM-A3SZ.xml,TCGA-EM-A3SZ.EB2DC574-B401-44C0-9C5A-A9353A5ABF75.PDF,data/raw/GDC Data Thyroid/gdc_download_20260123_154153.943271/8e87e3b4-4a3b-4b0e-bb26-f76103856c6d/nationwidechildrens.org_clinical.TCGA-EM-A3SZ.xml,data/raw/GDC Data Thyroid/gdc_download_20260123_154153.943271/461c3e13-6784-4f61-bef9-4a5e62df843b/TCGA-EM-A3SZ.EB2DC574-B401-44C0-9C5A-A9353A5ABF75.PDF,Papillary Thyroid Carcinoma,Classical,T2,N0,MX,No ETE,R0,Multifocal,YES,4,0,OK
TCGA-EM-A3FK,nationwidechildrens.org_clinical.TCGA-EM-A3FK.xml,TCGA-EM-A3FK.A1ED1E7A-FCA0-4F32-9687-88855105E262.PDF,data/raw/GDC Data Thyroid/gdc_download_20260123_154153.943271/c6131824-5aa6-458a-8623-18ae86268d0e/nationwidechildrens.org_clinical.TCGA-EM-A3FK.xml,data/raw/GDC Data Thyroid/gdc_download_20260123_154153.943271/bd0df57c-34bc-4726-8228-1bc4c0fd7bc7/TCGA-EM-A3FK.A1ED1E7A-FCA0-4F32-9687-88855105E262.PDF,Papillary Thyroid Carcinoma,Classical,T1b,N1b,MX,No ETE,R0,Multifocal,YES,25,17,OK
TCGA-EM-A3SX,nationwidechildrens.org_clinical.TCGA-EM-A3SX.xml,TCGA-EM-A3SX.C4114C5A-DE73-499B-BED6-FC8F9976C3E2.PDF,data/raw/GDC Data Thyroid/gdc_download_20260123_154153.943271/b1b8daa4-328e-4de5-a11d-9c4ebf63df8a/nationwidechildrens.org_clinical.TCGA-EM-A3SX.xml,data/raw/GDC Data Thyroid/gdc_download_20260123_154153.943271/9a93522e-47f3-4886-aea6-912139ded102/TCGA-EM-A3SX.C4114C5A-DE73-499B-BED6-FC8F9976C3E2.PDF,Papillary Thyroid Carcinoma,Classical,T3,N1a,MX,No ETE,R1,Multifocal,YES,4,3,OK
TCGA-BJ-A0Z5,nationwidechildrens.org_clinical.TCGA-BJ-A0Z5.xml,TCGA-BJ-A0Z5.F4DCEE4E-CB1C-48CB-8BE2-90A9925D8A70.PDF,data/raw/GDC Data Thyroid/gdc_download_20260123_154153.943271/089acfca-77d1-4e25-bed7-49ae693965ac/nationwidechildrens.org_clinical.TCGA-BJ-A0Z5.xml,data/raw/GDC Data Thyroid/gdc_download_20260123_154153.943271/fbae4592-9fe6-4d26-aba5-f8d20999334b/TCGA-BJ-A0Z5.F4DCEE4E-CB1C-48CB-8BE2-90A9925D8A70.PDF,Papillary Thyroid Carcinoma,Classical,T3,N1a,M0,Not Available,Not Available,,YES,5,4,INCOMPLETE
TCGA-EL-A3GY,nationwidechildrens.org_clinical.TCGA-EL-A3GY.xml,TCGA-EL-A3GY.F7DBE537-2DDB-4C7D-926D-D6BBCA653006.PDF,data/raw/GDC Data Thyroid/gdc_download_20260123_154153.943271/19b5d296-5c2a-49e6-a074-b78d1e797df8/nationwidechildrens.org_clinical.TCGA-EL-A3GY.xml,data/raw/GDC Data Thyroid/gdc_download_20260123_154153.943271/ce345a9a-7c3e-4611-a860-88584cc1a0fb/TCGA-EL-A3GY.F7DBE537-2DDB-4C7D-926D-D6BBCA653006.PDF,Papillary Thyroid Carcinoma,Classical,T1,N1,M1,No ETE,R0,Unifocal,NO,,,INCOMPLETE
TCGA-DJ-A2PU,nationwidechildrens.org_clinical.TCGA-DJ-A2PU.xml,TCGA-DJ-A2PU.AD5BA4BB-1EE5-4449-9942-79A097DE713A.PDF,data/raw/GDC Data Thyroid/gdc_download_20260123_154153.943271/769c8967-7b2f-45fc-b49e-ac5bbae44dcd/nationwidechildrens.org_clinical.TCGA-DJ-A2PU.xml,data/raw/GDC Data Thyroid/gdc_download_20260123_154153.943271/35fd212d-d735-4b7d-8593-a26d0043a1fe/TCGA-DJ-A2PU.AD5BA4BB-1EE5-4449-9942-79A097DE713A.PDF,Papillary Thyroid Carcinoma,Classical,T2,N0,M0,No ETE,R0,Multifocal,YES,1,0,OK
TCGA-DO-A1JZ,nationwidechildrens.org_clinical.TCGA-DO-A1JZ.xml,TCGA-DO-A1JZ.E7412EA8-CEE7-4EA9-932F-33751A312E4B.PDF,data/raw/GDC Data Thyroid/gdc_download_20260123_154153.943271/f3395afe-070c-41cf-8078-e623b248a8f8/nationwidechildrens.org_clinical.TCGA-DO-A1JZ.xml,data/raw/GDC Data Thyroid/gdc_download_20260123_154153.943271/79e3a13a-3c95-4b06-b1cb-6538f284b584/TCGA-DO-A1JZ.E7412EA8-CEE7-4EA9-932F-33751A312E4B.PDF,Papillary Thyroid Carcinoma,Follicular,T2,NX,MX,No ETE,R1,Unifocal,NO,,,OK
TCGA-EM-A3AO,nationwidechildrens.org_clinical.TCGA-EM-A3AO.xml,TCGA-EM-A3AO.ED64D5D3-1CAF-4632-BDED-4A4194CB68A3.PDF,data/raw/GDC Data Thyroid/gdc_download_20260123_154153.943271/fc4dec38-452b-4b65-b6d9-2618a70bda1b/nationwidechildrens.org_clinical.TCGA-EM-A3AO.xml,data/raw/GDC Data Thyroid/gdc_download_20260123_154153.943271/f2e61e47-ca7c-4df5-88e8-83cb1342717b/TCGA-EM-A3AO.ED64D5D3-1CAF-4632-BDED-4A4194CB68A3.PDF,Papillary Thyroid Carcinoma,Classical,T2,N1b,MX,No ETE,R0,Multifocal,YES,26,10,OK
TCGA-ET-A39J,nationwidechildrens.org_clinical.TCGA-ET-A39J.xml,TCGA-ET-A39J.3B981FAD-AA10-4FCE-84FD-97C14CEF2EB7.PDF,data/raw/GDC Data Thyroid/gdc_download_20260123_154153.943271/352c54e3-9695-4915-a260-cc1131e9cc67/nationwidechildrens.org_clinical.TCGA-ET-A39J.xml,data/raw/GDC Data Thyroid/gdc_download_20260123_154153.943271/638d3512-fedf-4a4e-8acb-8ec6a84df30c/TCGA-ET-A39J.3B981FAD-AA10-4FCE-84FD-97C14CEF2EB7.PDF,Papillary Thyroid Carcinoma,Classical,T2,NX,MX,No ETE,R0,Multifocal,NO,,,OK
TCGA-DJ-A3VI,nationwidechildrens.org_clinical.TCGA-DJ-A3VI.xml,TCGA-DJ-A3VI.0301C712-DB98-44EA-9BEA-51F22749E0B2.PDF,data/raw/GDC Data Thyroid/gdc_download_20260123_154153.943271/a4f17431-bed0-46dd-afcc-9b74c71fc6ab/nationwidechildrens.org_clinical.TCGA-DJ-A3VI.xml,data/raw/GDC Data Thyroid/gdc_download_20260123_154153.943271/0f176c5f-6440-440b-857d-e01b591d5c2d/TCGA-DJ-A3VI.0301C712-DB98-44EA-9BEA-51F22749E0B2.PDF,Papillary Thyroid Carcinoma,Classical,T1b,N1a,M0,No ETE,R0,Multifocal,YES,5,3,OK
TCGA-DJ-A2QC,nationwidechildrens.org_clinical.TCGA-DJ-A2QC.xml,TCGA-DJ-A2QC.56AEDDE4-62FD-4D06-BA3A-018ABA76D383.PDF,data/raw/GDC Data Thyroid/gdc_download_20260123_154153.943271/b8601631-e9d6-45bf-b755-b34d570da7ef/nationwidechildrens.org_clinical.TCGA-DJ-A2QC.xml,data/raw/GDC Data Thyroid/gdc_download_20260123_154153.943271/81ac8288-79c8-46b2-bd70-8b7c0a70bfe2/TCGA-DJ-A2QC.56AEDDE4-62FD-4D06-BA3A-018ABA76D383.PDF,Papillary Thyroid Carcinoma,Classical,T2,N0,M0,No ETE,R0,Unifocal,NO,,,OK
TCGA-E8-A437,nationwidechildrens.org_clinical.TCGA-E8-A437.xml,TCGA-E8-A437.8A3ABA86-6ED1-4CD8-B8DF-5A39D8C7CB34.PDF,data/raw/GDC Data Thyroid/gdc_download_20260123_154153.943271/b5df30c9-a193-47da-8915-d2c93e36dca6/nationwidechildrens.org_clinical.TCGA-E8-A437.xml,data/raw/GDC Data Thyroid/gdc_download_20260123_154153.943271/1551ce35-1f93-4c07-903b-465fb4613755/TCGA-E8-A437.8A3ABA86-6ED1-4CD8-B8DF-5A39D8C7CB34.PDF,Papillary Thyroid Carcinoma,Classical,TX,NX,M0,No ETE,Not Available,Unifocal,NO,,,INCOMPLETE
TCGA-EM-A1CW,nationwidechildrens.org_clinical.TCGA-EM-A1CW.xml,TCGA-EM-A1CW.7A55B23F-2F3D-4748-9ACD-A947452F787C.PDF,data/raw/GDC Data Thyroid/gdc_download_20260123_154153.943271/5cee227d-d3e9-4138-85e2-38662ef8aac8/nationwidechildrens.org_clinical.TCGA-EM-A1CW.xml,data/raw/GDC Data Thyroid/gdc_download_20260123_154153.943271/9532c3b3-e17a-4418-8e80-6f4d0e134683/TCGA-EM-A1CW.7A55B23F-2F3D-4748-9ACD-A947452F787C.PDF,Papillary Thyroid Carcinoma,Follicular,T3,N0,MX,No ETE,R0,Multifocal,YES,1,0,OK
TCGA-KS-A41J,nationwidechildrens.org_clinical.TCGA-KS-A41J.xml,TCGA-KS-A41J.85C21DA8-13C6-4E22-939C-579C38A14891.PDF,data/raw/GDC Data Thyroid/gdc_download_20260123_154153.943271/0008f666-d8e8-4310-8ca3-0da4e06db601/nationwidechildrens.org_clinical.TCGA-KS-A41J.xml,data/raw/GDC Data Thyroid/gdc_download_20260123_154153.943271/22aaeab7-2fd4-49e5-ac97-97591524d0c9/TCGA-KS-A41J.85C21DA8-13C6-4E22-939C-579C38A14891.PDF,Papillary Thyroid Carcinoma,Classical,T2,N1,M0,No ETE,R0,Unifocal,YES,2,2,OK
TCGA-CE-A481,nationwidechildrens.org_clinical.TCGA-CE-A481.xml,TCGA-CE-A481.519EA683-0FCE-4DBF-A103-AE7EC565D237.PDF,data/raw/GDC Data Thyroid/gdc_download_20260123_154153.943271/94b87eff-7839-4ee3-ba98-2cff8711fd2e/nationwidechildrens.org_clinical.TCGA-CE-A481.xml,data/raw/GDC Data Thyroid/gdc_download_20260123_154153.943271/c7fed5aa-afd8-44e0-9aaf-10b3e30b14f9/TCGA-CE-A481.519EA683-0FCE-4DBF-A103-AE7EC565D237.PDF,Papillary Thyroid Carcinoma,Classical,T1,N0,M0,No ETE,R0,Unifocal,NO,,,OK
TCGA-ET-A3BW,nationwidechildrens.org_clinical.TCGA-ET-A3BW.xml,TCGA-ET-A3BW.3F6367E6-F1F2-4019-A95B-EF5D78054A2B.PDF,data/raw/GDC Data Thyroid/gdc_download_20260123_154153.943271/f9777012-e192-4572-a796-b236a70d1b4a/nationwidechildrens.org_clinical.TCGA-ET-A3BW.xml,data/raw/GDC Data Thyroid/gdc_download_20260123_154153.943271/53117db7-5783-4ca0-9308-ceaa9e63b456/TCGA-ET-A3BW.3F6367E6-F1F2-4019-A95B-EF5D78054A2B.PDF,Papillary Thyroid Carcinoma,Classical,T2,NX,MX,No ETE,R0,Multifocal,NO,,,OK
TCGA-FE-A236,nationwidechildrens.org_clinical.TCGA-FE-A236.xml,TCGA-FE-A236.E47EE58C-029A-45DB-8EC1-4AFD3AEB07F3.PDF,data/raw/GDC Data Thyroid/gdc_download_20260123_154153.943271/760ed8c8-1245-4a0b-aeea-38279d22c3e5/nationwidechildrens.org_clinical.TCGA-FE-A236.xml,data/raw/GDC Data Thyroid/gdc_download_20260123_154153.943271/425119e6-d31b-431e-8b5e-4a3f35fe4f20/TCGA-FE-A236.E47EE58C-029A-45DB-8EC1-4AFD3AEB07F3.PDF,Papillary Thyroid Carcinoma,Classical,T2,N1,MX,No ETE,R0,Multifocal,YES,5,5,OK
TCGA-DJ-A3V9,nationwidechildrens.org_clinical.TCGA-DJ-A3V9.xml,TCGA-DJ-A3V9.446397DB-BAEB-4EE7-B3EA-78CECD26266C.PDF,data/raw/GDC Data Thyroid/gdc_download_20260123_154153.943271/4c178425-4111-4c7b-9a4f-d62a403bbaa6/nationwidechildrens.org_clinical.TCGA-DJ-A3V9.xml,data/raw/GDC Data Thyroid/gdc_download_20260123_154153.943271/66d9de41-adb9-4f3b-8c93-6179a0a7738a/TCGA-DJ-A3V9.446397DB-BAEB-4EE7-B3EA-78CECD26266C.PDF,Papillary Thyroid Carcinoma,Classical,T2,N1b,M0,No ETE,R0,Multifocal,YES,56,12,OK
TCGA-EL-A3CP,nationwidechildrens.org_clinical.TCGA-EL-A3CP.xml,TCGA-EL-A3CP.23E47F7A-AD84-45A5-B959-2E2290457BD3.PDF,data/raw/GDC Data Thyroid/gdc_download_20260123_154153.943271/f7895015-9a4a-4755-b75e-0c6cedeb288d/nationwidechildrens.org_clinical.TCGA-EL-A3CP.xml,data/raw/GDC Data Thyroid/gdc_download_20260123_154153.943271/7e40f446-9882-4b45-a1fd-22231591d22b/TCGA-EL-A3CP.23E47F7A-AD84-45A5-B959-2E2290457BD3.PDF,Papillary Thyroid Carcinoma,Follicular,T1,NX,M0,No ETE,Not Available,Multifocal,NO,,,INCOMPLETE
TCGA-BJ-A0Z3,nationwidechildrens.org_clinical.TCGA-BJ-A0Z3.xml,TCGA-BJ-A0Z3.EDF3F3EB-AC62-403D-9180-147C2CFD2AA5.PDF,data/raw/GDC Data Thyroid/gdc_download_20260123_154153.943271/c888d1dc-f864-473e-80d5-0ccde9079a36/nationwidechildrens.org_clinical.TCGA-BJ-A0Z3.xml,data/raw/GDC Data Thyroid/gdc_download_20260123_154153.943271/a29bab8e-b8d2-4bbe-8216-4b43e2d0e7b6/TCGA-BJ-A0Z3.EDF3F3EB-AC62-403D-9180-147C2CFD2AA5.PDF,Papillary Thyroid Carcinoma,Classical,T1,N0,M0,No ETE,Not Available,Multifocal,YES,3,0,INCOMPLETE
TCGA-DJ-A1QM,nationwidechildrens.org_clinical.TCGA-DJ-A1QM.xml,TCGA-DJ-A1QM.0CE9565E-A607-433F-AA64-5424F970836F.PDF,data/raw/GDC Data Thyroid/gdc_download_20260123_154153.943271/e8ee54c8-c41e-48ae-8b4f-b0eef9607dc0/nationwidechildrens.org_clinical.TCGA-DJ-A1QM.xml,data/raw/GDC Data Thyroid/gdc_download_20260123_154153.943271/dd2cffea-73f6-4347-994f-f2c485609876/TCGA-DJ-A1QM.0CE9565E-A607-433F-AA64-5424F970836F.PDF,Papillary Thyroid Carcinoma,Follicular,T1a,N0,M0,No ETE,R0,Multifocal,YES,2,0,OK
TCGA-EM-A3O6,nationwidechildrens.org_clinical.TCGA-EM-A3O6.xml,TCGA-EM-A3O6.849896B6-D6BA-44EA-8818-FA80E6B7E797.PDF,data/raw/GDC Data Thyroid/gdc_download_20260123_154153.943271/5f2040a4-04e2-44e5-aafe-724652801802/nationwidechildrens.org_clinical.TCGA-EM-A3O6.xml,data/raw/GDC Data Thyroid/gdc_download_20260123_154153.943271/db90e97b-485b-404d-89e8-3c8ff721dc4d/TCGA-EM-A3O6.849896B6-D6BA-44EA-8818-FA80E6B7E797.PDF,Papillary Thyroid Carcinoma,Follicular,T2,NX,MX,No ETE,R0,Unifocal,NO,,,OK
TCGA-FE-A3PD,nationwidechildrens.org_clinical.TCGA-FE-A3PD.xml,TCGA-FE-A3PD.F8EB4396-7186-41BA-B4BD-9BE38ED4B9E6.PDF,data/raw/GDC Data Thyroid/gdc_download_20260123_154153.943271/13b280e5-5b03-4107-b441-afe43c0c532d/nationwidechildrens.org_clinical.TCGA-FE-A3PD.xml,data/raw/GDC Data Thyroid/gdc_download_20260123_154153.943271/65291aec-af67-43a6-8107-86cd47a45a3d/TCGA-FE-A3PD.F8EB4396-7186-41BA-B4BD-9BE38ED4B9E6.PDF,Papillary Thyroid Carcinoma,Follicular,T2,N0,MX,No ETE,R0,Unifocal,YES,3,0,OK
TCGA-EM-A3O9,nationwidechildrens.org_clinical.TCGA-EM-A3O9.xml,TCGA-EM-A3O9.44788DFC-8228-4220-A9DA-66AD8126C43B.PDF,data/raw/GDC Data Thyroid/gdc_download_20260123_154153.943271/8e7194b1-331c-45d0-96e1-c984a2465f89/nationwidechildrens.org_clinical.TCGA-EM-A3O9.xml,data/raw/GDC Data Thyroid/gdc_download_20260123_154153.943271/720d0663-9189-4429-a374-c5f4e626fd86/TCGA-EM-A3O9.44788DFC-8228-4220-A9DA-66AD8126C43B.PDF,Papillary Thyroid Carcinoma,Follicular,T3,N0,MX,No ETE,R0,Multifocal,YES,2,0,OK
TCGA-EM-A3O7,nationwidechildrens.org_clinical.TCGA-EM-A3O7.xml,TCGA-EM-A3O7.F408FB89-12A6-4698-8E4B-C64F353C334D.PDF,data/raw/GDC Data Thyroid/gdc_download_20260123_154153.943271/618c1acb-e0b6-44b5-86e3-b46fe67a9890/nationwidechildrens.org_clinical.TCGA-EM-A3O7.xml,data/raw/GDC Data Thyroid/gdc_download_20260123_154153.943271/06ddb4e1-1d64-474e-bbb8-d627cc4e570f/TCGA-EM-A3O7.F408FB89-12A6-4698-8E4B-C64F353C334D.PDF,Papillary Thyroid Carcinoma,Classical,T3,NX,MX,No ETE,R0,Multifocal,NO,,,OK
TCGA-BJ-A0ZF,nationwidechildrens.org_clinical.TCGA-BJ-A0ZF.xml,TCGA-BJ-A0ZF.A9CCA0D6-C4EE-475E-8932-C99F5619D6FE.PDF,data/raw/GDC Data Thyroid/gdc_download_20260123_154153.943271/ebc37a3b-ab25-4517-92f2-bb702de0c88a/nationwidechildrens.org_clinical.TCGA-BJ-A0ZF.xml,data/raw/GDC Data Thyroid/gdc_download_20260123_154153.943271/a17944d6-b1d4-4016-bd3c-aae69b2bd5a4/TCGA-BJ-A0ZF.A9CCA0D6-C4EE-475E-8932-C99F5619D6FE.PDF,Other,Not Available,T2,N0,M0,No ETE,R0,Unifocal,,,,INCOMPLETE
TCGA-DJ-A13W,nationwidechildrens.org_clinical.TCGA-DJ-A13W.xml,TCGA-DJ-A13W.00FB68C5-7946-4E69-9019-4E8BF9EB6A94.PDF,data/raw/GDC Data Thyroid/gdc_download_20260123_154153.943271/9702b7f5-6ec4-4cc4-a68f-3702f7d10dc5/nationwidechildrens.org_clinical.TCGA-DJ-A13W.xml,data/raw/GDC Data Thyroid/gdc_download_20260123_154153.943271/29d92259-0c3c-4c1b-8713-b790b1225dca/TCGA-DJ-A13W.00FB68C5-7946-4E69-9019-4E8BF9EB6A94.PDF,Papillary Thyroid Carcinoma,Follicular,T1b,N0,M0,No ETE,R0,Multifocal,YES,3,0,OK
TCGA-IM-A3EB,nationwidechildrens.org_clinical.TCGA-IM-A3EB.xml,TCGA-IM-A3EB.22185BE8-EB63-43CE-AC8C-93BBD20A8570.PDF,data/raw/GDC Data Thyroid/gdc_download_20260123_154153.943271/563a18e8-f79d-4fd0-b2b0-367d91689a12/nationwidechildrens.org_clinical.TCGA-IM-A3EB.xml,data/raw/GDC Data Thyroid/gdc_download_20260123_154153.943271/196cb99c-7c11-4112-a854-2e4ead93920f/TCGA-IM-A3EB.22185BE8-EB63-43CE-AC8C-93BBD20A8570.PDF,Papillary Thyroid Carcinoma,Classical,T3,N1a,MX,Microscopic,R0,Unifocal,YES,12,3,OK
TCGA-ET-A3BN,nationwidechildrens.org_clinical.TCGA-ET-A3BN.xml,TCGA-ET-A3BN.285F05E8-2C8E-4D4A-968C-AE1F3D5882FE.PDF,data/raw/GDC Data Thyroid/gdc_download_20260123_154153.943271/3253d64a-7139-4e33-a32e-c11bd4d08c4f/nationwidechildrens.org_clinical.TCGA-ET-A3BN.xml,data/raw/GDC Data Thyroid/gdc_download_20260123_154153.943271/86947105-3a79-4695-895b-1a5ec1b73564/TCGA-ET-A3BN.285F05E8-2C8E-4D4A-968C-AE1F3D5882FE.PDF,Papillary Thyroid Carcinoma,Classical,T2,NX,MX,No ETE,R0,Unifocal,NO,,,OK
TCGA-DJ-A1QI,nationwidechildrens.org_clinical.TCGA-DJ-A1QI.xml,TCGA-DJ-A1QI.D81A9CFF-AF3D-4657-9B75-41E72E084286.PDF,data/raw/GDC Data Thyroid/gdc_download_20260123_154153.943271/047bb96c-e4ca-4172-9c95-04b217d73cfc/nationwidechildrens.org_clinical.TCGA-DJ-A1QI.xml,data/raw/GDC Data Thyroid/gdc_download_20260123_154153.943271/2b72fb33-a79a-433d-9e1c-d3b5b3676bdd/TCGA-DJ-A1QI.D81A9CFF-AF3D-4657-9B75-41E72E084286.PDF,Papillary Thyroid Carcinoma,Classical,T2,N0,M0,No ETE,R0,Multifocal,NO,,,OK
TCGA-EL-A3H5,nationwidechildrens.org_clinical.TCGA-EL-A3H5.xml,TCGA-EL-A3H5.9C354A78-E8E2-4A4C-8D7C-87A961A7AE40.PDF,data/raw/GDC Data Thyroid/gdc_download_20260123_154153.943271/6ef8e933-b9eb-411f-907c-f364b2c31e19/nationwidechildrens.org_clinical.TCGA-EL-A3H5.xml,data/raw/GDC Data Thyroid/gdc_download_20260123_154153.943271/c1eb3d18-c1ce-4a6e-a159-496cf3e7c383/TCGA-EL-A3H5.9C354A78-E8E2-4A4C-8D7C-87A961A7AE40.PDF,Papillary Thyroid Carcinoma,Classical,T4,N1,M0,Gross,R1,Multifocal,YES,48,6,OK
TCGA-EL-A3CY,nationwidechildrens.org_clinical.TCGA-EL-A3CY.xml,TCGA-EL-A3CY.13075C98-71F2-4A1D-B245-C3AB202CA0B4.PDF,data/raw/GDC Data Thyroid/gdc_download_20260123_154153.943271/157bca82-3c68-4e0e-a41b-2bd09bca36a8/nationwidechildrens.org_clinical.TCGA-EL-A3CY.xml,data/raw/GDC Data Thyroid/gdc_download_20260123_154153.943271/8229dad3-5c55-4ce1-aed7-8f4021fe3182/TCGA-EL-A3CY.13075C98-71F2-4A1D-B245-C3AB202CA0B4.PDF,Papillary Thyroid Carcinoma,Classical,TX,N1b,M0,No ETE,R0,Unifocal,YES,12,12,OK
TCGA-EL-A4JZ,nationwidechildrens.org_clinical.TCGA-EL-A4JZ.xml,TCGA-EL-A4JZ.E8887291-5C5F-46B8-BFA9-A959B8510345.PDF,data/raw/GDC Data Thyroid/gdc_download_20260123_154153.943271/c1148b8a-870e-48a2-9ec9-670d279fa18e/nationwidechildrens.org_clinical.TCGA-EL-A4JZ.xml,data/raw/GDC Data Thyroid/gdc_download_20260123_154153.943271/dc5c0661-9706-47a5-a70d-709028bde0f1/TCGA-EL-A4JZ.E8887291-5C5F-46B8-BFA9-A959B8510345.PDF,Papillary Thyroid Carcinoma,Classical,T3,N1a,M0,Microscopic,R0,Unifocal,YES,23,6,OK
TCGA-ET-A3DW,nationwidechildrens.org_clinical.TCGA-ET-A3DW.xml,TCGA-ET-A3DW.3845B33D-DBAD-4C9A-A98B-9EE28EE7A4C6.PDF,data/raw/GDC Data Thyroid/gdc_download_20260123_154153.943271/cc1a247d-b7e3-44bc-b8ad-b81ae63f2fa4/nationwidechildrens.org_clinical.TCGA-ET-A3DW.xml,data/raw/GDC Data Thyroid/gdc_download_20260123_154153.943271/c291d275-70a6-4e4a-97e3-ec8615e1d6d7/TCGA-ET-A3DW.3845B33D-DBAD-4C9A-A98B-9EE28EE7A4C6.PDF,Papillary Thyroid Carcinoma,Tall Cell,T2,N1,MX,No ETE,R0,Unifocal,YES,1,1,OK
TCGA-ET-A39P,nationwidechildrens.org_clinical.TCGA-ET-A39P.xml,TCGA-ET-A39P.B37A8A96-8B16-45CD-BDC9-57C00FE33F65.PDF,data/raw/GDC Data Thyroid/gdc_download_20260123_154153.943271/594397f2-2748-4ac3-be5a-3bcb783fd718/nationwidechildrens.org_clinical.TCGA-ET-A39P.xml,data/raw/GDC Data Thyroid/gdc_download_20260123_154153.943271/edfcbb82-8175-4949-8d09-c315ee07bad9/TCGA-ET-A39P.B37A8A96-8B16-45CD-BDC9-57C00FE33F65.PDF,Papillary Thyroid Carcinoma,Classical,T3,N0,MX,Microscopic,R1,Unifocal,YES,2,0,OK
TCGA-BJ-A3PU,nationwidechildrens.org_clinical.TCGA-BJ-A3PU.xml,TCGA-BJ-A3PU.32481AD7-2C27-408C-81AF-FB53FF84DB25.PDF,data/raw/GDC Data Thyroid/gdc_download_20260123_154153.943271/96a98c06-ac8d-4797-a3bd-bf5ae6ee6c92/nationwidechildrens.org_clinical.TCGA-BJ-A3PU.xml,data/raw/GDC Data Thyroid/gdc_download_20260123_154153.943271/f5f68421-2243-4719-8283-6ea6a84bbcb7/TCGA-BJ-A3PU.32481AD7-2C27-408C-81AF-FB53FF84DB25.PDF,Papillary Thyroid Carcinoma,Classical,T3,N1a,M0,Microscopic,R0,Unifocal,YES,7,7,OK
TCGA-ET-A25L,nationwidechildrens.org_clinical.TCGA-ET-A25L.xml,TCGA-ET-A25L.16B69890-694B-4489-BF48-F1EDC6776C29.PDF,data/raw/GDC Data Thyroid/gdc_download_20260123_154153.943271/eaa0955f-2d39-4194-bd9e-ceb0492b2454/nationwidechildrens.org_clinical.TCGA-ET-A25L.xml,data/raw/GDC Data Thyroid/gdc_download_20260123_154153.943271/00749713-387d-4bae-8b25-895c8a7deb1b/TCGA-ET-A25L.16B69890-694B-4489-BF48-F1EDC6776C29.PDF,Papillary Thyroid Carcinoma,Tall Cell,T3,N1b,MX,Microscopic,R1,Unifocal,YES,12,2,OK
TCGA-EM-A2CN,nationwidechildrens.org_clinical.TCGA-EM-A2CN.xml,TCGA-EM-A2CN.C8B2F186-9AD3-4F1B-BD3A-7122A0571B96.PDF,data/raw/GDC Data Thyroid/gdc_download_20260123_154153.943271/2e15c480-7297-4782-bf42-3fb720712c6d/nationwidechildrens.org_clinical.TCGA-EM-A2CN.xml,data/raw/GDC Data Thyroid/gdc_download_20260123_154153.943271/0f608275-430a-411b-9c31-433b71cfaf24/TCGA-EM-A2CN.C8B2F186-9AD3-4F1B-BD3A-7122A0571B96.PDF,Papillary Thyroid Carcinoma,Follicular,T3,N0,M1,No ETE,R0,Unifocal,YES,3,0,OK
TCGA-E8-A433,nationwidechildrens.org_clinical.TCGA-E8-A433.xml,TCGA-E8-A433.A87AB565-515E-4DF2-BC2A-5420AB808377.PDF,data/raw/GDC Data Thyroid/gdc_download_20260123_154153.943271/6ab1cf9d-281d-41d9-84be-07f6a4e47689/nationwidechildrens.org_clinical.TCGA-E8-A433.xml,data/raw/GDC Data Thyroid/gdc_download_20260123_154153.943271/9291933e-3125-4548-a926-1303a449edd1/TCGA-E8-A433.A87AB565-515E-4DF2-BC2A-5420AB808377.PDF,Papillary Thyroid Carcinoma,Classical,T2,N0,M0,No ETE,R0,Unifocal,YES,2,0,OK
TCGA-EL-A3GQ,nationwidechildrens.org_clinical.TCGA-EL-A3GQ.xml,TCGA-EL-A3GQ.FB308CCC-CB34-4357-84FB-6EA680C7F9B9.PDF,data/raw/GDC Data Thyroid/gdc_download_20260123_154153.943271/026e3c8d-ea62-4674-b317-174f97189c6e/nationwidechildrens.org_clinical.TCGA-EL-A3GQ.xml,data/raw/GDC Data Thyroid/gdc_download_20260123_154153.943271/80600345-57a7-488c-b991-1be2a3c685ba/TCGA-EL-A3GQ.FB308CCC-CB34-4357-84FB-6EA680C7F9B9.PDF,Papillary Thyroid Carcinoma,Follicular,T1,N0,M0,No ETE,R0,Unifocal,YES,1,0,OK
TCGA-KS-A4IC,nationwidechildrens.org_clinical.TCGA-KS-A4IC.xml,TCGA-KS-A4IC.64802136-E632-4C35-9CE6-C1CC1F7E6022.PDF,data/raw/GDC Data Thyroid/gdc_download_20260123_154153.943271/84f6136a-bc51-4b38-9e8c-078f86354c36/nationwidechildrens.org_clinical.TCGA-KS-A4IC.xml,data/raw/GDC Data Thyroid/gdc_download_20260123_154153.943271/86a39f01-187f-4f22-bcb5-6f3cbcf928d0/TCGA-KS-A4IC.64802136-E632-4C35-9CE6-C1CC1F7E6022.PDF,Papillary Thyroid Carcinoma,Classical,T1b,N1a,M0,No ETE,Not Available,Unifocal,YES,4,2,INCOMPLETE
TCGA-DE-A4MB,nationwidechildrens.org_clinical.TCGA-DE-A4MB.xml,TCGA-DE-A4MB.395EF461-5733-4651-800E-7831D1ACD609.PDF,data/raw/GDC Data Thyroid/gdc_download_20260123_154153.943271/7d0a73da-eec3-4cc6-b11b-532371a70612/nationwidechildrens.org_clinical.TCGA-DE-A4MB.xml,data/raw/GDC Data Thyroid/gdc_download_20260123_154153.943271/7bbe0662-2c93-4594-92be-5d9b79f01adf/TCGA-DE-A4MB.395EF461-5733-4651-800E-7831D1ACD609.PDF,Papillary Thyroid Carcinoma,Classical,T3,N1b,M0,Microscopic,R1,Multifocal,YES,36,3,OK
TCGA-EL-A3CT,nationwidechildrens.org_clinical.TCGA-EL-A3CT.xml,TCGA-EL-A3CT.981D4559-E404-470A-A25D-8B11296843ED.PDF,data/raw/GDC Data Thyroid/gdc_download_20260123_154153.943271/148139f6-7e4b-4092-8d44-0825023a55a7/nationwidechildrens.org_clinical.TCGA-EL-A3CT.xml,data/raw/GDC Data Thyroid/gdc_download_20260123_154153.943271/ee21bc9b-4cd7-4aa4-912d-cc6e3f22224b/TCGA-EL-A3CT.981D4559-E404-470A-A25D-8B11296843ED.PDF,Papillary Thyroid Carcinoma,Classical,T4a,N1a,M0,Gross,R0,Unifocal,YES,17,2,OK
TCGA-E8-A242,nationwidechildrens.org_clinical.TCGA-E8-A242.xml,TCGA-E8-A242.09B63616-A074-472B-80AA-FCBE71863FA9.PDF,data/raw/GDC Data Thyroid/gdc_download_20260123_154153.943271/ed512661-04ff-44b2-bce5-57e99ddee30f/nationwidechildrens.org_clinical.TCGA-E8-A242.xml,data/raw/GDC Data Thyroid/gdc_download_20260123_154153.943271/d96b6198-eaba-4e92-883d-2ce579601a7d/TCGA-E8-A242.09B63616-A074-472B-80AA-FCBE71863FA9.PDF,Papillary Thyroid Carcinoma,Classical,T3,N0,MX,Microscopic,R1,Unifocal,YES,1,0,OK
TCGA-BJ-A0ZA,nationwidechildrens.org_clinical.TCGA-BJ-A0ZA.xml,TCGA-BJ-A0ZA.01ABC869-F3BE-4420-AB0D-D766DBE5CE71.PDF,data/raw/GDC Data Thyroid/gdc_download_20260123_154153.943271/1a3bb117-79c2-41c0-ac0f-303d2c008531/nationwidechildrens.org_clinical.TCGA-BJ-A0ZA.xml,data/raw/GDC Data Thyroid/gdc_download_20260123_154153.943271/5a3827b1-8621-4a76-9a72-f53212d928c2/TCGA-BJ-A0ZA.01ABC869-F3BE-4420-AB0D-D766DBE5CE71.PDF,Papillary Thyroid Carcinoma,Classical,T2,N0,M0,No ETE,R0,Multifocal,YES,2,0,OK
TCGA-ET-A2MZ,nationwidechildrens.org_clinical.TCGA-ET-A2MZ.xml,TCGA-ET-A2MZ.DC5C5C67-07E0-46A6-8CB8-1355237BE056.PDF,data/raw/GDC Data Thyroid/gdc_download_20260123_154153.943271/fd0e7040-d229-4534-b0f9-9fa779867c40/nationwidechildrens.org_clinical.TCGA-ET-A2MZ.xml,data/raw/GDC Data Thyroid/gdc_download_20260123_154153.943271/5c2abd59-292b-4d4e-9792-469cd4b4a70e/TCGA-ET-A2MZ.DC5C5C67-07E0-46A6-8CB8-1355237BE056.PDF,Papillary Thyroid Carcinoma,Classical,T1b,N0,MX,No ETE,Not Available,Unifocal,YES,6,0,INCOMPLETE
TCGA-J8-A3YD,nationwidechildrens.org_clinical.TCGA-J8-A3YD.xml,TCGA-J8-A3YD.8D2F7D6B-AF3B-4F61-91DD-8C84A3A2B0AD.PDF,data/raw/GDC Data Thyroid/gdc_download_20260123_154153.943271/700ea912-0cd8-41a1-9a26-5e8f95701033/nationwidechildrens.org_clinical.TCGA-J8-A3YD.xml,data/raw/GDC Data Thyroid/gdc_download_20260123_154153.943271/170e6ad3-1346-4d4f-bff3-25b09dbe571b/TCGA-J8-A3YD.8D2F7D6B-AF3B-4F61-91DD-8C84A3A2B0AD.PDF,Papillary Thyroid Carcinoma,Classical,T1b,N1a,M0,No ETE,R0,Unifocal,YES,6,2,OK
TCGA-EM-A4FU,nationwidechildrens.org_clinical.TCGA-EM-A4FU.xml,TCGA-EM-A4FU.429B4980-1DBE-4AF8-AB51-5F36BCC25940.PDF,data/raw/GDC Data Thyroid/gdc_download_20260123_154153.943271/17720e95-7981-4310-b57d-2164d0497bd7/nationwidechildrens.org_clinical.TCGA-EM-A4FU.xml,data/raw/GDC Data Thyroid/gdc_download_20260123_154153.943271/cd4d9d82-700a-436a-a4e9-4fd64e25444f/TCGA-EM-A4FU.429B4980-1DBE-4AF8-AB51-5F36BCC25940.PDF,Papillary Thyroid Carcinoma,Follicular,T3,NX,MX,No ETE,R0,Multifocal,NO,,,OK
TCGA-FY-A3TY,nationwidechildrens.org_clinical.TCGA-FY-A3TY.xml,TCGA-FY-A3TY.BE77789A-ACE9-4D62-887E-BB2810470B94.PDF,data/raw/GDC Data Thyroid/gdc_download_20260123_154153.943271/cbeadb17-fdb2-4e24-919e-952922a53a5a/nationwidechildrens.org_clinical.TCGA-FY-A3TY.xml,data/raw/GDC Data Thyroid/gdc_download_20260123_154153.943271/05455572-42ba-4326-bb0b-5eeada93f2f5/TCGA-FY-A3TY.BE77789A-ACE9-4D62-887E-BB2810470B94.PDF,Papillary Thyroid Carcinoma,Classical,T3,N0,MX,Microscopic,R0,Unifocal,YES,6,0,OK
TCGA-FY-A3WA,nationwidechildrens.org_clinical.TCGA-FY-A3WA.xml,TCGA-FY-A3WA.8569144D-DBE4-4012-9BE2-F39E44B83039.PDF,data/raw/GDC Data Thyroid/gdc_download_20260123_154153.943271/86102bc7-ef9f-42b9-b5a3-571a21d0aace/nationwidechildrens.org_clinical.TCGA-FY-A3WA.xml,data/raw/GDC Data Thyroid/gdc_download_20260123_154153.943271/e6895ff8-006e-46c9-8e89-3920995966b1/TCGA-FY-A3WA.8569144D-DBE4-4012-9BE2-F39E44B83039.PDF,Papillary Thyroid Carcinoma,Follicular,T1a,NX,MX,No ETE,R0,Unifocal,NO,,,OK
TCGA-ET-A2MX,nationwidechildrens.org_clinical.TCGA-ET-A2MX.xml,TCGA-ET-A2MX.302C0407-0160-499B-AD2C-496E8C3E2BDF.PDF,data/raw/GDC Data Thyroid/gdc_download_20260123_154153.943271/2a6e2ec1-98aa-47de-b4dd-48bb235e114a/nationwidechildrens.org_clinical.TCGA-ET-A2MX.xml,data/raw/GDC Data Thyroid/gdc_download_20260123_154153.943271/04a6dc13-c10e-4091-8039-b8d51d84d6f4/TCGA-ET-A2MX.302C0407-0160-499B-AD2C-496E8C3E2BDF.PDF,Papillary Thyroid Carcinoma,Classical,T2,N1a,MX,No ETE,R0,Unifocal,YES,4,4,OK
TCGA-EM-A3FN,nationwidechildrens.org_clinical.TCGA-EM-A3FN.xml,TCGA-EM-A3FN.CA2DF1AC-137B-4A68-BAF5-66B16138F412.PDF,data/raw/GDC Data Thyroid/gdc_download_20260123_154153.943271/f86c0380-df03-4ef7-ba57-6f15b1bf9079/nationwidechildrens.org_clinical.TCGA-EM-A3FN.xml,data/raw/GDC Data Thyroid/gdc_download_20260123_154153.943271/09590ebd-5586-47fd-b233-aa5ed94e9574/TCGA-EM-A3FN.CA2DF1AC-137B-4A68-BAF5-66B16138F412.PDF,Papillary Thyroid Carcinoma,Follicular,T3,N0,MX,No ETE,R0,Multifocal,YES,2,0,OK
TCGA-BJ-A28R,nationwidechildrens.org_clinical.TCGA-BJ-A28R.xml,TCGA-BJ-A28R.163FA0B6-9488-47D1-AAB6-F4FD5F8ACFFD.PDF,data/raw/GDC Data Thyroid/gdc_download_20260123_154153.943271/23676095-256e-4adf-8e1f-4571988d6ec0/nationwidechildrens.org_clinical.TCGA-BJ-A28R.xml,data/raw/GDC Data Thyroid/gdc_download_20260123_154153.943271/78725e3f-6bdc-47b0-8acb-29b1ff854c49/TCGA-BJ-A28R.163FA0B6-9488-47D1-AAB6-F4FD5F8ACFFD.PDF,Papillary Thyroid Carcinoma,Classical,T1,N0,M0,Not Available,Not Available,Unifocal,YES,17,0,INCOMPLETE
TCGA-BJ-A28S,nationwidechildrens.org_clinical.TCGA-BJ-A28S.xml,TCGA-BJ-A28S.65955922-11C7-4627-BE4B-EDF0886B86B4.PDF,data/raw/GDC Data Thyroid/gdc_download_20260123_154153.943271/ef6807b7-6931-4f98-8180-9a4950fddf14/nationwidechildrens.org_clinical.TCGA-BJ-A28S.xml,data/raw/GDC Data Thyroid/gdc_download_20260123_154153.943271/bc3cd092-d103-4edc-a218-a876cd04057b/TCGA-BJ-A28S.65955922-11C7-4627-BE4B-EDF0886B86B4.PDF,Papillary Thyroid Carcinoma,Classical,T2,N0,M0,Not Available,Not Available,Multifocal,,,,INCOMPLETE
TCGA-J8-A3O0,nationwidechildrens.org_clinical.TCGA-J8-A3O0.xml,TCGA-J8-A3O0.33E08AA4-5DD6-4C54-89C1-5EC2C548800F.PDF,data/raw/GDC Data Thyroid/gdc_download_20260123_154153.943271/aa4d1ad2-4f98-4740-9a1a-b2ccef265892/nationwidechildrens.org_clinical.TCGA-J8-A3O0.xml,data/raw/GDC Data Thyroid/gdc_download_20260123_154153.943271/ee0a951a-6051-4124-8f6b-5291218ecc0c/TCGA-J8-A3O0.33E08AA4-5DD6-4C54-89C1-5EC2C548800F.PDF,Papillary Thyroid Carcinoma,Classical,T2,N0,M0,No ETE,R0,Unifocal,YES,3,0,OK
TCGA-ET-A3BQ,nationwidechildrens.org_clinical.TCGA-ET-A3BQ.xml,TCGA-ET-A3BQ.D00A2399-3F56-472B-9382-93651D6EFB0E.PDF,data/raw/GDC Data Thyroid/gdc_download_20260123_154153.943271/d2d6934e-d400-4084-9c03-3ca3c30131eb/nationwidechildrens.org_clinical.TCGA-ET-A3BQ.xml,data/raw/GDC Data Thyroid/gdc_download_20260123_154153.943271/8b262478-0962-4b83-a9a3-998d3eb862e8/TCGA-ET-A3BQ.D00A2399-3F56-472B-9382-93651D6EFB0E.PDF,Papillary Thyroid Carcinoma,Classical,T2,N0,MX,No ETE,R0,Unifocal,YES,2,0,OK
TCGA-DJ-A2PZ,nationwidechildrens.org_clinical.TCGA-DJ-A2PZ.xml,TCGA-DJ-A2PZ.EDBA3217-6ED8-47CC-87F0-B18E41F29217.PDF,data/raw/GDC Data Thyroid/gdc_download_20260123_154153.943271/e288a114-eb01-4bc2-9cb8-ad74db1943a1/nationwidechildrens.org_clinical.TCGA-DJ-A2PZ.xml,data/raw/GDC Data Thyroid/gdc_download_20260123_154153.943271/7a056b27-4291-44db-922a-85df7a12dd73/TCGA-DJ-A2PZ.EDBA3217-6ED8-47CC-87F0-B18E41F29217.PDF,Papillary Thyroid Carcinoma,Classical,T3,N0,M0,Microscopic,R0,Unifocal,YES,1,0,OK
TCGA-ET-A25J,nationwidechildrens.org_clinical.TCGA-ET-A25J.xml,TCGA-ET-A25J.EC2F28C3-6E69-4BCD-B08A-54FD4B2F9603.PDF,data/raw/GDC Data Thyroid/gdc_download_20260123_154153.943271/b7eba687-0bcb-468f-ba50-a487806df635/nationwidechildrens.org_clinical.TCGA-ET-A25J.xml,data/raw/GDC Data Thyroid/gdc_download_20260123_154153.943271/88c9fb98-c916-4be1-8ee8-2d06b1168919/TCGA-ET-A25J.EC2F28C3-6E69-4BCD-B08A-54FD4B2F9603.PDF,Papillary Thyroid Carcinoma,Classical,T2,N1a,MX,No ETE,R0,Unifocal,YES,18,2,OK
TCGA-EM-A4FV,nationwidechildrens.org_clinical.TCGA-EM-A4FV.xml,TCGA-EM-A4FV.3065BB69-9440-4CB2-B0E3-186619499DF0.PDF,data/raw/GDC Data Thyroid/gdc_download_20260123_154153.943271/5ec1476b-12db-4c45-8fff-3c97aab08b2b/nationwidechildrens.org_clinical.TCGA-EM-A4FV.xml,data/raw/GDC Data Thyroid/gdc_download_20260123_154153.943271/431fe5cb-a7a9-434e-a9a3-cc4dbcd54ed1/TCGA-EM-A4FV.3065BB69-9440-4CB2-B0E3-186619499DF0.PDF,Papillary Thyroid Carcinoma,Classical,T1b,N0,MX,No ETE,R0,Unifocal,YES,5,0,OK
TCGA-DJ-A2PV,nationwidechildrens.org_clinical.TCGA-DJ-A2PV.xml,TCGA-DJ-A2PV.C1CBFF56-4A0E-4A36-AAA2-2A316C62E00E.PDF,data/raw/GDC Data Thyroid/gdc_download_20260123_154153.943271/512a1900-6984-49ba-b7ff-9990138f6df9/nationwidechildrens.org_clinical.TCGA-DJ-A2PV.xml,data/raw/GDC Data Thyroid/gdc_download_20260123_154153.943271/beefacde-cdac-4170-b0e1-79347381ef8d/TCGA-DJ-A2PV.C1CBFF56-4A0E-4A36-AAA2-2A316C62E00E.PDF,Papillary Thyroid Carcinoma,Classical,T2,N0,M0,No ETE,R0,Multifocal,YES,7,0,OK
TCGA-H2-A422,nationwidechildrens.org_clinical.TCGA-H2-A422.xml,TCGA-H2-A422.84172B64-F859-431E-A98A-23B7CDCB276E.PDF,data/raw/GDC Data Thyroid/gdc_download_20260123_154153.943271/e842382c-6314-42dc-81d9-1b3b2d4a9eac/nationwidechildrens.org_clinical.TCGA-H2-A422.xml,data/raw/GDC Data Thyroid/gdc_download_20260123_154153.943271/10e779a8-e17e-4bdf-90be-e257e3e6bd04/TCGA-H2-A422.84172B64-F859-431E-A98A-23B7CDCB276E.PDF,Papillary Thyroid Carcinoma,Classical,T2,N0,MX,No ETE,Not Available,Unifocal,YES,3,0,INCOMPLETE
TCGA-EM-A3FM,nationwidechildrens.org_clinical.TCGA-EM-A3FM.xml,TCGA-EM-A3FM.C5F78F74-2FDB-4D1C-8133-410918A35A64.PDF,data/raw/GDC Data Thyroid/gdc_download_20260123_154153.943271/86b2b921-20c8-4b5f-9fec-4aa115656ecd/nationwidechildrens.org_clinical.TCGA-EM-A3FM.xml,data/raw/GDC Data Thyroid/gdc_download_20260123_154153.943271/6346c727-5226-48a5-aaf9-36d050d564d3/TCGA-EM-A3FM.C5F78F74-2FDB-4D1C-8133-410918A35A64.PDF,Papillary Thyroid Carcinoma,Classical,T2,N1b,MX,No ETE,R0,Multifocal,YES,53,17,OK
TCGA-EM-A3OB,nationwidechildrens.org_clinical.TCGA-EM-A3OB.xml,TCGA-EM-A3OB.E32ED26A-731B-4D14-A5CB-6C87A5D876DA.PDF,data/raw/GDC Data Thyroid/gdc_download_20260123_154153.943271/09a74534-7652-4702-9e76-813b2ee96fb4/nationwidechildrens.org_clinical.TCGA-EM-A3OB.xml,data/raw/GDC Data Thyroid/gdc_download_20260123_154153.943271/d0d85091-a90a-4254-9bf3-95b51b93225b/TCGA-EM-A3OB.E32ED26A-731B-4D14-A5CB-6C87A5D876DA.PDF,Papillary Thyroid Carcinoma,Follicular,T2,N0,MX,No ETE,R0,Unifocal,YES,3,0,OK
TCGA-DJ-A13S,nationwidechildrens.org_clinical.TCGA-DJ-A13S.xml,TCGA-DJ-A13S.5568CCD4-25F8-4C94-93FC-17B1E8BF050A.PDF,data/raw/GDC Data Thyroid/gdc_download_20260123_154153.943271/5fdae1cb-f3c4-4c17-937c-e4a78f702dbe/nationwidechildrens.org_clinical.TCGA-DJ-A13S.xml,data/raw/GDC Data Thyroid/gdc_download_20260123_154153.943271/e146da39-4e5e-4653-996b-1cd40de2b856/TCGA-DJ-A13S.5568CCD4-25F8-4C94-93FC-17B1E8BF050A.PDF,Papillary Thyroid Carcinoma,Follicular,T1b,N0,M0,No ETE,R0,Unifocal,NO,,,OK
TCGA-EL-A3T6,nationwidechildrens.org_clinical.TCGA-EL-A3T6.xml,TCGA-EL-A3T6.146DAFAC-42A9-4AFB-805A-6E970520D880.PDF,data/raw/GDC Data Thyroid/gdc_download_20260123_154153.943271/cee2a4d9-49e7-4df5-9bb5-8ae053f5a63d/nationwidechildrens.org_clinical.TCGA-EL-A3T6.xml,data/raw/GDC Data Thyroid/gdc_download_20260123_154153.943271/ff80ddd6-899a-435f-9ec3-386b0406d419/TCGA-EL-A3T6.146DAFAC-42A9-4AFB-805A-6E970520D880.PDF,Papillary Thyroid Carcinoma,Classical,T3,N0,M0,No ETE,R0,Unifocal,NO,,,OK
TCGA-EM-A4FR,nationwidechildrens.org_clinical.TCGA-EM-A4FR.xml,TCGA-EM-A4FR.1728DFCA-35E6-4192-9479-79736497884E.PDF,data/raw/GDC Data Thyroid/gdc_download_20260123_154153.943271/b2804fc4-65ce-4f99-b036-db497d53ad02/nationwidechildrens.org_clinical.TCGA-EM-A4FR.xml,data/raw/GDC Data Thyroid/gdc_download_20260123_154153.943271/e2086167-d90d-43d1-b7eb-6db23ec732cc/TCGA-EM-A4FR.1728DFCA-35E6-4192-9479-79736497884E.PDF,Other,Not Available,T3,N1,MX,No ETE,R0,Multifocal,YES,3,3,INCOMPLETE
TCGA-DJ-A3VK,nationwidechildrens.org_clinical.TCGA-DJ-A3VK.xml,TCGA-DJ-A3VK.08906F4D-8930-4EAA-B9A6-1C5A7DB6E62B.PDF,data/raw/GDC Data Thyroid/gdc_download_20260123_154153.943271/97f66904-493e-4c69-b725-781d56d8c84b/nationwidechildrens.org_clinical.TCGA-DJ-A3VK.xml,data/raw/GDC Data Thyroid/gdc_download_20260123_154153.943271/4dc6bec2-ccc3-47ea-8589-f2a8cc3018fa/TCGA-DJ-A3VK.08906F4D-8930-4EAA-B9A6-1C5A7DB6E62B.PDF,Papillary Thyroid Carcinoma,Follicular,T3,N0,M0,Microscopic,R0,Multifocal,YES,2,0,OK
TCGA-EM-A22M,nationwidechildrens.org_clinical.TCGA-EM-A22M.xml,TCGA-EM-A22M.013B2003-A884-40A0-8D85-8EE9D4DB960C.PDF,data/raw/GDC Data Thyroid/gdc_download_20260123_154153.943271/e43668be-ab46-4fda-96d9-a190d5e0bc9a/nationwidechildrens.org_clinical.TCGA-EM-A22M.xml,data/raw/GDC Data Thyroid/gdc_download_20260123_154153.943271/39234b97-36e3-4936-845a-004f29299285/TCGA-EM-A22M.013B2003-A884-40A0-8D85-8EE9D4DB960C.PDF,Papillary Thyroid Carcinoma,Classical,T1b,N0,MX,No ETE,R0,Multifocal,YES,3,0,OK
TCGA-E8-A2EA,nationwidechildrens.org_clinical.TCGA-E8-A2EA.xml,TCGA-E8-A2EA.ABFB455E-221D-420A-8B0B-0803BEBF8EBF.PDF,data/raw/GDC Data Thyroid/gdc_download_20260123_154153.943271/28d87103-8bf3-4d1b-bd51-a6a2e79047bf/nationwidechildrens.org_clinical.TCGA-E8-A2EA.xml,data/raw/GDC Data Thyroid/gdc_download_20260123_154153.943271/c03aa09f-4660-45b7-a361-cc60d27f64a1/TCGA-E8-A2EA.ABFB455E-221D-420A-8B0B-0803BEBF8EBF.PDF,Papillary Thyroid Carcinoma,Classical,T1b,N0,M0,No ETE,R0,Unifocal,YES,12,0,OK
TCGA-KS-A41F,nationwidechildrens.org_clinical.TCGA-KS-A41F.xml,TCGA-KS-A41F.4EF861C5-0F5E-41D2-AB5A-F029E9E9F5D3.PDF,data/raw/GDC Data Thyroid/gdc_download_20260123_154153.943271/3e6bdfd1-def7-4db0-8510-9b16dfa1f22e/nationwidechildrens.org_clinical.TCGA-KS-A41F.xml,data/raw/GDC Data Thyroid/gdc_download_20260123_154153.943271/32402739-c60d-4a11-a2aa-00e4fcfaed19/TCGA-KS-A41F.4EF861C5-0F5E-41D2-AB5A-F029E9E9F5D3.PDF,Papillary Thyroid Carcinoma,Classical,T2,N1,M0,No ETE,R0,Unifocal,YES,7,4,OK
TCGA-EL-A3ZR,nationwidechildrens.org_clinical.TCGA-EL-A3ZR.xml,TCGA-EL-A3ZR.AC8F850D-6F04-42C9-AA22-2532944E8C6F.PDF,data/raw/GDC Data Thyroid/gdc_download_20260123_154153.943271/55049cee-3ed6-494b-a7c7-4ae44eddf938/nationwidechildrens.org_clinical.TCGA-EL-A3ZR.xml,data/raw/GDC Data Thyroid/gdc_download_20260123_154153.943271/843b0444-4473-4529-8f43-9fdb8d4aedeb/TCGA-EL-A3ZR.AC8F850D-6F04-42C9-AA22-2532944E8C6F.PDF,Papillary Thyroid Carcinoma,Classical,T2,N0,M0,No ETE,R0,Unifocal,NO,,,OK
TCGA-IM-A41Z,nationwidechildrens.org_clinical.TCGA-IM-A41Z.xml,TCGA-IM-A41Z.7AAD4353-9E3F-4463-B8F3-3DB28C749829.PDF,data/raw/GDC Data Thyroid/gdc_download_20260123_154153.943271/8a088502-0402-470a-ad91-df42f31e0766/nationwidechildrens.org_clinical.TCGA-IM-A41Z.xml,data/raw/GDC Data Thyroid/gdc_download_20260123_154153.943271/00a17aa9-357d-41fa-8627-d00a3239b8ef/TCGA-IM-A41Z.7AAD4353-9E3F-4463-B8F3-3DB28C749829.PDF,Papillary Thyroid Carcinoma,Follicular,T1b,N0,MX,No ETE,R0,Multifocal,YES,20,1,OK
TCGA-DJ-A4UW,nationwidechildrens.org_clinical.TCGA-DJ-A4UW.xml,TCGA-DJ-A4UW.E4B86C23-3BD2-4F8C-824E-357E98560FBA.PDF,data/raw/GDC Data Thyroid/gdc_download_20260123_154153.943271/ade66387-8cd6-4274-8439-b8fc62bb1145/nationwidechildrens.org_clinical.TCGA-DJ-A4UW.xml,data/raw/GDC Data Thyroid/gdc_download_20260123_154153.943271/eb3490f1-0b5c-4d61-968d-7be8783e30af/TCGA-DJ-A4UW.E4B86C23-3BD2-4F8C-824E-357E98560FBA.PDF,Papillary Thyroid Carcinoma,Tall Cell,T1a,N1b,M0,No ETE,R1,Multifocal,YES,25,13,OK
TCGA-DJ-A13V,nationwidechildrens.org_clinical.TCGA-DJ-A13V.xml,TCGA-DJ-A13V.5967D6EE-E853-4756-85D0-69BA833680D8.PDF,data/raw/GDC Data Thyroid/gdc_download_20260123_154153.943271/97795c98-61f4-40f9-a088-6b075b80c986/nationwidechildrens.org_clinical.TCGA-DJ-A13V.xml,data/raw/GDC Data Thyroid/gdc_download_20260123_154153.943271/cac59695-e874-4ca5-9b73-f90fa9781e24/TCGA-DJ-A13V.5967D6EE-E853-4756-85D0-69BA833680D8.PDF,Papillary Thyroid Carcinoma,Classical,T3,N1a,M0,Microscopic,R0,Multifocal,YES,20,8,OK
TCGA-ET-A3DR,nationwidechildrens.org_clinical.TCGA-ET-A3DR.xml,TCGA-ET-A3DR.7EABB2C4-F2D3-467D-B725-4D9F61B6F6FF.PDF,data/raw/GDC Data Thyroid/gdc_download_20260123_154153.943271/b1401a44-c09f-49b7-83a0-bee1f8284d1a/nationwidechildrens.org_clinical.TCGA-ET-A3DR.xml,data/raw/GDC Data Thyroid/gdc_download_20260123_154153.943271/53a72b1a-6812-4c48-86bc-2cb9b88a33e2/TCGA-ET-A3DR.7EABB2C4-F2D3-467D-B725-4D9F61B6F6FF.PDF,Papillary Thyroid Carcinoma,Classical,T1,N1a,MX,No ETE,R0,Unifocal,YES,6,5,OK
TCGA-ET-A2N3,nationwidechildrens.org_clinical.TCGA-ET-A2N3.xml,TCGA-ET-A2N3.2C8DF5EC-3C30-4A19-AFDA-58A6FD94CFB8.PDF,data/raw/GDC Data Thyroid/gdc_download_20260123_154153.943271/264501a6-40f8-4a3d-8866-ec0470d04a50/nationwidechildrens.org_clinical.TCGA-ET-A2N3.xml,data/raw/GDC Data Thyroid/gdc_download_20260123_154153.943271/4f23aaed-9bb8-4f86-a5f9-e7091692ce2d/TCGA-ET-A2N3.2C8DF5EC-3C30-4A19-AFDA-58A6FD94CFB8.PDF,Papillary Thyroid Carcinoma,Follicular,T2,NX,MX,No ETE,Not Available,Unifocal,NO,,,INCOMPLETE
TCGA-DE-A69J,nationwidechildrens.org_clinical.TCGA-DE-A69J.xml,TCGA-DE-A69J.90A9DDB6-4DCF-4467-908F-25A5481B5D70.PDF,data/raw/GDC Data Thyroid/gdc_download_20260123_154153.943271/b6d9e1ec-bf6a-4027-8090-0e1ff5ba8650/nationwidechildrens.org_clinical.TCGA-DE-A69J.xml,data/raw/GDC Data Thyroid/gdc_download_20260123_154153.943271/9ea1e115-e8af-4328-9732-99bf01f97e06/TCGA-DE-A69J.90A9DDB6-4DCF-4467-908F-25A5481B5D70.PDF,Papillary Thyroid Carcinoma,Classical,T2,NX,M0,No ETE,R0,Multifocal,NO,,,OK
TCGA-DJ-A2PS,nationwidechildrens.org_clinical.TCGA-DJ-A2PS.xml,TCGA-DJ-A2PS.B1F7E6CD-E09F-4E83-AA24-778687FDA264.PDF,data/raw/GDC Data Thyroid/gdc_download_20260123_154153.943271/a2bbd7a0-8776-483d-b838-b6e64c45dfe2/nationwidechildrens.org_clinical.TCGA-DJ-A2PS.xml,data/raw/GDC Data Thyroid/gdc_download_20260123_154153.943271/764a2348-88e6-4c3b-82d6-e01b02cd020c/TCGA-DJ-A2PS.B1F7E6CD-E09F-4E83-AA24-778687FDA264.PDF,Papillary Thyroid Carcinoma,Classical,T3,N1a,M0,Microscopic,R0,Multifocal,YES,4,1,OK
TCGA-FY-A3NN,nationwidechildrens.org_clinical.TCGA-FY-A3NN.xml,TCGA-FY-A3NN.A0DC1BD5-245E-48D2-9BE9-9EABD30C19C5.PDF,data/raw/GDC Data Thyroid/gdc_download_20260123_154153.943271/c1eb0517-f8f3-479a-b3be-63cbadc7be30/nationwidechildrens.org_clinical.TCGA-FY-A3NN.xml,data/raw/GDC Data Thyroid/gdc_download_20260123_154153.943271/64c2a4e3-57b9-4849-925d-19ea7b78cf3b/TCGA-FY-A3NN.A0DC1BD5-245E-48D2-9BE9-9EABD30C19C5.PDF,Papillary Thyroid Carcinoma,Classical,T1b,N1a,MX,No ETE,R0,Unifocal,YES,4,2,OK
TCGA-DO-A1K0,nationwidechildrens.org_clinical.TCGA-DO-A1K0.xml,TCGA-DO-A1K0.FB43CFF1-85FF-46D6-BCE2-221B2854A390.PDF,data/raw/GDC Data Thyroid/gdc_download_20260123_154153.943271/28302516-be45-422b-b956-f3a9d0483894/nationwidechildrens.org_clinical.TCGA-DO-A1K0.xml,data/raw/GDC Data Thyroid/gdc_download_20260123_154153.943271/9c4b0a71-628b-4029-89cb-665fc54ba833/TCGA-DO-A1K0.FB43CFF1-85FF-46D6-BCE2-221B2854A390.PDF,Papillary Thyroid Carcinoma,Classical,T3,N1b,MX,Microscopic,R0,Multifocal,YES,14,9,OK
TCGA-DJ-A13M,nationwidechildrens.org_clinical.TCGA-DJ-A13M.xml,TCGA-DJ-A13M.F7271934-A7FC-4BF5-A45A-5296AD308007.PDF,data/raw/GDC Data Thyroid/gdc_download_20260123_154153.943271/0469cb53-abd2-4cdc-9a22-4d8c83ce018c/nationwidechildrens.org_clinical.TCGA-DJ-A13M.xml,data/raw/GDC Data Thyroid/gdc_download_20260123_154153.943271/3685e07e-22ce-4b8c-a425-60c162a67486/TCGA-DJ-A13M.F7271934-A7FC-4BF5-A45A-5296AD308007.PDF,Papillary Thyroid Carcinoma,Follicular,T1b,N0,M0,No ETE,R0,Multifocal,YES,5,0,OK
TCGA-BJ-A3EZ,nationwidechildrens.org_clinical.TCGA-BJ-A3EZ.xml,TCGA-BJ-A3EZ.32D8F45C-7FFE-4F34-8D8E-1A2B35B09EF7.PDF,data/raw/GDC Data Thyroid/gdc_download_20260123_154153.943271/bd0e9b96-d825-451e-be78-537d9ccf1688/nationwidechildrens.org_clinical.TCGA-BJ-A3EZ.xml,data/raw/GDC Data Thyroid/gdc_download_20260123_154153.943271/da8e4e45-e2b5-4f22-b06d-902a542ef19d/TCGA-BJ-A3EZ.32D8F45C-7FFE-4F34-8D8E-1A2B35B09EF7.PDF,Papillary Thyroid Carcinoma,Classical,T3,N1b,M0,Microscopic,R1,Multifocal,YES,42,6,OK
TCGA-H2-A3RI,nationwidechildrens.org_clinical.TCGA-H2-A3RI.xml,TCGA-H2-A3RI.E9D8C054-D423-4544-97E4-0D20D78987B3.PDF,data/raw/GDC Data Thyroid/gdc_download_20260123_154153.943271/3b078aaa-b1bb-465e-8ac1-fb9e34de089e/nationwidechildrens.org_clinical.TCGA-H2-A3RI.xml,data/raw/GDC Data Thyroid/gdc_download_20260123_154153.943271/eb3b003e-1f25-46db-a1b0-42bbbbb52074/TCGA-H2-A3RI.E9D8C054-D423-4544-97E4-0D20D78987B3.PDF,Papillary Thyroid Carcinoma,Classical,T3,N0,MX,Microscopic,Not Available,Unifocal,YES,5,0,INCOMPLETE
TCGA-DJ-A3VG,nationwidechildrens.org_clinical.TCGA-DJ-A3VG.xml,TCGA-DJ-A3VG.5810F25F-31D6-4A52-9569-57AD6E4153DF.PDF,data/raw/GDC Data Thyroid/gdc_download_20260123_154153.943271/493f9c3d-4297-49af-9638-925ea700a1c7/nationwidechildrens.org_clinical.TCGA-DJ-A3VG.xml,data/raw/GDC Data Thyroid/gdc_download_20260123_154153.943271/47060413-4e83-4707-8a53-a3eee820b5b5/TCGA-DJ-A3VG.5810F25F-31D6-4A52-9569-57AD6E4153DF.PDF,Papillary Thyroid Carcinoma,Follicular,T1b,N0,M0,No ETE,R0,Unifocal,YES,1,0,OK
TCGA-EM-A3FP,nationwidechildrens.org_clinical.TCGA-EM-A3FP.xml,TCGA-EM-A3FP.59293B22-6D8E-4DC9-ABED-B4831E4FB34B.PDF,data/raw/GDC Data Thyroid/gdc_download_20260123_154153.943271/cdf555f8-5639-49ef-adbe-00a7cd180453/nationwidechildrens.org_clinical.TCGA-EM-A3FP.xml,data/raw/GDC Data Thyroid/gdc_download_20260123_154153.943271/c87ef506-3a67-4330-a253-949687758e1f/TCGA-EM-A3FP.59293B22-6D8E-4DC9-ABED-B4831E4FB34B.PDF,Papillary Thyroid Carcinoma,Follicular,T2,N0,MX,No ETE,R0,Multifocal,YES,3,0,OK
TCGA-ET-A3DU,nationwidechildrens.org_clinical.TCGA-ET-A3DU.xml,TCGA-ET-A3DU.6AB7842E-8DC5-458A-8AE0-AE429E095DCA.PDF,data/raw/GDC Data Thyroid/gdc_download_20260123_154153.943271/e43c6f24-d6b1-4681-a0d5-501573db3105/nationwidechildrens.org_clinical.TCGA-ET-A3DU.xml,data/raw/GDC Data Thyroid/gdc_download_20260123_154153.943271/21c670e7-ecf5-4b8d-b9d7-5baf4f4bcb78/TCGA-ET-A3DU.6AB7842E-8DC5-458A-8AE0-AE429E095DCA.PDF,Papillary Thyroid Carcinoma,Classical,T1,N1a,MX,No ETE,R1,Unifocal,YES,2,1,OK
TCGA-E8-A415,nationwidechildrens.org_clinical.TCGA-E8-A415.xml,TCGA-E8-A415.1592C973-2E73-4A7D-9DF3-7EFD67E67519.PDF,data/raw/GDC Data Thyroid/gdc_download_20260123_154153.943271/32331cb3-090b-4e5d-995d-8957104440da/nationwidechildrens.org_clinical.TCGA-E8-A415.xml,data/raw/GDC Data Thyroid/gdc_download_20260123_154153.943271/9c19bb19-ba43-4623-a0fb-afcd774f4969/TCGA-E8-A415.1592C973-2E73-4A7D-9DF3-7EFD67E67519.PDF,Papillary Thyroid Carcinoma,Classical,T1a,N1b,M0,No ETE,R0,Unifocal,YES,2,1,OK
TCGA-FE-A235,nationwidechildrens.org_clinical.TCGA-FE-A235.xml,TCGA-FE-A235.E8842900-CA70-4C4E-96CB-07E2040BBC72.PDF,data/raw/GDC Data Thyroid/gdc_download_20260123_154153.943271/e020de3e-a027-46b3-9673-b6d483f3a625/nationwidechildrens.org_clinical.TCGA-FE-A235.xml,data/raw/GDC Data Thyroid/gdc_download_20260123_154153.943271/8270d754-bdc1-4a87-8dd0-22b2514f3694/TCGA-FE-A235.E8842900-CA70-4C4E-96CB-07E2040BBC72.PDF,Papillary Thyroid Carcinoma,Classical,T2,N1,MX,No ETE,R0,Multifocal,YES,4,3,OK
TCGA-BJ-A45I,nationwidechildrens.org_clinical.TCGA-BJ-A45I.xml,TCGA-BJ-A45I.AD17A97F-3FB4-4D09-8F84-97BEBD06DB0D.PDF,data/raw/GDC Data Thyroid/gdc_download_20260123_154153.943271/22492d10-c7b3-4f12-a428-0860ee49b0d3/nationwidechildrens.org_clinical.TCGA-BJ-A45I.xml,data/raw/GDC Data Thyroid/gdc_download_20260123_154153.943271/b4944253-a15b-4ebf-b27c-432b7695452f/TCGA-BJ-A45I.AD17A97F-3FB4-4D09-8F84-97BEBD06DB0D.PDF,Papillary Thyroid Carcinoma,Tall Cell,T3,N0,M0,Microscopic,R2,Multifocal,YES,6,0,OK
TCGA-J8-A3YE,nationwidechildrens.org_clinical.TCGA-J8-A3YE.xml,TCGA-J8-A3YE.79B8945B-D78D-424C-BACE-32042C7D2D8A.PDF,data/raw/GDC Data Thyroid/gdc_download_20260123_154153.943271/3198da0d-6a0b-43fe-8b01-496182baf02c/nationwidechildrens.org_clinical.TCGA-J8-A3YE.xml,data/raw/GDC Data Thyroid/gdc_download_20260123_154153.943271/0421d8ab-3537-455a-a4ac-1c358af8c2fd/TCGA-J8-A3YE.79B8945B-D78D-424C-BACE-32042C7D2D8A.PDF,Papillary Thyroid Carcinoma,Classical,T3,N1,M0,Microscopic,R0,Unifocal,YES,4,1,OK
TCGA-DJ-A3VL,nationwidechildrens.org_clinical.TCGA-DJ-A3VL.xml,TCGA-DJ-A3VL.B84A9460-C19C-4AAC-8C08-1631C2DA08DE.PDF,data/raw/GDC Data Thyroid/gdc_download_20260123_154153.943271/f17399e0-3be0-4534-b654-b41c624bd747/nationwidechildrens.org_clinical.TCGA-DJ-A3VL.xml,data/raw/GDC Data Thyroid/gdc_download_20260123_154153.943271/5036cb23-854f-48a8-9b71-7e9cadea78ec/TCGA-DJ-A3VL.B84A9460-C19C-4AAC-8C08-1631C2DA08DE.PDF,Papillary Thyroid Carcinoma,Follicular,T1a,N0,M0,No ETE,R0,Unifocal,YES,1,0,OK
TCGA-BJ-A2N7,nationwidechildrens.org_clinical.TCGA-BJ-A2N7.xml,TCGA-BJ-A2N7.F11C36D8-A39E-4CF2-8914-35B5164070F9.PDF,data/raw/GDC Data Thyroid/gdc_download_20260123_154153.943271/b6d6c647-efac-48ac-a7bf-a51f4dd67553/nationwidechildrens.org_clinical.TCGA-BJ-A2N7.xml,data/raw/GDC Data Thyroid/gdc_download_20260123_154153.943271/38d69392-2011-4bb1-bf05-f141ed77746f/TCGA-BJ-A2N7.F11C36D8-A39E-4CF2-8914-35B5164070F9.PDF,Papillary Thyroid Carcinoma,Classical,T3,N0,M0,Microscopic,R0,Multifocal,NO,,,OK
TCGA-DJ-A13P,nationwidechildrens.org_clinical.TCGA-DJ-A13P.xml,TCGA-DJ-A13P.3F98A8C0-C41C-4AA2-BBBC-2EA56B3EFBBD.PDF,data/raw/GDC Data Thyroid/gdc_download_20260123_154153.943271/2dfa3b82-bad6-4aab-98f4-0b34cdf58d5c/nationwidechildrens.org_clinical.TCGA-DJ-A13P.xml,data/raw/GDC Data Thyroid/gdc_download_20260123_154153.943271/1644c0ef-2734-4238-930a-4b38c2bd67bd/TCGA-DJ-A13P.3F98A8C0-C41C-4AA2-BBBC-2EA56B3EFBBD.PDF,Papillary Thyroid Carcinoma,Classical,T2,N0,M0,Microscopic,R0,Multifocal,NO,,,OK
TCGA-EM-A3FL,nationwidechildrens.org_clinical.TCGA-EM-A3FL.xml,TCGA-EM-A3FL.BFC4CD62-F17E-4F0B-8766-389A882167FE.PDF,data/raw/GDC Data Thyroid/gdc_download_20260123_154153.943271/9df574d0-a3d6-46d4-adc5-b3bbe9636f63/nationwidechildrens.org_clinical.TCGA-EM-A3FL.xml,data/raw/GDC Data Thyroid/gdc_download_20260123_154153.943271/ac35f3fc-1f7f-41a7-8e10-41c633726118/TCGA-EM-A3FL.BFC4CD62-F17E-4F0B-8766-389A882167FE.PDF,Papillary Thyroid Carcinoma,Follicular,T1b,NX,MX,No ETE,R0,Multifocal,NO,,,OK
TCGA-ET-A39O,nationwidechildrens.org_clinical.TCGA-ET-A39O.xml,TCGA-ET-A39O.95EB9A3F-F213-4D62-9823-21E3D31DDB5E.PDF,data/raw/GDC Data Thyroid/gdc_download_20260123_154153.943271/f2e996e2-72ff-45d8-8fec-dd6d0b0d282e/nationwidechildrens.org_clinical.TCGA-ET-A39O.xml,data/raw/GDC Data Thyroid/gdc_download_20260123_154153.943271/1e7161e4-0134-4efa-a0e2-008e097b6fb6/TCGA-ET-A39O.95EB9A3F-F213-4D62-9823-21E3D31DDB5E.PDF,Papillary Thyroid Carcinoma,Tall Cell,T1,N0,MX,No ETE,R0,Multifocal,YES,4,0,OK
TCGA-IM-A3ED,nationwidechildrens.org_clinical.TCGA-IM-A3ED.xml,TCGA-IM-A3ED.0B417B72-0AD2-4B67-ADB3-E6156572D787.PDF,data/raw/GDC Data Thyroid/gdc_download_20260123_154153.943271/5a1e9ac8-4cf4-4b70-b674-ea66dc87ea29/nationwidechildrens.org_clinical.TCGA-IM-A3ED.xml,data/raw/GDC Data Thyroid/gdc_download_20260123_154153.943271/cb2037c4-35fa-4b40-8339-bf64aa949ab4/TCGA-IM-A3ED.0B417B72-0AD2-4B67-ADB3-E6156572D787.PDF,Papillary Thyroid Carcinoma,Classical,T1,N0,MX,No ETE,R0,Unifocal,YES,9,0,OK
TCGA-DJ-A3UM,nationwidechildrens.org_clinical.TCGA-DJ-A3UM.xml,TCGA-DJ-A3UM.1C0C70EB-0C68-438E-BF0E-E2A24B7800BF.PDF,data/raw/GDC Data Thyroid/gdc_download_20260123_154153.943271/8ac90bec-85f4-4a33-a826-8dccaca772bf/nationwidechildrens.org_clinical.TCGA-DJ-A3UM.xml,data/raw/GDC Data Thyroid/gdc_download_20260123_154153.943271/cc054563-2fb0-4923-9583-fc0d02ff4870/TCGA-DJ-A3UM.1C0C70EB-0C68-438E-BF0E-E2A24B7800BF.PDF,Papillary Thyroid Carcinoma,Classical,T1b,N0,M0,No ETE,R0,Unifocal,YES,3,0,OK
TCGA-EM-A3AJ,nationwidechildrens.org_clinical.TCGA-EM-A3AJ.xml,TCGA-EM-A3AJ.1F3348F1-27A7-423E-8E8B-243921DC83A0.PDF,data/raw/GDC Data Thyroid/gdc_download_20260123_154153.943271/c4273c2d-467e-4553-81fd-42ad721d6ea0/nationwidechildrens.org_clinical.TCGA-EM-A3AJ.xml,data/raw/GDC Data Thyroid/gdc_download_20260123_154153.943271/bca2ad84-be3f-4d06-a1c3-2021c3921e04/TCGA-EM-A3AJ.1F3348F1-27A7-423E-8E8B-243921DC83A0.PDF,Papillary Thyroid Carcinoma,Follicular,T3,N1a,MX,No ETE,R1,Multifocal,YES,24,4,OK
TCGA-DJ-A4V2,nationwidechildrens.org_clinical.TCGA-DJ-A4V2.xml,TCGA-DJ-A4V2.02145821-EB2F-4F21-98C7-379353CF81E6.PDF,data/raw/GDC Data Thyroid/gdc_download_20260123_154153.943271/6f0277f2-2fe8-4c3b-925d-cf6cd5e817fc/nationwidechildrens.org_clinical.TCGA-DJ-A4V2.xml,data/raw/GDC Data Thyroid/gdc_download_20260123_154153.943271/d1d149a0-1aaa-4404-93af-7717df8eb4d2/TCGA-DJ-A4V2.02145821-EB2F-4F21-98C7-379353CF81E6.PDF,Papillary Thyroid Carcinoma,Classical,T2,N0,M0,No ETE,R0,Unifocal,YES,1,0,OK
TCGA-EM-A2CJ,nationwidechildrens.org_clinical.TCGA-EM-A2CJ.xml,TCGA-EM-A2CJ.09CC2B22-1C81-474B-82F2-D69FE5ACC413.PDF,data/raw/GDC Data Thyroid/gdc_download_20260123_154153.943271/7901f34b-61bc-4736-adde-931639d0e172/nationwidechildrens.org_clinical.TCGA-EM-A2CJ.xml,data/raw/GDC Data Thyroid/gdc_download_20260123_154153.943271/d83484ba-a7f6-4bb4-882e-33b21bf6eab5/TCGA-EM-A2CJ.09CC2B22-1C81-474B-82F2-D69FE5ACC413.PDF,Papillary Thyroid Carcinoma,Follicular,T1b,NX,MX,No ETE,R0,Multifocal,NO,,,OK
TCGA-IM-A3U3,nationwidechildrens.org_clinical.TCGA-IM-A3U3.xml,TCGA-IM-A3U3.56E8B18F-9149-4B45-AF96-DFC3B9DAE916.PDF,data/raw/GDC Data Thyroid/gdc_download_20260123_154153.943271/aaaea87c-ac5f-4d5b-82ce-ad884856e56f/nationwidechildrens.org_clinical.TCGA-IM-A3U3.xml,data/raw/GDC Data Thyroid/gdc_download_20260123_154153.943271/8a263318-a508-44fe-a007-d87d0e58ad38/TCGA-IM-A3U3.56E8B18F-9149-4B45-AF96-DFC3B9DAE916.PDF,Papillary Thyroid Carcinoma,Tall Cell,T1b,N0,MX,No ETE,Not Available,Multifocal,YES,8,0,INCOMPLETE
TCGA-BJ-A0ZB,nationwidechildrens.org_clinical.TCGA-BJ-A0ZB.xml,TCGA-BJ-A0ZB.026940CA-36B1-4AF8-996D-1BF8D108CD7A.PDF,data/raw/GDC Data Thyroid/gdc_download_20260123_154153.943271/1cd75ac5-0e6f-4fd4-9c90-85325046d227/nationwidechildrens.org_clinical.TCGA-BJ-A0ZB.xml,data/raw/GDC Data Thyroid/gdc_download_20260123_154153.943271/b35fc9fb-c6e5-42d0-b6b4-32729659b40d/TCGA-BJ-A0ZB.026940CA-36B1-4AF8-996D-1BF8D108CD7A.PDF,Papillary Thyroid Carcinoma,Classical,T3,N1b,M0,Gross,R1,Unifocal,YES,6,5,OK
TCGA-BJ-A45F,nationwidechildrens.org_clinical.TCGA-BJ-A45F.xml,TCGA-BJ-A45F.E9C49C3D-87A7-418D-81CA-575C2B2CE62D.PDF,data/raw/GDC Data Thyroid/gdc_download_20260123_154153.943271/3ea4e753-a6dc-4795-b770-69c6e5b535c0/nationwidechildrens.org_clinical.TCGA-BJ-A45F.xml,data/raw/GDC Data Thyroid/gdc_download_20260123_154153.943271/151e1eea-3b40-4fce-8e3f-bcd941f87036/TCGA-BJ-A45F.E9C49C3D-87A7-418D-81CA-575C2B2CE62D.PDF,Papillary Thyroid Carcinoma,Classical,T1b,N0,M0,Not Available,Not Available,Unifocal,NO,,,INCOMPLETE
TCGA-EL-A3GP,nationwidechildrens.org_clinical.TCGA-EL-A3GP.xml,TCGA-EL-A3GP.20DDD60D-D110-4CED-9956-3DA810CDFA61.PDF,data/raw/GDC Data Thyroid/gdc_download_20260123_154153.943271/60da17b6-ca69-43ec-9580-ea83b93c0849/nationwidechildrens.org_clinical.TCGA-EL-A3GP.xml,data/raw/GDC Data Thyroid/gdc_download_20260123_154153.943271/8a8bdce7-e890-4d15-82be-30ab6629ee11/TCGA-EL-A3GP.20DDD60D-D110-4CED-9956-3DA810CDFA61.PDF,Papillary Thyroid Carcinoma,Classical,T3,N1a,M0,Microscopic,R0,Unifocal,YES,15,7,OK
TCGA-E8-A436,nationwidechildrens.org_clinical.TCGA-E8-A436.xml,TCGA-E8-A436.0DE23F0B-79FC-49FF-86FE-E715BAC24B3A.PDF,data/raw/GDC Data Thyroid/gdc_download_20260123_154153.943271/6d67d2e1-4c81-4134-9b65-c0ae359e572c/nationwidechildrens.org_clinical.TCGA-E8-A436.xml,data/raw/GDC Data Thyroid/gdc_download_20260123_154153.943271/7123bfa1-d0e9-4d56-9978-954adb1da29f/TCGA-E8-A436.0DE23F0B-79FC-49FF-86FE-E715BAC24B3A.PDF,Papillary Thyroid Carcinoma,Classical,T2,N1b,M0,No ETE,R0,Multifocal,YES,10,1,OK
TCGA-EM-A22K,nationwidechildrens.org_clinical.TCGA-EM-A22K.xml,TCGA-EM-A22K.8AB1176E-9808-44F0-B0DB-B9D3D5027025.PDF,data/raw/GDC Data Thyroid/gdc_download_20260123_154153.943271/5a8c11bd-0524-4fe1-a88f-c8d78097668f/nationwidechildrens.org_clinical.TCGA-EM-A22K.xml,data/raw/GDC Data Thyroid/gdc_download_20260123_154153.943271/c605d6d5-c08e-4f00-a42d-e401248a5c70/TCGA-EM-A22K.8AB1176E-9808-44F0-B0DB-B9D3D5027025.PDF,Papillary Thyroid Carcinoma,Classical,T1b,N1b,MX,No ETE,R1,Multifocal,YES,83,10,OK
TCGA-4C-A93U,nationwidechildrens.org_clinical.TCGA-4C-A93U.xml,TCGA-4C-A93U.52F5D12B-92C9-4A98-A9EB-42BF48C0BA87.PDF,data/raw/GDC Data Thyroid/gdc_download_20260123_154153.943271/10180e88-c892-4615-9182-fc589b3308bd/nationwidechildrens.org_clinical.TCGA-4C-A93U.xml,data/raw/GDC Data Thyroid/gdc_download_20260123_154153.943271/1a2e7442-442f-423c-a92e-9aeefc60f1ee/TCGA-4C-A93U.52F5D12B-92C9-4A98-A9EB-42BF48C0BA87.PDF,Papillary Thyroid Carcinoma,Classical,T4a,N1b,M0,Gross,R0,Unifocal,YES,41,1,OK
TCGA-ET-A25G,nationwidechildrens.org_clinical.TCGA-ET-A25G.xml,TCGA-ET-A25G.DC56DF43-2D17-490A-AE01-5C007031C3C8.PDF,data/raw/GDC Data Thyroid/gdc_download_20260123_154153.943271/c7da6681-a13a-4841-a547-69f1f4389089/nationwidechildrens.org_clinical.TCGA-ET-A25G.xml,data/raw/GDC Data Thyroid/gdc_download_20260123_154153.943271/a669d48b-f41b-4846-b0f2-8c15746df7ba/TCGA-ET-A25G.DC56DF43-2D17-490A-AE01-5C007031C3C8.PDF,Papillary Thyroid Carcinoma,Tall Cell,T3,N0,MX,Microscopic,R0,Unifocal,YES,1,0,OK
TCGA-EL-A3ZL,nationwidechildrens.org_clinical.TCGA-EL-A3ZL.xml,TCGA-EL-A3ZL.97AE09E6-A2B6-4544-A977-71DB50629A32.PDF,data/raw/GDC Data Thyroid/gdc_download_20260123_154153.943271/73c5084e-8150-47a9-8567-1afa6d9049cd/nationwidechildrens.org_clinical.TCGA-EL-A3ZL.xml,data/raw/GDC Data Thyroid/gdc_download_20260123_154153.943271/e684611d-39ee-4e1d-816c-bebf8010d038/TCGA-EL-A3ZL.97AE09E6-A2B6-4544-A977-71DB50629A32.PDF,Papillary Thyroid Carcinoma,Classical,T1,N1,M0,No ETE,R0,Unifocal,YES,25,7,OK
TCGA-DJ-A3VE,nationwidechildrens.org_clinical.TCGA-DJ-A3VE.xml,TCGA-DJ-A3VE.FC2448D9-4FD8-4500-9B0C-293CAC511E17.PDF,data/raw/GDC Data Thyroid/gdc_download_20260123_154153.943271/9732c025-83d7-4abf-bddd-753dd21d5c69/nationwidechildrens.org_clinical.TCGA-DJ-A3VE.xml,data/raw/GDC Data Thyroid/gdc_download_20260123_154153.943271/ce1d17d7-5b78-4a54-a8e6-48b7faffbaa4/TCGA-DJ-A3VE.FC2448D9-4FD8-4500-9B0C-293CAC511E17.PDF,Papillary Thyroid Carcinoma,Classical,T1b,N0,M0,No ETE,R0,Unifocal,NO,,,OK
TCGA-DJ-A2Q1,nationwidechildrens.org_clinical.TCGA-DJ-A2Q1.xml,TCGA-DJ-A2Q1.5621D9A6-6B60-4EDC-AE6E-FAFD638DDE8E.PDF,data/raw/GDC Data Thyroid/gdc_download_20260123_154153.943271/37fd6ee9-2c4b-411c-90ce-fb88f392a8dd/nationwidechildrens.org_clinical.TCGA-DJ-A2Q1.xml,data/raw/GDC Data Thyroid/gdc_download_20260123_154153.943271/32333b3b-031f-43e9-b664-504a8a924868/TCGA-DJ-A2Q1.5621D9A6-6B60-4EDC-AE6E-FAFD638DDE8E.PDF,Papillary Thyroid Carcinoma,Classical,T1b,N1b,M0,No ETE,R0,Multifocal,YES,44,11,OK
TCGA-DJ-A3VJ,nationwidechildrens.org_clinical.TCGA-DJ-A3VJ.xml,TCGA-DJ-A3VJ.C8FBA360-6E43-4B3C-8D77-C0E57EB7937C.PDF,data/raw/GDC Data Thyroid/gdc_download_20260123_154153.943271/e149b44b-f7bf-483a-9743-e062fa8389ae/nationwidechildrens.org_clinical.TCGA-DJ-A3VJ.xml,data/raw/GDC Data Thyroid/gdc_download_20260123_154153.943271/812a8c0d-c9de-4b14-840f-10516b5dfbed/TCGA-DJ-A3VJ.C8FBA360-6E43-4B3C-8D77-C0E57EB7937C.PDF,Other,Not Available,T3,N1a,M0,Microscopic,R0,Multifocal,YES,5,5,INCOMPLETE
TCGA-EM-A1YE,nationwidechildrens.org_clinical.TCGA-EM-A1YE.xml,TCGA-EM-A1YE.3CE17C59-35DE-4A7C-9B98-49444756D588.PDF,data/raw/GDC Data Thyroid/gdc_download_20260123_154153.943271/4d12140c-d1b4-4db9-b42e-237e7203abee/nationwidechildrens.org_clinical.TCGA-EM-A1YE.xml,data/raw/GDC Data Thyroid/gdc_download_20260123_154153.943271/4fe14cc1-f957-45b0-b6e7-1eb3afcce0d2/TCGA-EM-A1YE.3CE17C59-35DE-4A7C-9B98-49444756D588.PDF,Papillary Thyroid Carcinoma,Follicular,T2,N0,MX,No ETE,R0,Unifocal,YES,3,0,OK
TCGA-ET-A2N1,nationwidechildrens.org_clinical.TCGA-ET-A2N1.xml,TCGA-ET-A2N1.CD534E46-2105-4BC5-AE72-3BA55CE1394D.PDF,data/raw/GDC Data Thyroid/gdc_download_20260123_154153.943271/03f504e1-2757-408e-a630-b6f50d9b289c/nationwidechildrens.org_clinical.TCGA-ET-A2N1.xml,data/raw/GDC Data Thyroid/gdc_download_20260123_154153.943271/a160b3fb-55dc-42f3-8d18-a10d5c101640/TCGA-ET-A2N1.CD534E46-2105-4BC5-AE72-3BA55CE1394D.PDF,Papillary Thyroid Carcinoma,Classical,T2,N1a,MX,No ETE,R0,Multifocal,YES,7,6,OK
TCGA-E8-A418,nationwidechildrens.org_clinical.TCGA-E8-A418.xml,TCGA-E8-A418.C05826F0-A01B-45AB-BB4E-38996D815CD2.PDF,data/raw/GDC Data Thyroid/gdc_download_20260123_154153.943271/d82fff4c-64d9-4b19-bd12-e1cec890fda9/nationwidechildrens.org_clinical.TCGA-E8-A418.xml,data/raw/GDC Data Thyroid/gdc_download_20260123_154153.943271/80c3b030-fac0-40ed-bb2f-9dd4ca45ed5b/TCGA-E8-A418.C05826F0-A01B-45AB-BB4E-38996D815CD2.PDF,Papillary Thyroid Carcinoma,Classical,T4a,N0,M0,Gross,Not Available,Unifocal,NO,,,INCOMPLETE
TCGA-DJ-A2PQ,nationwidechildrens.org_clinical.TCGA-DJ-A2PQ.xml,TCGA-DJ-A2PQ.54BC5DC2-5750-4B60-AFA2-89018B799420.PDF,data/raw/GDC Data Thyroid/gdc_download_20260123_154153.943271/28eaeadb-5231-46ee-b651-e40fc372010a/nationwidechildrens.org_clinical.TCGA-DJ-A2PQ.xml,data/raw/GDC Data Thyroid/gdc_download_20260123_154153.943271/7e10108f-bf49-43c9-b80f-826023af8908/TCGA-DJ-A2PQ.54BC5DC2-5750-4B60-AFA2-89018B799420.PDF,Papillary Thyroid Carcinoma,Classical,T2,N1a,M0,No ETE,R0,Unifocal,YES,12,7,OK
TCGA-EM-A22I,nationwidechildrens.org_clinical.TCGA-EM-A22I.xml,TCGA-EM-A22I.5403706A-C20F-4EB1-9AAF-DDE37DF704C2.PDF,data/raw/GDC Data Thyroid/gdc_download_20260123_154153.943271/37163498-b085-4f8e-80a5-03c68910a22c/nationwidechildrens.org_clinical.TCGA-EM-A22I.xml,data/raw/GDC Data Thyroid/gdc_download_20260123_154153.943271/7a4770b1-8ee1-4528-9db6-39c85cbe7140/TCGA-EM-A22I.5403706A-C20F-4EB1-9AAF-DDE37DF704C2.PDF,Papillary Thyroid Carcinoma,Classical,T3,N0,MX,Microscopic,R1,Multifocal,YES,1,0,OK
TCGA-E8-A3X7,nationwidechildrens.org_clinical.TCGA-E8-A3X7.xml,TCGA-E8-A3X7.045AB42B-1C1B-4144-8038-9AE04F9339AC.PDF,data/raw/GDC Data Thyroid/gdc_download_20260123_154153.943271/67fcaee6-c2d4-4ca2-8790-60d9d20c1065/nationwidechildrens.org_clinical.TCGA-E8-A3X7.xml,data/raw/GDC Data Thyroid/gdc_download_20260123_154153.943271/435b4446-9057-4517-9e6e-20c2dfdbffaf/TCGA-E8-A3X7.045AB42B-1C1B-4144-8038-9AE04F9339AC.PDF,Papillary Thyroid Carcinoma,Classical,T4a,N0,M0,Gross,Not Available,Multifocal,NO,,,INCOMPLETE
TCGA-EL-A3H7,nationwidechildrens.org_clinical.TCGA-EL-A3H7.xml,TCGA-EL-A3H7.B0A349A2-09BE-4A7C-A4BD-C0EBAA9B33D6.PDF,data/raw/GDC Data Thyroid/gdc_download_20260123_154153.943271/3da3be1a-f2f4-48aa-8e0f-89fff7301779/nationwidechildrens.org_clinical.TCGA-EL-A3H7.xml,data/raw/GDC Data Thyroid/gdc_download_20260123_154153.943271/5b8540c1-56b4-4662-9a94-0cf583113c43/TCGA-EL-A3H7.B0A349A2-09BE-4A7C-A4BD-C0EBAA9B33D6.PDF,Papillary Thyroid Carcinoma,Classical,T3,N1,M0,Microscopic,R0,Unifocal,YES,9,8,OK
TCGA-BJ-A2NA,nationwidechildrens.org_clinical.TCGA-BJ-A2NA.xml,TCGA-BJ-A2NA.24BC880A-E148-4D78-8C33-5F8FB59258E5.PDF,data/raw/GDC Data Thyroid/gdc_download_20260123_154153.943271/3406d9be-47d8-4357-99db-df661ea943fe/nationwidechildrens.org_clinical.TCGA-BJ-A2NA.xml,data/raw/GDC Data Thyroid/gdc_download_20260123_154153.943271/9975cd39-160d-4dbe-8fb7-cd14ba550202/TCGA-BJ-A2NA.24BC880A-E148-4D78-8C33-5F8FB59258E5.PDF,Papillary Thyroid Carcinoma,Classical,T3,N0,M0,Microscopic,R1,Multifocal,YES,1,0,OK
TCGA-ET-A3BV,nationwidechildrens.org_clinical.TCGA-ET-A3BV.xml,TCGA-ET-A3BV.97DA3EC1-87E4-46BA-AEBB-255DA0A24778.PDF,data/raw/GDC Data Thyroid/gdc_download_20260123_154153.943271/93fdea23-4557-4549-bbe5-50926bd4b362/nationwidechildrens.org_clinical.TCGA-ET-A3BV.xml,data/raw/GDC Data Thyroid/gdc_download_20260123_154153.943271/d5b2497c-0e32-41ea-987a-e86211418e88/TCGA-ET-A3BV.97DA3EC1-87E4-46BA-AEBB-255DA0A24778.PDF,Papillary Thyroid Carcinoma,Classical,T2,N1a,MX,No ETE,R0,Unifocal,YES,17,2,OK
TCGA-DJ-A2PP,nationwidechildrens.org_clinical.TCGA-DJ-A2PP.xml,TCGA-DJ-A2PP.EE368CF1-9955-49B2-9EBA-3F6E37EE8D46.PDF,data/raw/GDC Data Thyroid/gdc_download_20260123_154153.943271/66155e82-96e4-4f39-8227-ba6c649b6182/nationwidechildrens.org_clinical.TCGA-DJ-A2PP.xml,data/raw/GDC Data Thyroid/gdc_download_20260123_154153.943271/3df97d8d-0edf-4105-92dd-543ebb8faa0d/TCGA-DJ-A2PP.EE368CF1-9955-49B2-9EBA-3F6E37EE8D46.PDF,Papillary Thyroid Carcinoma,Follicular,T2,N0,M0,No ETE,R0,Multifocal,YES,3,0,OK
TCGA-FE-A3PB,nationwidechildrens.org_clinical.TCGA-FE-A3PB.xml,TCGA-FE-A3PB.048187E7-2B37-490A-9005-09541CACDD84.PDF,data/raw/GDC Data Thyroid/gdc_download_20260123_154153.943271/b12ddf97-b6a7-41e4-8a7b-f537de44210e/nationwidechildrens.org_clinical.TCGA-FE-A3PB.xml,data/raw/GDC Data Thyroid/gdc_download_20260123_154153.943271/e994c6ad-dcd3-459a-bc98-a1fbd07c58fd/TCGA-FE-A3PB.048187E7-2B37-490A-9005-09541CACDD84.PDF,Papillary Thyroid Carcinoma,Classical,T3,N1a,MX,Microscopic,R0,Unifocal,YES,5,5,OK
TCGA-BJ-A4O8,nationwidechildrens.org_clinical.TCGA-BJ-A4O8.xml,TCGA-BJ-A4O8.12703516-FB7D-4C4B-BA56-5743810CB72F.PDF,data/raw/GDC Data Thyroid/gdc_download_20260123_154153.943271/cc315b69-d40a-4966-81c7-9a1de51df849/nationwidechildrens.org_clinical.TCGA-BJ-A4O8.xml,data/raw/GDC Data Thyroid/gdc_download_20260123_154153.943271/f2dca56e-4819-4d58-9725-c263efd999d2/TCGA-BJ-A4O8.12703516-FB7D-4C4B-BA56-5743810CB72F.PDF,Papillary Thyroid Carcinoma,Classical,T3,N1a,M0,No ETE,R0,Multifocal,YES,14,6,OK
TCGA-DJ-A13T,nationwidechildrens.org_clinical.TCGA-DJ-A13T.xml,TCGA-DJ-A13T.F5E0C7C9-0A8A-464A-A33F-00CA59772698.PDF,data/raw/GDC Data Thyroid/gdc_download_20260123_154153.943271/89c422e2-5e0c-452b-a442-585c48501149/nationwidechildrens.org_clinical.TCGA-DJ-A13T.xml,data/raw/GDC Data Thyroid/gdc_download_20260123_154153.943271/90a962ed-42df-4ec2-ab62-df68571abcc9/TCGA-DJ-A13T.F5E0C7C9-0A8A-464A-A33F-00CA59772698.PDF,Papillary Thyroid Carcinoma,Classical,T2,N0,M0,No ETE,R0,Multifocal,YES,7,0,OK
TCGA-EM-A3AP,nationwidechildrens.org_clinical.TCGA-EM-A3AP.xml,TCGA-EM-A3AP.10520066-D640-420F-B717-24B60B3F7465.PDF,data/raw/GDC Data Thyroid/gdc_download_20260123_154153.943271/3de4d387-71dd-41d9-8ea7-c367d694e600/nationwidechildrens.org_clinical.TCGA-EM-A3AP.xml,data/raw/GDC Data Thyroid/gdc_download_20260123_154153.943271/66a18972-dcd2-47d1-8d1f-780caf449ce9/TCGA-EM-A3AP.10520066-D640-420F-B717-24B60B3F7465.PDF,Papillary Thyroid Carcinoma,Follicular,T2,NX,MX,No ETE,R0,Unifocal,NO,,,OK
TCGA-FE-A3PA,nationwidechildrens.org_clinical.TCGA-FE-A3PA.xml,TCGA-FE-A3PA.7FA0F656-75E1-4D38-95C3-6E77F30AEADC.PDF,data/raw/GDC Data Thyroid/gdc_download_20260123_154153.943271/518b4875-aae5-45a9-a76f-aa202dba716c/nationwidechildrens.org_clinical.TCGA-FE-A3PA.xml,data/raw/GDC Data Thyroid/gdc_download_20260123_154153.943271/b88364d4-57b0-4dbc-bf4d-ff3df23c27fb/TCGA-FE-A3PA.7FA0F656-75E1-4D38-95C3-6E77F30AEADC.PDF,Papillary Thyroid Carcinoma,Follicular,T4,N0,M1,Microscopic,R2,Unifocal,NO,,,OK
TCGA-DJ-A2Q5,nationwidechildrens.org_clinical.TCGA-DJ-A2Q5.xml,TCGA-DJ-A2Q5.5291CCC7-0571-48D7-B523-7B0F05C8749D.PDF,data/raw/GDC Data Thyroid/gdc_download_20260123_154153.943271/96aa5de2-54fd-4ce5-a8dd-928c364e190b/nationwidechildrens.org_clinical.TCGA-DJ-A2Q5.xml,data/raw/GDC Data Thyroid/gdc_download_20260123_154153.943271/6d68b6f6-1efa-450e-bb36-cbdf93f50575/TCGA-DJ-A2Q5.5291CCC7-0571-48D7-B523-7B0F05C8749D.PDF,Papillary Thyroid Carcinoma,Classical,T2,N1b,M0,No ETE,R0,Unifocal,YES,5,2,OK
TCGA-ET-A25I,nationwidechildrens.org_clinical.TCGA-ET-A25I.xml,TCGA-ET-A25I.94CB3835-0E2E-4187-A3D7-52F48537520E.PDF,data/raw/GDC Data Thyroid/gdc_download_20260123_154153.943271/dd75a1af-5abd-42fc-a784-949885923b9f/nationwidechildrens.org_clinical.TCGA-ET-A25I.xml,data/raw/GDC Data Thyroid/gdc_download_20260123_154153.943271/2e6f5de6-264b-42a6-ab15-ef87bcc57aee/TCGA-ET-A25I.94CB3835-0E2E-4187-A3D7-52F48537520E.PDF,Papillary Thyroid Carcinoma,Follicular,T2,N0,MX,No ETE,R0,Unifocal,YES,1,0,OK
TCGA-EM-A4FM,nationwidechildrens.org_clinical.TCGA-EM-A4FM.xml,TCGA-EM-A4FM.262BB6C6-7DFB-40E4-8C69-65F986CF74BB.PDF,data/raw/GDC Data Thyroid/gdc_download_20260123_154153.943271/29f9edb4-08b8-4086-b75d-efb0537af638/nationwidechildrens.org_clinical.TCGA-EM-A4FM.xml,data/raw/GDC Data Thyroid/gdc_download_20260123_154153.943271/ca5baae6-d099-4169-8e9f-f79b73afc694/TCGA-EM-A4FM.262BB6C6-7DFB-40E4-8C69-65F986CF74BB.PDF,Papillary Thyroid Carcinoma,Classical,T3,N1b,MX,Microscopic,R1,Multifocal,YES,40,12,OK
TCGA-CE-A3MD,nationwidechildrens.org_clinical.TCGA-CE-A3MD.xml,TCGA-CE-A3MD.E393C8DC-4578-4AA1-8938-5FFFBE32E825.PDF,data/raw/GDC Data Thyroid/gdc_download_20260123_154153.943271/62b91933-d601-4a36-986f-439332b57958/nationwidechildrens.org_clinical.TCGA-CE-A3MD.xml,data/raw/GDC Data Thyroid/gdc_download_20260123_154153.943271/2041422a-b68a-4285-9486-82c35c16704d/TCGA-CE-A3MD.E393C8DC-4578-4AA1-8938-5FFFBE32E825.PDF,Papillary Thyroid Carcinoma,Classical,T2,N1,M0,No ETE,R0,Unifocal,,3,3,INCOMPLETE
TCGA-ET-A3DP,nationwidechildrens.org_clinical.TCGA-ET-A3DP.xml,TCGA-ET-A3DP.65943762-40CF-4F6D-8C1C-1CE807C02D6E.PDF,data/raw/GDC Data Thyroid/gdc_download_20260123_154153.943271/757e3c7c-2c2a-404b-b7db-981a6d8316a5/nationwidechildrens.org_clinical.TCGA-ET-A3DP.xml,data/raw/GDC Data Thyroid/gdc_download_20260123_154153.943271/8217b107-9440-4e59-b4e5-44a3eba7fb05/TCGA-ET-A3DP.65943762-40CF-4F6D-8C1C-1CE807C02D6E.PDF,Papillary Thyroid Carcinoma,Classical,T2,NX,MX,No ETE,R0,Unifocal,NO,,,OK
TCGA-DJ-A1QN,nationwidechildrens.org_clinical.TCGA-DJ-A1QN.xml,TCGA-DJ-A1QN.99CA27B4-D3B7-4D4A-80D4-AADF587EA52D.PDF,data/raw/GDC Data Thyroid/gdc_download_20260123_154153.943271/de7ef4f4-e7f8-493d-985d-9e22d910eac4/nationwidechildrens.org_clinical.TCGA-DJ-A1QN.xml,data/raw/GDC Data Thyroid/gdc_download_20260123_154153.943271/d2583a1e-c7a6-4349-af20-e247bb092c9b/TCGA-DJ-A1QN.99CA27B4-D3B7-4D4A-80D4-AADF587EA52D.PDF,Papillary Thyroid Carcinoma,Classical,T1b,N0,M0,No ETE,R0,Multifocal,NO,,,OK
TCGA-EL-A3D6,nationwidechildrens.org_clinical.TCGA-EL-A3D6.xml,TCGA-EL-A3D6.A4EA7225-4DF5-4917-A931-B41DF5F7FA31.PDF,data/raw/GDC Data Thyroid/gdc_download_20260123_154153.943271/dd8da4a2-bb51-42a5-956f-f159971e6115/nationwidechildrens.org_clinical.TCGA-EL-A3D6.xml,data/raw/GDC Data Thyroid/gdc_download_20260123_154153.943271/3fbdc29c-7b41-4aae-83ed-63e6e1db02e7/TCGA-EL-A3D6.A4EA7225-4DF5-4917-A931-B41DF5F7FA31.PDF,Papillary Thyroid Carcinoma,Classical,T3,N1b,M0,Microscopic,R1,Unifocal,YES,5,1,OK
TCGA-DJ-A3VM,nationwidechildrens.org_clinical.TCGA-DJ-A3VM.xml,TCGA-DJ-A3VM.2F246E42-FAA4-4E33-A22A-1F35ECC038FF.PDF,data/raw/GDC Data Thyroid/gdc_download_20260123_154153.943271/14e3086f-463c-4700-9276-1537e5cbe8a5/nationwidechildrens.org_clinical.TCGA-DJ-A3VM.xml,data/raw/GDC Data Thyroid/gdc_download_20260123_154153.943271/b0c16195-80cb-4fc0-b0a7-cc3a75a5dbce/TCGA-DJ-A3VM.2F246E42-FAA4-4E33-A22A-1F35ECC038FF.PDF,Papillary Thyroid Carcinoma,Follicular,T2,N0,M0,No ETE,R0,Unifocal,NO,,,OK
TCGA-ET-A2N0,nationwidechildrens.org_clinical.TCGA-ET-A2N0.xml,TCGA-ET-A2N0.32489588-DB83-48DF-A0A9-9D3669D5511C.PDF,data/raw/GDC Data Thyroid/gdc_download_20260123_154153.943271/93ce5164-6642-44fc-b13a-743f949132ea/nationwidechildrens.org_clinical.TCGA-ET-A2N0.xml,data/raw/GDC Data Thyroid/gdc_download_20260123_154153.943271/7a37081a-2525-4824-a2e3-5cf1250f0f61/TCGA-ET-A2N0.32489588-DB83-48DF-A0A9-9D3669D5511C.PDF,Papillary Thyroid Carcinoma,Classical,T1b,N1a,MX,No ETE,R0,Unifocal,YES,27,20,OK
TCGA-EL-A3GS,nationwidechildrens.org_clinical.TCGA-EL-A3GS.xml,TCGA-EL-A3GS.1FE3CE73-2A35-4436-A60D-7FEEE216B7B4.PDF,data/raw/GDC Data Thyroid/gdc_download_20260123_154153.943271/5ff3c423-8d2d-414b-a6b9-b958da2d48ab/nationwidechildrens.org_clinical.TCGA-EL-A3GS.xml,data/raw/GDC Data Thyroid/gdc_download_20260123_154153.943271/29b34ed2-f48a-41d2-bb54-f5b22a2ad9bb/TCGA-EL-A3GS.1FE3CE73-2A35-4436-A60D-7FEEE216B7B4.PDF,Papillary Thyroid Carcinoma,Classical,T3,N1,M0,Microscopic,R0,Multifocal,YES,1,1,OK
TCGA-MK-A84Z,nationwidechildrens.org_clinical.TCGA-MK-A84Z.xml,TCGA-MK-A84Z.A0C1F12C-4035-4651-B43D-EA3708DC8FF3.PDF,data/raw/GDC Data Thyroid/gdc_download_20260123_154153.943271/68fce08b-715f-46b3-bf17-0fdbac2aba2f/nationwidechildrens.org_clinical.TCGA-MK-A84Z.xml,data/raw/GDC Data Thyroid/gdc_download_20260123_154153.943271/9b5f1fe0-3c7e-4bbe-9dfd-9ed2bd04e452/TCGA-MK-A84Z.A0C1F12C-4035-4651-B43D-EA3708DC8FF3.PDF,Papillary Thyroid Carcinoma,Follicular,T3,NX,MX,Not Available,Not Available,Multifocal,NO,,,INCOMPLETE
TCGA-DJ-A4UP,nationwidechildrens.org_clinical.TCGA-DJ-A4UP.xml,TCGA-DJ-A4UP.54D2F116-9BEF-4B6D-A30C-745481122882.PDF,data/raw/GDC Data Thyroid/gdc_download_20260123_154153.943271/b3fb1466-a4ff-4f70-a0e6-2ffc69e94b17/nationwidechildrens.org_clinical.TCGA-DJ-A4UP.xml,data/raw/GDC Data Thyroid/gdc_download_20260123_154153.943271/c42d630b-fd80-4dce-9b50-cf3ea1a8e52b/TCGA-DJ-A4UP.54D2F116-9BEF-4B6D-A30C-745481122882.PDF,Papillary Thyroid Carcinoma,Classical,T1b,N1b,M0,No ETE,R0,Unifocal,YES,49,5,OK
TCGA-EL-A3CM,nationwidechildrens.org_clinical.TCGA-EL-A3CM.xml,TCGA-EL-A3CM.FE838902-B02D-4EA3-A810-4486F7FE8F0C.PDF,data/raw/GDC Data Thyroid/gdc_download_20260123_154153.943271/f87eecdb-cf90-44a2-8bc7-711bd96cc7a6/nationwidechildrens.org_clinical.TCGA-EL-A3CM.xml,data/raw/GDC Data Thyroid/gdc_download_20260123_154153.943271/d5b53659-090d-42f0-8d35-3f76038cfa1b/TCGA-EL-A3CM.FE838902-B02D-4EA3-A810-4486F7FE8F0C.PDF,Papillary Thyroid Carcinoma,Classical,T3,N1b,M0,Microscopic,R1,Unifocal,YES,16,3,OK
TCGA-DJ-A3VA,nationwidechildrens.org_clinical.TCGA-DJ-A3VA.xml,TCGA-DJ-A3VA.A92EF72D-7397-4DB3-9DBF-CCADD9DA8DE2.PDF,data/raw/GDC Data Thyroid/gdc_download_20260123_154153.943271/0d80cae0-b111-4dc5-81e6-16aba0c3f5db/nationwidechildrens.org_clinical.TCGA-DJ-A3VA.xml,data/raw/GDC Data Thyroid/gdc_download_20260123_154153.943271/377fc6dd-a51f-45fb-8111-2b1007dfb495/TCGA-DJ-A3VA.A92EF72D-7397-4DB3-9DBF-CCADD9DA8DE2.PDF,Papillary Thyroid Carcinoma,Classical,T1b,N1a,M0,No ETE,R0,Multifocal,YES,28,1,OK
TCGA-BJ-A3PT,nationwidechildrens.org_clinical.TCGA-BJ-A3PT.xml,TCGA-BJ-A3PT.25BA0C46-3556-494D-9BAA-FE4B153AF812.PDF,data/raw/GDC Data Thyroid/gdc_download_20260123_154153.943271/95f76c41-7865-4da0-b1a5-01f17317a8b7/nationwidechildrens.org_clinical.TCGA-BJ-A3PT.xml,data/raw/GDC Data Thyroid/gdc_download_20260123_154153.943271/fefffa7f-d86f-4e83-b216-1a0fb0cd059f/TCGA-BJ-A3PT.25BA0C46-3556-494D-9BAA-FE4B153AF812.PDF,Papillary Thyroid Carcinoma,Classical,T3,N0,M0,Not Available,Not Available,Multifocal,NO,,,INCOMPLETE
TCGA-DJ-A3UQ,nationwidechildrens.org_clinical.TCGA-DJ-A3UQ.xml,TCGA-DJ-A3UQ.2F03D3BA-CD94-4EAE-8084-EBDCB3143222.PDF,data/raw/GDC Data Thyroid/gdc_download_20260123_154153.943271/d7cb3b35-d48f-4cf6-820f-f150c8ac7019/nationwidechildrens.org_clinical.TCGA-DJ-A3UQ.xml,data/raw/GDC Data Thyroid/gdc_download_20260123_154153.943271/45eb9c95-1eaf-476c-9127-3bab56e740f5/TCGA-DJ-A3UQ.2F03D3BA-CD94-4EAE-8084-EBDCB3143222.PDF,Papillary Thyroid Carcinoma,Tall Cell,T3,N1a,M0,Microscopic,R0,Multifocal,YES,6,5,OK
TCGA-DJ-A2PT,nationwidechildrens.org_clinical.TCGA-DJ-A2PT.xml,TCGA-DJ-A2PT.0C47594E-54FF-4DC6-BB4C-FC0861570B22.PDF,data/raw/GDC Data Thyroid/gdc_download_20260123_154153.943271/0661131d-48b6-4f90-9326-15d247f8ba1a/nationwidechildrens.org_clinical.TCGA-DJ-A2PT.xml,data/raw/GDC Data Thyroid/gdc_download_20260123_154153.943271/0de51838-5eec-4dd3-8bb7-bf6e4d7e62ab/TCGA-DJ-A2PT.0C47594E-54FF-4DC6-BB4C-FC0861570B22.PDF,Papillary Thyroid Carcinoma,Tall Cell,T3,N0,M0,Microscopic,R0,Unifocal,YES,15,0,OK
TCGA-DJ-A13X,nationwidechildrens.org_clinical.TCGA-DJ-A13X.xml,TCGA-DJ-A13X.FA8ABF27-AF99-41FD-85EB-49F2975C0E1B.PDF,data/raw/GDC Data Thyroid/gdc_download_20260123_154153.943271/fb8dd901-f801-4fb8-9a84-6b76ba94b075/nationwidechildrens.org_clinical.TCGA-DJ-A13X.xml,data/raw/GDC Data Thyroid/gdc_download_20260123_154153.943271/b53db840-4b13-4a6d-afa8-7d968ae9fd2d/TCGA-DJ-A13X.FA8ABF27-AF99-41FD-85EB-49F2975C0E1B.PDF,Papillary Thyroid Carcinoma,Follicular,T3,N0,M0,No ETE,R0,Unifocal,YES,1,0,OK
TCGA-DJ-A13R,nationwidechildrens.org_clinical.TCGA-DJ-A13R.xml,TCGA-DJ-A13R.1A4EFF12-E96A-4D1E-8BA7-C126E7333211.PDF,data/raw/GDC Data Thyroid/gdc_download_20260123_154153.943271/74cbc030-ce68-4a11-bc17-5a4890ea03e8/nationwidechildrens.org_clinical.TCGA-DJ-A13R.xml,data/raw/GDC Data Thyroid/gdc_download_20260123_154153.943271/eca989ff-a6ed-498b-b6d6-973ba8ba5298/TCGA-DJ-A13R.1A4EFF12-E96A-4D1E-8BA7-C126E7333211.PDF,Papillary Thyroid Carcinoma,Follicular,T3,N0,M0,No ETE,R0,Multifocal,YES,2,0,OK
TCGA-DJ-A3V6,nationwidechildrens.org_clinical.TCGA-DJ-A3V6.xml,TCGA-DJ-A3V6.C6F0A1E3-BFC0-4458-8FB0-824FE6DB3086.PDF,data/raw/GDC Data Thyroid/gdc_download_20260123_154153.943271/a13bc914-3503-40ac-b2b0-bc88898fac66/nationwidechildrens.org_clinical.TCGA-DJ-A3V6.xml,data/raw/GDC Data Thyroid/gdc_download_20260123_154153.943271/8dd99afe-f4f6-4dfa-b790-6e5f532eaad3/TCGA-DJ-A3V6.C6F0A1E3-BFC0-4458-8FB0-824FE6DB3086.PDF,Papillary Thyroid Carcinoma,Tall Cell,T3,N0,M0,Microscopic,R0,Multifocal,NO,,,OK
TCGA-EL-A3ZK,nationwidechildrens.org_clinical.TCGA-EL-A3ZK.xml,TCGA-EL-A3ZK.1C5F1577-8BE5-470A-8E27-E3CA45200F3A.PDF,data/raw/GDC Data Thyroid/gdc_download_20260123_154153.943271/f12f0c1c-9f60-458f-ac03-a9d2f8b20d04/nationwidechildrens.org_clinical.TCGA-EL-A3ZK.xml,data/raw/GDC Data Thyroid/gdc_download_20260123_154153.943271/6a192a25-bf6c-4c32-a40f-9ccf0a8ad1db/TCGA-EL-A3ZK.1C5F1577-8BE5-470A-8E27-E3CA45200F3A.PDF,Papillary Thyroid Carcinoma,Classical,T2,N1,M0,No ETE,R0,Unifocal,YES,16,2,OK
TCGA-L6-A4ET,nationwidechildrens.org_clinical.TCGA-L6-A4ET.xml,TCGA-L6-A4ET.71EC1611-E8A2-4692-8C6A-9FF1DEC0AE85.PDF,data/raw/GDC Data Thyroid/gdc_download_20260123_154153.943271/85cf208b-d790-4f0c-aac1-f08b5a08ffb7/nationwidechildrens.org_clinical.TCGA-L6-A4ET.xml,data/raw/GDC Data Thyroid/gdc_download_20260123_154153.943271/aad0e603-3066-4764-8ad3-e75bcac9c663/TCGA-L6-A4ET.71EC1611-E8A2-4692-8C6A-9FF1DEC0AE85.PDF,Papillary Thyroid Carcinoma,Follicular,T3,NX,M1,No ETE,R0,Unifocal,NO,,,OK
TCGA-DJ-A3UW,nationwidechildrens.org_clinical.TCGA-DJ-A3UW.xml,TCGA-DJ-A3UW.6DB2037F-9651-4EEB-AFF9-15A23BB19EE4.PDF,data/raw/GDC Data Thyroid/gdc_download_20260123_154153.943271/508c634a-bfc7-43e8-beb0-f2609d97a502/nationwidechildrens.org_clinical.TCGA-DJ-A3UW.xml,data/raw/GDC Data Thyroid/gdc_download_20260123_154153.943271/1cfe4696-7bb9-4a2a-aff8-81d32b5b0363/TCGA-DJ-A3UW.6DB2037F-9651-4EEB-AFF9-15A23BB19EE4.PDF,Papillary Thyroid Carcinoma,Classical,T1b,N0,M0,No ETE,R0,Multifocal,YES,4,0,OK
TCGA-EL-A3D5,nationwidechildrens.org_clinical.TCGA-EL-A3D5.xml,TCGA-EL-A3D5.D52D36F3-9D5A-4176-8146-76A6AA4B8148.PDF,data/raw/GDC Data Thyroid/gdc_download_20260123_154153.943271/5807edba-b44d-4753-ad50-5cead456729f/nationwidechildrens.org_clinical.TCGA-EL-A3D5.xml,data/raw/GDC Data Thyroid/gdc_download_20260123_154153.943271/13ac6646-3318-4094-844f-b25d5f845289/TCGA-EL-A3D5.D52D36F3-9D5A-4176-8146-76A6AA4B8148.PDF,Papillary Thyroid Carcinoma,Classical,T3,N1b,M0,Microscopic,R1,Multifocal,YES,30,15,OK
TCGA-DJ-A3V4,nationwidechildrens.org_clinical.TCGA-DJ-A3V4.xml,TCGA-DJ-A3V4.F2C37C78-F561-46CE-809A-AA66BB580006.PDF,data/raw/GDC Data Thyroid/gdc_download_20260123_154153.943271/5cdac0fc-17b9-4fb2-9b8a-f05252cd53ee/nationwidechildrens.org_clinical.TCGA-DJ-A3V4.xml,data/raw/GDC Data Thyroid/gdc_download_20260123_154153.943271/260e50b7-31cc-41a4-932b-5b87f0417ea4/TCGA-DJ-A3V4.F2C37C78-F561-46CE-809A-AA66BB580006.PDF,Papillary Thyroid Carcinoma,Tall Cell,T3,N1a,M0,Microscopic,R0,Multifocal,YES,1,1,OK
TCGA-EL-A3D0,nationwidechildrens.org_clinical.TCGA-EL-A3D0.xml,TCGA-EL-A3D0.F50CE124-91BB-43E3-83B1-DC64713DA2A9.PDF,data/raw/GDC Data Thyroid/gdc_download_20260123_154153.943271/f1c9c3db-1365-41b6-b3be-dec364a77d6f/nationwidechildrens.org_clinical.TCGA-EL-A3D0.xml,data/raw/GDC Data Thyroid/gdc_download_20260123_154153.943271/87257406-f7fa-4292-a0cc-d37b44093b46/TCGA-EL-A3D0.F50CE124-91BB-43E3-83B1-DC64713DA2A9.PDF,Papillary Thyroid Carcinoma,Classical,T4,N1b,M0,Gross,R2,Unifocal,YES,37,9,OK
TCGA-EL-A3H2,nationwidechildrens.org_clinical.TCGA-EL-A3H2.xml,TCGA-EL-A3H2.BB009B7A-967E-441F-B73E-0463B3BEEA73.PDF,data/raw/GDC Data Thyroid/gdc_download_20260123_154153.943271/31f7a10e-f94f-490d-9ae2-a7023109be4e/nationwidechildrens.org_clinical.TCGA-EL-A3H2.xml,data/raw/GDC Data Thyroid/gdc_download_20260123_154153.943271/d54bb721-e39a-4c87-823b-43093e528d74/TCGA-EL-A3H2.BB009B7A-967E-441F-B73E-0463B3BEEA73.PDF,Papillary Thyroid Carcinoma,Classical,T2,N0,MX,No ETE,R0,Unifocal,NO,,,OK
TCGA-BJ-A290,nationwidechildrens.org_clinical.TCGA-BJ-A290.xml,TCGA-BJ-A290.270D1C48-B0EE-40AD-8E01-D8567CAC896D.PDF,data/raw/GDC Data Thyroid/gdc_download_20260123_154153.943271/a0725cbf-a3a4-416d-8bff-5ed3d058a3aa/nationwidechildrens.org_clinical.TCGA-BJ-A290.xml,data/raw/GDC Data Thyroid/gdc_download_20260123_154153.943271/64f18f7f-234e-4113-a6aa-9c00d7c419f5/TCGA-BJ-A290.270D1C48-B0EE-40AD-8E01-D8567CAC896D.PDF,Papillary Thyroid Carcinoma,Tall Cell,T3,N1a,M0,Microscopic,Not Available,Unifocal,YES,3,3,INCOMPLETE
TCGA-DJ-A3UU,nationwidechildrens.org_clinical.TCGA-DJ-A3UU.xml,TCGA-DJ-A3UU.0345F565-DA23-40AC-8083-E74922DADF5F.PDF,data/raw/GDC Data Thyroid/gdc_download_20260123_154153.943271/2434405e-cbc5-4f0a-9573-167ed66145e7/nationwidechildrens.org_clinical.TCGA-DJ-A3UU.xml,data/raw/GDC Data Thyroid/gdc_download_20260123_154153.943271/96f71f37-a9ae-4f09-9852-98335270d8c4/TCGA-DJ-A3UU.0345F565-DA23-40AC-8083-E74922DADF5F.PDF,Papillary Thyroid Carcinoma,Classical,T3,N0,M0,Microscopic,R1,Multifocal,YES,2,0,OK
TCGA-EL-A4K4,nationwidechildrens.org_clinical.TCGA-EL-A4K4.xml,TCGA-EL-A4K4.19218996-6E11-4D0F-A09A-FCE3119185F6.PDF,data/raw/GDC Data Thyroid/gdc_download_20260123_154153.943271/da60debe-c9b4-4de7-adbd-378982b43181/nationwidechildrens.org_clinical.TCGA-EL-A4K4.xml,data/raw/GDC Data Thyroid/gdc_download_20260123_154153.943271/d49de742-4299-4bbf-a740-a0fe5dfae090/TCGA-EL-A4K4.19218996-6E11-4D0F-A09A-FCE3119185F6.PDF,Papillary Thyroid Carcinoma,Classical,T3,N1,M0,Microscopic,R0,Unifocal,YES,43,13,OK
TCGA-DJ-A3UY,nationwidechildrens.org_clinical.TCGA-DJ-A3UY.xml,TCGA-DJ-A3UY.31C6D2B0-71BA-4E3E-A3FA-911F3B2B1BFC.PDF,data/raw/GDC Data Thyroid/gdc_download_20260123_154153.943271/b0bc3e0e-848c-4a96-8904-968549ff63cd/nationwidechildrens.org_clinical.TCGA-DJ-A3UY.xml,data/raw/GDC Data Thyroid/gdc_download_20260123_154153.943271/6bdb6a43-4e87-42be-a2f5-068ac17f1760/TCGA-DJ-A3UY.31C6D2B0-71BA-4E3E-A3FA-911F3B2B1BFC.PDF,Papillary Thyroid Carcinoma,Classical,T1b,N0,M0,No ETE,R0,Unifocal,NO,,,OK
TCGA-FY-A4B3,nationwidechildrens.org_clinical.TCGA-FY-A4B3.xml,TCGA-FY-A4B3.99BE85A1-2364-4F2D-A1A1-D0A0717231A4.PDF,data/raw/GDC Data Thyroid/gdc_download_20260123_154153.943271/a2b5a02f-a4e2-4567-9ad3-99c954b0c1cb/nationwidechildrens.org_clinical.TCGA-FY-A4B3.xml,data/raw/GDC Data Thyroid/gdc_download_20260123_154153.943271/4c2f4b4a-b041-4496-9e0a-a679dd90b6da/TCGA-FY-A4B3.99BE85A1-2364-4F2D-A1A1-D0A0717231A4.PDF,Papillary Thyroid Carcinoma,Classical,T3,N1a,MX,Microscopic,R1,Multifocal,YES,4,4,OK
TCGA-EM-A2CO,nationwidechildrens.org_clinical.TCGA-EM-A2CO.xml,TCGA-EM-A2CO.AAD6A295-FE0C-46FF-A9C2-D2A75EE02AFA.PDF,data/raw/GDC Data Thyroid/gdc_download_20260123_154153.943271/553c894b-7187-4ee4-b922-bf94c309fec1/nationwidechildrens.org_clinical.TCGA-EM-A2CO.xml,data/raw/GDC Data Thyroid/gdc_download_20260123_154153.943271/d33fbc96-8556-47be-a64a-ee4ba6a73b73/TCGA-EM-A2CO.AAD6A295-FE0C-46FF-A9C2-D2A75EE02AFA.PDF,Papillary Thyroid Carcinoma,Follicular,T2,NX,MX,No ETE,R0,Unifocal,NO,,,OK
TCGA-BJ-A190,nationwidechildrens.org_clinical.TCGA-BJ-A190.xml,TCGA-BJ-A190.BF24324C-EE6E-40E8-BF89-E42D0D02DD6A.PDF,data/raw/GDC Data Thyroid/gdc_download_20260123_154153.943271/4f4e7dd7-d78a-461d-8d71-11d1e26e7b5f/nationwidechildrens.org_clinical.TCGA-BJ-A190.xml,data/raw/GDC Data Thyroid/gdc_download_20260123_154153.943271/07b38953-3aa6-47e2-ab1d-658727c41dff/TCGA-BJ-A190.BF24324C-EE6E-40E8-BF89-E42D0D02DD6A.PDF,Papillary Thyroid Carcinoma,Classical,T2,N0,MX,No ETE,R0,Multifocal,YES,1,0,OK
TCGA-ET-A25P,nationwidechildrens.org_clinical.TCGA-ET-A25P.xml,TCGA-ET-A25P.7DB080AA-113F-4F72-8379-6390122762D2.PDF,data/raw/GDC Data Thyroid/gdc_download_20260123_154153.943271/488a49cd-c8e6-4688-84a9-faff4e6b4088/nationwidechildrens.org_clinical.TCGA-ET-A25P.xml,data/raw/GDC Data Thyroid/gdc_download_20260123_154153.943271/5d15df90-55f9-4f82-865f-a10513f43ba5/TCGA-ET-A25P.7DB080AA-113F-4F72-8379-6390122762D2.PDF,Papillary Thyroid Carcinoma,Classical,T1,N0,MX,No ETE,R0,Multifocal,YES,3,0,OK
TCGA-EL-A3ZH,nationwidechildrens.org_clinical.TCGA-EL-A3ZH.xml,TCGA-EL-A3ZH.173A9ED2-E1E5-4EF7-A3B2-EA9E9F72422B.PDF,data/raw/GDC Data Thyroid/gdc_download_20260123_154153.943271/70a5cbf9-d5de-4658-b780-c0c14edc1e16/nationwidechildrens.org_clinical.TCGA-EL-A3ZH.xml,data/raw/GDC Data Thyroid/gdc_download_20260123_154153.943271/f9fc1473-9219-455c-9c96-bae1f90ea4be/TCGA-EL-A3ZH.173A9ED2-E1E5-4EF7-A3B2-EA9E9F72422B.PDF,Papillary Thyroid Carcinoma,Classical,T3,N1,M0,Microscopic,R0,Unifocal,YES,8,4,OK
TCGA-EM-A2OZ,nationwidechildrens.org_clinical.TCGA-EM-A2OZ.xml,TCGA-EM-A2OZ.6BAC2A4F-D374-4F03-A25B-E73A622DB185.PDF,data/raw/GDC Data Thyroid/gdc_download_20260123_154153.943271/494a4d33-a75b-4e5e-acea-391dfdb1c499/nationwidechildrens.org_clinical.TCGA-EM-A2OZ.xml,data/raw/GDC Data Thyroid/gdc_download_20260123_154153.943271/f3c8fa32-7ffc-458d-ad69-986558575f73/TCGA-EM-A2OZ.6BAC2A4F-D374-4F03-A25B-E73A622DB185.PDF,Papillary Thyroid Carcinoma,Classical,T1b,N0,MX,No ETE,R0,Multifocal,YES,2,0,OK
TCGA-BJ-A2N9,nationwidechildrens.org_clinical.TCGA-BJ-A2N9.xml,TCGA-BJ-A2N9.53203C6A-0B8E-4563-A150-21E3F8F3A0E2.PDF,data/raw/GDC Data Thyroid/gdc_download_20260123_154153.943271/5cf5724c-3220-491c-bf99-05c362ae12b3/nationwidechildrens.org_clinical.TCGA-BJ-A2N9.xml,data/raw/GDC Data Thyroid/gdc_download_20260123_154153.943271/c287cf26-6f2c-40a5-90e1-9589d990716a/TCGA-BJ-A2N9.53203C6A-0B8E-4563-A150-21E3F8F3A0E2.PDF,Papillary Thyroid Carcinoma,Classical,T2,N0,M0,No ETE,R1,Unifocal,YES,3,0,OK
TCGA-DE-A7U5,nationwidechildrens.org_clinical.TCGA-DE-A7U5.xml,TCGA-DE-A7U5.D66CF219-B082-4DC3-81B9-F0BC68C31844.PDF,data/raw/GDC Data Thyroid/gdc_download_20260123_154153.943271/c0244665-0615-4393-bd56-72bd4726d3cf/nationwidechildrens.org_clinical.TCGA-DE-A7U5.xml,data/raw/GDC Data Thyroid/gdc_download_20260123_154153.943271/54edbc12-08af-4cfc-aab4-c69b6bd69d18/TCGA-DE-A7U5.D66CF219-B082-4DC3-81B9-F0BC68C31844.PDF,Papillary Thyroid Carcinoma,Classical,T2,N0,M0,Not Available,R1,Unifocal,YES,8,0,INCOMPLETE
TCGA-EL-A3ZG,nationwidechildrens.org_clinical.TCGA-EL-A3ZG.xml,TCGA-EL-A3ZG.347CFFC5-0A24-486B-8254-62D8E8F77643.PDF,data/raw/GDC Data Thyroid/gdc_download_20260123_154153.943271/45a80802-4d6b-4082-b1af-69bea7a25206/nationwidechildrens.org_clinical.TCGA-EL-A3ZG.xml,data/raw/GDC Data Thyroid/gdc_download_20260123_154153.943271/9a59628d-3eb6-4897-838a-b9702651cb45/TCGA-EL-A3ZG.347CFFC5-0A24-486B-8254-62D8E8F77643.PDF,Papillary Thyroid Carcinoma,Classical,T3,N0,M0,Microscopic,R0,Unifocal,NO,,,OK
TCGA-EM-A2CL,nationwidechildrens.org_clinical.TCGA-EM-A2CL.xml,TCGA-EM-A2CL.2C563AAE-210A-40FB-9FB3-23FCD79E9D19.PDF,data/raw/GDC Data Thyroid/gdc_download_20260123_154153.943271/e34706dd-c924-471d-9086-003b22c8d91d/nationwidechildrens.org_clinical.TCGA-EM-A2CL.xml,data/raw/GDC Data Thyroid/gdc_download_20260123_154153.943271/df23b2cd-6dcb-4c38-b842-3a5c2e1f3481/TCGA-EM-A2CL.2C563AAE-210A-40FB-9FB3-23FCD79E9D19.PDF,Papillary Thyroid Carcinoma,Follicular,T2,NX,MX,No ETE,R0,Multifocal,NO,0,,OK
TCGA-BJ-A191,nationwidechildrens.org_clinical.TCGA-BJ-A191.xml,TCGA-BJ-A191.B78E5312-059F-441C-8C8D-932FA38812D3.PDF,data/raw/GDC Data Thyroid/gdc_download_20260123_154153.943271/f74b1349-0cec-4434-ab68-a1c2ce478505/nationwidechildrens.org_clinical.TCGA-BJ-A191.xml,data/raw/GDC Data Thyroid/gdc_download_20260123_154153.943271/6357076e-c1de-4b65-b5f3-ac0e83eacaec/TCGA-BJ-A191.B78E5312-059F-441C-8C8D-932FA38812D3.PDF,Other,Not Available,T1b,N0,M0,No ETE,R0,Unifocal,YES,3,0,INCOMPLETE
TCGA-DJ-A3UP,nationwidechildrens.org_clinical.TCGA-DJ-A3UP.xml,TCGA-DJ-A3UP.237FE672-A255-4C6D-A53F-CF7234779BE4.PDF,data/raw/GDC Data Thyroid/gdc_download_20260123_154153.943271/dad526aa-4144-422c-ab44-7c28ab1bb1e5/nationwidechildrens.org_clinical.TCGA-DJ-A3UP.xml,data/raw/GDC Data Thyroid/gdc_download_20260123_154153.943271/44fe901a-9686-4f07-bc06-3073fa4a9b66/TCGA-DJ-A3UP.237FE672-A255-4C6D-A53F-CF7234779BE4.PDF,Papillary Thyroid Carcinoma,Follicular,T2,N0,M0,No ETE,R0,Unifocal,YES,24,0,OK
TCGA-EM-A3FR,nationwidechildrens.org_clinical.TCGA-EM-A3FR.xml,TCGA-EM-A3FR.604E6742-0F04-4E7C-8684-D29344ED6711.PDF,data/raw/GDC Data Thyroid/gdc_download_20260123_154153.943271/d5049666-4117-4ca6-877b-4d427a9fb84c/nationwidechildrens.org_clinical.TCGA-EM-A3FR.xml,data/raw/GDC Data Thyroid/gdc_download_20260123_154153.943271/f21f8915-8f38-4aca-9fb9-25bb797a4ebf/TCGA-EM-A3FR.604E6742-0F04-4E7C-8684-D29344ED6711.PDF,Papillary Thyroid Carcinoma,Classical,T2,N1a,MX,No ETE,R0,Multifocal,YES,7,2,OK
TCGA-ET-A3BU,nationwidechildrens.org_clinical.TCGA-ET-A3BU.xml,TCGA-ET-A3BU.5267B76A-3EFC-4B17-818D-FE8D97C4F3DF.PDF,data/raw/GDC Data Thyroid/gdc_download_20260123_154153.943271/d38fd36d-7c91-449a-b50a-7e3c4cc4785c/nationwidechildrens.org_clinical.TCGA-ET-A3BU.xml,data/raw/GDC Data Thyroid/gdc_download_20260123_154153.943271/75845567-a0d6-4c19-8910-b9d027727416/TCGA-ET-A3BU.5267B76A-3EFC-4B17-818D-FE8D97C4F3DF.PDF,Papillary Thyroid Carcinoma,Classical,T1,N1a,MX,No ETE,R0,Multifocal,YES,9,6,OK
TCGA-EM-A3AK,nationwidechildrens.org_clinical.TCGA-EM-A3AK.xml,TCGA-EM-A3AK.8A05B9C2-42A1-4200-8EB9-8BA20242B7C6.PDF,data/raw/GDC Data Thyroid/gdc_download_20260123_154153.943271/79efae8a-c1b8-482f-b133-a05e4d146c49/nationwidechildrens.org_clinical.TCGA-EM-A3AK.xml,data/raw/GDC Data Thyroid/gdc_download_20260123_154153.943271/1680d788-49b5-472a-8f84-45a0c4555627/TCGA-EM-A3AK.8A05B9C2-42A1-4200-8EB9-8BA20242B7C6.PDF,Papillary Thyroid Carcinoma,Classical,T1b,N0,MX,No ETE,R0,Multifocal,YES,2,0,OK
TCGA-FY-A40N,nationwidechildrens.org_clinical.TCGA-FY-A40N.xml,TCGA-FY-A40N.A3902FF5-8B0C-4239-BE35-F9832C38A8FD.PDF,data/raw/GDC Data Thyroid/gdc_download_20260123_154153.943271/ddccd4c7-d700-4f0f-8252-e63e3d54e339/nationwidechildrens.org_clinical.TCGA-FY-A40N.xml,data/raw/GDC Data Thyroid/gdc_download_20260123_154153.943271/9fce5a1b-aed4-43e8-b29b-e99274da922b/TCGA-FY-A40N.A3902FF5-8B0C-4239-BE35-F9832C38A8FD.PDF,Papillary Thyroid Carcinoma,Follicular,T1a,N0,MX,No ETE,R0,Multifocal,YES,3,0,OK
TCGA-KS-A41L,nationwidechildrens.org_clinical.TCGA-KS-A41L.xml,TCGA-KS-A41L.982CB386-A34A-4610-B9A8-9A6A43F84D87.PDF,data/raw/GDC Data Thyroid/gdc_download_20260123_154153.943271/ad35ff86-7a82-4b70-8982-6beaeb43ffd2/nationwidechildrens.org_clinical.TCGA-KS-A41L.xml,data/raw/GDC Data Thyroid/gdc_download_20260123_154153.943271/fb06669a-624f-4bdc-99c9-20d1ac678eee/TCGA-KS-A41L.982CB386-A34A-4610-B9A8-9A6A43F84D87.PDF,Papillary Thyroid Carcinoma,Follicular,T2,N0,M0,No ETE,R0,Unifocal,YES,3,0,OK
TCGA-FY-A3ON,nationwidechildrens.org_clinical.TCGA-FY-A3ON.xml,TCGA-FY-A3ON.986CE45F-0D9A-44C9-B019-C9B1C56D34A9.PDF,data/raw/GDC Data Thyroid/gdc_download_20260123_154153.943271/c73caefd-862c-47ac-983b-69f57b1eb057/nationwidechildrens.org_clinical.TCGA-FY-A3ON.xml,data/raw/GDC Data Thyroid/gdc_download_20260123_154153.943271/41c99c52-27ad-4a2d-98ed-8c0a22e53512/TCGA-FY-A3ON.986CE45F-0D9A-44C9-B019-C9B1C56D34A9.PDF,Papillary Thyroid Carcinoma,Classical,T2,N1,MX,No ETE,R0,Multifocal,YES,4,1,OK
TCGA-EL-A4JW,nationwidechildrens.org_clinical.TCGA-EL-A4JW.xml,TCGA-EL-A4JW.63B98E77-2C2B-4767-9D06-D5C6BC5011D7.PDF,data/raw/GDC Data Thyroid/gdc_download_20260123_154153.943271/4424f765-4fc5-494f-be43-f634a4e388f1/nationwidechildrens.org_clinical.TCGA-EL-A4JW.xml,data/raw/GDC Data Thyroid/gdc_download_20260123_154153.943271/4d5b4143-eb24-4e32-a666-55a835dd4039/TCGA-EL-A4JW.63B98E77-2C2B-4767-9D06-D5C6BC5011D7.PDF,Papillary Thyroid Carcinoma,Classical,T1,N0,M0,No ETE,R0,Unifocal,YES,1,0,OK
TCGA-KS-A4I9,nationwidechildrens.org_clinical.TCGA-KS-A4I9.xml,TCGA-KS-A4I9.C4D74382-93BC-4798-83C5-DD669AD67794.PDF,data/raw/GDC Data Thyroid/gdc_download_20260123_154153.943271/3af0d6e1-c2dd-44f4-9945-cca0de7ab71c/nationwidechildrens.org_clinical.TCGA-KS-A4I9.xml,data/raw/GDC Data Thyroid/gdc_download_20260123_154153.943271/8776369b-23ff-48cd-b6e8-5652d0c5ba4e/TCGA-KS-A4I9.C4D74382-93BC-4798-83C5-DD669AD67794.PDF,Papillary Thyroid Carcinoma,Classical,T1b,N0,M0,No ETE,R0,Unifocal,YES,5,0,OK
TCGA-EM-A4FQ,nationwidechildrens.org_clinical.TCGA-EM-A4FQ.xml,TCGA-EM-A4FQ.61E917B8-556F-4BA7-916D-1D8295FCB2EE.PDF,data/raw/GDC Data Thyroid/gdc_download_20260123_154153.943271/b6eff8ae-fff4-4611-9f28-bc387a92a429/nationwidechildrens.org_clinical.TCGA-EM-A4FQ.xml,data/raw/GDC Data Thyroid/gdc_download_20260123_154153.943271/34a2a55a-ab3b-44de-85c6-4d04999641d6/TCGA-EM-A4FQ.61E917B8-556F-4BA7-916D-1D8295FCB2EE.PDF,Papillary Thyroid Carcinoma,Follicular,T2,N1,MX,No ETE,R0,Multifocal,YES,55,17,OK
TCGA-EM-A1CU,nationwidechildrens.org_clinical.TCGA-EM-A1CU.xml,TCGA-EM-A1CU.6518F35E-3650-4E17-8FC5-23E5BC825576.PDF,data/raw/GDC Data Thyroid/gdc_download_20260123_154153.943271/63aa4f4b-f77c-4373-8a43-64deea925f18/nationwidechildrens.org_clinical.TCGA-EM-A1CU.xml,data/raw/GDC Data Thyroid/gdc_download_20260123_154153.943271/0c8c201b-e25c-4145-a2d4-48b0eeb7e888/TCGA-EM-A1CU.6518F35E-3650-4E17-8FC5-23E5BC825576.PDF,Papillary Thyroid Carcinoma,Classical,T3,N1a,M0,No ETE,Not Available,Multifocal,YES,20,1,INCOMPLETE
TCGA-FY-A3I5,nationwidechildrens.org_clinical.TCGA-FY-A3I5.xml,TCGA-FY-A3I5.148DA57C-7105-4189-9494-114FBF524F60.PDF,data/raw/GDC Data Thyroid/gdc_download_20260123_154153.943271/62b31790-4d2b-40d7-a5e7-5d64d8ca6053/nationwidechildrens.org_clinical.TCGA-FY-A3I5.xml,data/raw/GDC Data Thyroid/gdc_download_20260123_154153.943271/df776395-cef0-4678-9451-2663ff611b72/TCGA-FY-A3I5.148DA57C-7105-4189-9494-114FBF524F60.PDF,Papillary Thyroid Carcinoma,Follicular,T3,N0,MX,No ETE,R0,Multifocal,YES,14,0,OK
TCGA-IM-A41Y,nationwidechildrens.org_clinical.TCGA-IM-A41Y.xml,TCGA-IM-A41Y.F8C456B1-F094-4661-86D2-E66F1C0BEE6D.PDF,data/raw/GDC Data Thyroid/gdc_download_20260123_154153.943271/db35116d-6024-4294-a877-c8c9afefb17e/nationwidechildrens.org_clinical.TCGA-IM-A41Y.xml,data/raw/GDC Data Thyroid/gdc_download_20260123_154153.943271/ac5d15f7-bac8-469e-8d17-38418a52d6db/TCGA-IM-A41Y.F8C456B1-F094-4661-86D2-E66F1C0BEE6D.PDF,Other,Not Available,T3,N1a,MX,Microscopic,R0,Multifocal,YES,18,4,INCOMPLETE
TCGA-EM-A2OV,nationwidechildrens.org_clinical.TCGA-EM-A2OV.xml,TCGA-EM-A2OV.AE90D1AA-219B-49A9-8BF5-864EB67A572D.PDF,data/raw/GDC Data Thyroid/gdc_download_20260123_154153.943271/cdfa01ba-28de-491e-8cab-a7c2b706b061/nationwidechildrens.org_clinical.TCGA-EM-A2OV.xml,data/raw/GDC Data Thyroid/gdc_download_20260123_154153.943271/f9b5344c-eaa9-485c-bc5f-e783505f6ec7/TCGA-EM-A2OV.AE90D1AA-219B-49A9-8BF5-864EB67A572D.PDF,Papillary Thyroid Carcinoma,Follicular,T2,N0,MX,No ETE,R0,Multifocal,YES,1,0,OK
TCGA-EL-A3CL,nationwidechildrens.org_clinical.TCGA-EL-A3CL.xml,TCGA-EL-A3CL.321767E5-697C-4958-9766-F25745B3D1D5.PDF,data/raw/GDC Data Thyroid/gdc_download_20260123_154153.943271/0b483966-a4d9-4315-8835-65068c60219a/nationwidechildrens.org_clinical.TCGA-EL-A3CL.xml,data/raw/GDC Data Thyroid/gdc_download_20260123_154153.943271/8c14dfaf-4f36-4e3b-aef3-58e3a2616fb2/TCGA-EL-A3CL.321767E5-697C-4958-9766-F25745B3D1D5.PDF,Papillary Thyroid Carcinoma,Classical,T2,NX,M0,No ETE,R0,Unifocal,NO,,,OK
TCGA-EL-A3T3,nationwidechildrens.org_clinical.TCGA-EL-A3T3.xml,TCGA-EL-A3T3.B2D489F2-AD1C-4D77-A077-E90BDB21546A.PDF,data/raw/GDC Data Thyroid/gdc_download_20260123_154153.943271/5b1339cf-c407-43ca-b43e-9e78f113e03f/nationwidechildrens.org_clinical.TCGA-EL-A3T3.xml,data/raw/GDC Data Thyroid/gdc_download_20260123_154153.943271/a7d83797-37e5-4331-b5bd-8426f5c17c0d/TCGA-EL-A3T3.B2D489F2-AD1C-4D77-A077-E90BDB21546A.PDF,Papillary Thyroid Carcinoma,Classical,T2,N0,M0,No ETE,R0,Unifocal,NO,,,OK
TCGA-FY-A4B4,nationwidechildrens.org_clinical.TCGA-FY-A4B4.xml,TCGA-FY-A4B4.AA3D281C-3066-4E7E-8ECC-67708FBD5173.PDF,data/raw/GDC Data Thyroid/gdc_download_20260123_154153.943271/5bba9d4f-c516-4ec3-859c-9a67c696f17d/nationwidechildrens.org_clinical.TCGA-FY-A4B4.xml,data/raw/GDC Data Thyroid/gdc_download_20260123_154153.943271/61a382d6-6f2b-4087-a66e-d10e0055b757/TCGA-FY-A4B4.AA3D281C-3066-4E7E-8ECC-67708FBD5173.PDF,Papillary Thyroid Carcinoma,Classical,T1b,N1a,MX,No ETE,R1,Unifocal,YES,3,2,OK
TCGA-BJ-A45J,nationwidechildrens.org_clinical.TCGA-BJ-A45J.xml,TCGA-BJ-A45J.FF588CC0-F345-403A-AE69-97F8F3F27274.PDF,data/raw/GDC Data Thyroid/gdc_download_20260123_154153.943271/f24262d7-232b-4dbb-a865-4d8beafe158b/nationwidechildrens.org_clinical.TCGA-BJ-A45J.xml,data/raw/GDC Data Thyroid/gdc_download_20260123_154153.943271/abd52bd8-a01c-49eb-8241-87b21985472b/TCGA-BJ-A45J.FF588CC0-F345-403A-AE69-97F8F3F27274.PDF,Papillary Thyroid Carcinoma,Tall Cell,T1a,N1a,M0,Not Available,Not Available,,YES,1,1,INCOMPLETE
TCGA-DJ-A3V3,nationwidechildrens.org_clinical.TCGA-DJ-A3V3.xml,TCGA-DJ-A3V3.1DA78954-60CB-4A8D-9943-02417D2ECF9D.PDF,data/raw/GDC Data Thyroid/gdc_download_20260123_154153.943271/983ee813-1c64-4113-a29d-09ab9f85e86d/nationwidechildrens.org_clinical.TCGA-DJ-A3V3.xml,data/raw/GDC Data Thyroid/gdc_download_20260123_154153.943271/a5b04ac3-d454-4b46-ae81-5e1f5b88f812/TCGA-DJ-A3V3.1DA78954-60CB-4A8D-9943-02417D2ECF9D.PDF,Papillary Thyroid Carcinoma,Classical,T2,N0,M0,No ETE,R0,Unifocal,YES,15,0,OK
TCGA-FE-A231,nationwidechildrens.org_clinical.TCGA-FE-A231.xml,TCGA-FE-A231.8B8522CD-C9E7-4762-99F9-D597B35ABF03.PDF,data/raw/GDC Data Thyroid/gdc_download_20260123_154153.943271/f63cc68c-1bfc-4726-af0e-f56ab21f3206/nationwidechildrens.org_clinical.TCGA-FE-A231.xml,data/raw/GDC Data Thyroid/gdc_download_20260123_154153.943271/321b328c-bc4c-4d41-9440-abf757aa768d/TCGA-FE-A231.8B8522CD-C9E7-4762-99F9-D597B35ABF03.PDF,Papillary Thyroid Carcinoma,Classical,T3,N1b,MX,No ETE,R0,Unifocal,YES,31,16,OK
TCGA-FY-A4B0,nationwidechildrens.org_clinical.TCGA-FY-A4B0.xml,TCGA-FY-A4B0.513126F2-4AAB-464F-89FB-84202C2853AC.PDF,data/raw/GDC Data Thyroid/gdc_download_20260123_154153.943271/827834f6-705e-4ed0-83cc-de9b2e06cc75/nationwidechildrens.org_clinical.TCGA-FY-A4B0.xml,data/raw/GDC Data Thyroid/gdc_download_20260123_154153.943271/58977291-7955-4596-a25f-2c076b09e5e9/TCGA-FY-A4B0.513126F2-4AAB-464F-89FB-84202C2853AC.PDF,Papillary Thyroid Carcinoma,Classical,T1a,NX,MX,No ETE,R1,Multifocal,NO,,,OK
TCGA-ET-A39K,nationwidechildrens.org_clinical.TCGA-ET-A39K.xml,TCGA-ET-A39K.75057843-C8BE-4632-81AF-B6D383A10036.PDF,data/raw/GDC Data Thyroid/gdc_download_20260123_154153.943271/2ef33c5e-840a-4ac0-8f07-ba73bb46ba66/nationwidechildrens.org_clinical.TCGA-ET-A39K.xml,data/raw/GDC Data Thyroid/gdc_download_20260123_154153.943271/4473cd71-0ef9-4db4-879d-ecec8b1bc1e2/TCGA-ET-A39K.75057843-C8BE-4632-81AF-B6D383A10036.PDF,Papillary Thyroid Carcinoma,Classical,T3,N1a,MX,Microscopic,R1,Multifocal,YES,14,11,OK
TCGA-EM-A3AR,nationwidechildrens.org_clinical.TCGA-EM-A3AR.xml,TCGA-EM-A3AR.19DE70E7-8F9B-4B4F-ABE5-C9D734165AF7.PDF,data/raw/GDC Data Thyroid/gdc_download_20260123_154153.943271/c7e2bb6f-dde2-4a23-bfe7-3be2db61dd2b/nationwidechildrens.org_clinical.TCGA-EM-A3AR.xml,data/raw/GDC Data Thyroid/gdc_download_20260123_154153.943271/229f7e93-d284-4203-918e-992fe96c8267/TCGA-EM-A3AR.19DE70E7-8F9B-4B4F-ABE5-C9D734165AF7.PDF,Papillary Thyroid Carcinoma,Classical,T1b,N1a,MX,No ETE,R0,Multifocal,YES,1,1,OK
TCGA-EM-A2CQ,nationwidechildrens.org_clinical.TCGA-EM-A2CQ.xml,TCGA-EM-A2CQ.54D48CFB-957A-4233-8DE7-8B867862D894.PDF,data/raw/GDC Data Thyroid/gdc_download_20260123_154153.943271/5e454f84-486f-4c9e-ba8b-0471bc2ff080/nationwidechildrens.org_clinical.TCGA-EM-A2CQ.xml,data/raw/GDC Data Thyroid/gdc_download_20260123_154153.943271/ad7ecf3c-175d-40a3-95ab-68448a5713bd/TCGA-EM-A2CQ.54D48CFB-957A-4233-8DE7-8B867862D894.PDF,Papillary Thyroid Carcinoma,Follicular,T1b,N1a,MX,No ETE,R0,Multifocal,YES,3,1,OK
TCGA-DJ-A3US,nationwidechildrens.org_clinical.TCGA-DJ-A3US.xml,TCGA-DJ-A3US.9994E892-85D5-4754-963E-16F0F3AEC2C2.PDF,data/raw/GDC Data Thyroid/gdc_download_20260123_154153.943271/b0fc99a0-c99e-4cd5-825a-d39151f0b796/nationwidechildrens.org_clinical.TCGA-DJ-A3US.xml,data/raw/GDC Data Thyroid/gdc_download_20260123_154153.943271/ffc7a8fb-d362-483b-b675-8ac4b2090850/TCGA-DJ-A3US.9994E892-85D5-4754-963E-16F0F3AEC2C2.PDF,Papillary Thyroid Carcinoma,Classical,T1b,N0,M0,No ETE,R0,Unifocal,NO,,,OK
TCGA-EM-A2CS,nationwidechildrens.org_clinical.TCGA-EM-A2CS.xml,TCGA-EM-A2CS.4BCF51D2-6278-4C59-9CFD-BE686A00F7ED.PDF,data/raw/GDC Data Thyroid/gdc_download_20260123_154153.943271/d2cc949c-d06c-47a7-9669-07df135d1d29/nationwidechildrens.org_clinical.TCGA-EM-A2CS.xml,data/raw/GDC Data Thyroid/gdc_download_20260123_154153.943271/b30374a9-580d-4504-86c3-3a48c9d20899/TCGA-EM-A2CS.4BCF51D2-6278-4C59-9CFD-BE686A00F7ED.PDF,Papillary Thyroid Carcinoma,Classical,T3,N1b,MX,No ETE,R1,Multifocal,YES,49,35,OK
TCGA-KS-A4I1,nationwidechildrens.org_clinical.TCGA-KS-A4I1.xml,TCGA-KS-A4I1.EB9FD285-55AF-4E8F-9C89-74BAA1C0D344.PDF,data/raw/GDC Data Thyroid/gdc_download_20260123_154153.943271/2e05f73b-d93f-492b-bed6-820e524168dc/nationwidechildrens.org_clinical.TCGA-KS-A4I1.xml,data/raw/GDC Data Thyroid/gdc_download_20260123_154153.943271/531e4837-9431-457d-8913-b7856d14241d/TCGA-KS-A4I1.EB9FD285-55AF-4E8F-9C89-74BAA1C0D344.PDF,Papillary Thyroid Carcinoma,Classical,T2,N0,M0,No ETE,R1,Unifocal,YES,4,0,OK
TCGA-DJ-A4UL,nationwidechildrens.org_clinical.TCGA-DJ-A4UL.xml,TCGA-DJ-A4UL.335DABDB-7CD0-4035-A46E-505EB4BF0359.PDF,data/raw/GDC Data Thyroid/gdc_download_20260123_154153.943271/ca580e3b-79bd-4fef-a5ba-c383396a1c0f/nationwidechildrens.org_clinical.TCGA-DJ-A4UL.xml,data/raw/GDC Data Thyroid/gdc_download_20260123_154153.943271/550965d0-351a-49b4-8040-41f67e3664b9/TCGA-DJ-A4UL.335DABDB-7CD0-4035-A46E-505EB4BF0359.PDF,Papillary Thyroid Carcinoma,Classical,T1b,N0,M0,No ETE,R0,Multifocal,YES,3,0,OK
TCGA-FK-A3S3,nationwidechildrens.org_clinical.TCGA-FK-A3S3.xml,TCGA-FK-A3S3.6CE1962B-78BA-4FBC-B3FD-8AB5C4D1869A.PDF,data/raw/GDC Data Thyroid/gdc_download_20260123_154153.943271/5849c020-821c-41bb-9cd6-8e8896bdd9f8/nationwidechildrens.org_clinical.TCGA-FK-A3S3.xml,data/raw/GDC Data Thyroid/gdc_download_20260123_154153.943271/f23b319d-bcfb-495e-87d9-bbd973091722/TCGA-FK-A3S3.6CE1962B-78BA-4FBC-B3FD-8AB5C4D1869A.PDF,Papillary Thyroid Carcinoma,Follicular,T3,N1b,MX,Microscopic,R0,Multifocal,YES,11,4,OK
TCGA-ET-A40P,nationwidechildrens.org_clinical.TCGA-ET-A40P.xml,TCGA-ET-A40P.BC87B4BA-1694-4472-9616-D1C83671B416.PDF,data/raw/GDC Data Thyroid/gdc_download_20260123_154153.943271/5b71198e-4218-4f32-9045-0affe6583f02/nationwidechildrens.org_clinical.TCGA-ET-A40P.xml,data/raw/GDC Data Thyroid/gdc_download_20260123_154153.943271/56d37373-5c7f-4503-8e07-90a134164f26/TCGA-ET-A40P.BC87B4BA-1694-4472-9616-D1C83671B416.PDF,Papillary Thyroid Carcinoma,Follicular,T2,N0,MX,No ETE,R0,Unifocal,YES,1,0,OK
TCGA-FE-A22Z,nationwidechildrens.org_clinical.TCGA-FE-A22Z.xml,TCGA-FE-A22Z.710D01CA-DAD1-4A53-9CC4-A859A813656D.PDF,data/raw/GDC Data Thyroid/gdc_download_20260123_154153.943271/26e716e2-49d3-41ce-9348-e67ed0777bf3/nationwidechildrens.org_clinical.TCGA-FE-A22Z.xml,data/raw/GDC Data Thyroid/gdc_download_20260123_154153.943271/3beaebf3-477c-419f-9dbf-43353340be99/TCGA-FE-A22Z.710D01CA-DAD1-4A53-9CC4-A859A813656D.PDF,Papillary Thyroid Carcinoma,Follicular,T4a,N1,MX,Gross,R0,Unifocal,YES,6,5,OK
TCGA-DJ-A3V5,nationwidechildrens.org_clinical.TCGA-DJ-A3V5.xml,TCGA-DJ-A3V5.39961D6B-E822-45F5-A744-E97BDB40AF85.PDF,data/raw/GDC Data Thyroid/gdc_download_20260123_154153.943271/1b34db63-4490-4820-903c-3407f43cef2a/nationwidechildrens.org_clinical.TCGA-DJ-A3V5.xml,data/raw/GDC Data Thyroid/gdc_download_20260123_154153.943271/0aa91072-8f61-4376-8b38-1c4f9f66cbb7/TCGA-DJ-A3V5.39961D6B-E822-45F5-A744-E97BDB40AF85.PDF,Papillary Thyroid Carcinoma,Tall Cell,T3,N0,M0,Microscopic,R1,Unifocal,YES,1,0,OK
TCGA-DJ-A2Q7,nationwidechildrens.org_clinical.TCGA-DJ-A2Q7.xml,TCGA-DJ-A2Q7.2C3553C3-902B-4783-A474-332877823538.PDF,data/raw/GDC Data Thyroid/gdc_download_20260123_154153.943271/8f687701-24e7-4ea4-a736-ef76c1752e32/nationwidechildrens.org_clinical.TCGA-DJ-A2Q7.xml,data/raw/GDC Data Thyroid/gdc_download_20260123_154153.943271/ef7f1d0a-37b8-44b4-b146-1df8fc8ee468/TCGA-DJ-A2Q7.2C3553C3-902B-4783-A474-332877823538.PDF,Papillary Thyroid Carcinoma,Classical,T2,N1a,M0,Microscopic,R0,Multifocal,YES,5,3,OK
TCGA-H2-A421,nationwidechildrens.org_clinical.TCGA-H2-A421.xml,TCGA-H2-A421.AEBDEC5D-4BCD-4815-A63B-2719F37C186B.PDF,data/raw/GDC Data Thyroid/gdc_download_20260123_154153.943271/de96788c-8ff7-4964-893a-b814ddb6e5e0/nationwidechildrens.org_clinical.TCGA-H2-A421.xml,data/raw/GDC Data Thyroid/gdc_download_20260123_154153.943271/35b33eaa-c03f-4d2b-945f-99e810fa6861/TCGA-H2-A421.AEBDEC5D-4BCD-4815-A63B-2719F37C186B.PDF,Papillary Thyroid Carcinoma,Classical,T1b,N1a,M0,No ETE,Not Available,Unifocal,YES,3,2,INCOMPLETE
TCGA-GE-A2C6,nationwidechildrens.org_clinical.TCGA-GE-A2C6.xml,TCGA-GE-A2C6.009D16C2-2C9C-4955-90B4-A49F54033C74.PDF,data/raw/GDC Data Thyroid/gdc_download_20260123_154153.943271/84fc2c74-8648-46f8-a473-076cc26e17c3/nationwidechildrens.org_clinical.TCGA-GE-A2C6.xml,data/raw/GDC Data Thyroid/gdc_download_20260123_154153.943271/32eb8d0b-ee27-4049-b990-c249329374c2/TCGA-GE-A2C6.009D16C2-2C9C-4955-90B4-A49F54033C74.PDF,Papillary Thyroid Carcinoma,Classical,T2,N1b,MX,No ETE,Not Available,Unifocal,YES,23,14,INCOMPLETE
TCGA-BJ-A0ZH,nationwidechildrens.org_clinical.TCGA-BJ-A0ZH.xml,TCGA-BJ-A0ZH.D3BBEAC7-490C-4CF3-AB2A-966DB9531A41.PDF,data/raw/GDC Data Thyroid/gdc_download_20260123_154153.943271/419a812b-7c6c-4f64-92da-b0647dcb75de/nationwidechildrens.org_clinical.TCGA-BJ-A0ZH.xml,data/raw/GDC Data Thyroid/gdc_download_20260123_154153.943271/a5d70163-809d-4a41-a82d-795c6734cf8d/TCGA-BJ-A0ZH.D3BBEAC7-490C-4CF3-AB2A-966DB9531A41.PDF,Papillary Thyroid Carcinoma,Tall Cell,T2,N1b,MX,No ETE,Not Available,,YES,4,1,INCOMPLETE
TCGA-DJ-A13U,nationwidechildrens.org_clinical.TCGA-DJ-A13U.xml,TCGA-DJ-A13U.323C8F8C-9AFC-49D5-B5A2-B2543EB73A31.PDF,data/raw/GDC Data Thyroid/gdc_download_20260123_154153.943271/d8caf668-c7c5-4886-9e78-3c4294d4ac02/nationwidechildrens.org_clinical.TCGA-DJ-A13U.xml,data/raw/GDC Data Thyroid/gdc_download_20260123_154153.943271/807af301-bdb6-41fb-89a9-5d570488d976/TCGA-DJ-A13U.323C8F8C-9AFC-49D5-B5A2-B2543EB73A31.PDF,Papillary Thyroid Carcinoma,Classical,T3,N0,M0,Microscopic,R0,Unifocal,NO,,,OK
TCGA-FY-A40K,nationwidechildrens.org_clinical.TCGA-FY-A40K.xml,TCGA-FY-A40K.EEF7A2AF-C12B-49F5-91CE-458B62D3F4D7.PDF,data/raw/GDC Data Thyroid/gdc_download_20260123_154153.943271/9e6c6c36-4701-4f4b-900f-af6739fe277c/nationwidechildrens.org_clinical.TCGA-FY-A40K.xml,data/raw/GDC Data Thyroid/gdc_download_20260123_154153.943271/ed9d3f20-3245-4505-817e-44ff901a3647/TCGA-FY-A40K.EEF7A2AF-C12B-49F5-91CE-458B62D3F4D7.PDF,Papillary Thyroid Carcinoma,Classical,T1a,N0,MX,No ETE,R0,Multifocal,YES,4,0,OK
TCGA-EL-A3T8,nationwidechildrens.org_clinical.TCGA-EL-A3T8.xml,TCGA-EL-A3T8.D4D61A70-B4EA-4BAA-9C53-C5AF927D6FD5.PDF,data/raw/GDC Data Thyroid/gdc_download_20260123_154153.943271/4baaee27-32a0-41d2-a4b6-ea909e96ecfd/nationwidechildrens.org_clinical.TCGA-EL-A3T8.xml,data/raw/GDC Data Thyroid/gdc_download_20260123_154153.943271/b8321521-d947-4e6a-817b-8a9cbd5cfeb7/TCGA-EL-A3T8.D4D61A70-B4EA-4BAA-9C53-C5AF927D6FD5.PDF,Papillary Thyroid Carcinoma,Classical,T2,N0,M0,No ETE,R0,Unifocal,NO,,,OK
TCGA-DJ-A3V7,nationwidechildrens.org_clinical.TCGA-DJ-A3V7.xml,TCGA-DJ-A3V7.326E3287-2AA6-402A-B23D-9E2F020B6986.PDF,data/raw/GDC Data Thyroid/gdc_download_20260123_154153.943271/9fae1fd7-6258-42f7-a055-fc1492b96dda/nationwidechildrens.org_clinical.TCGA-DJ-A3V7.xml,data/raw/GDC Data Thyroid/gdc_download_20260123_154153.943271/6ce7b6ad-78bb-4ca0-84e4-f98cfa1b6d58/TCGA-DJ-A3V7.326E3287-2AA6-402A-B23D-9E2F020B6986.PDF,Papillary Thyroid Carcinoma,Tall Cell,T3,N0,M0,Microscopic,R0,Multifocal,YES,2,0,OK
TCGA-EL-A3ZS,nationwidechildrens.org_clinical.TCGA-EL-A3ZS.xml,TCGA-EL-A3ZS.28FCCF82-C2A7-462A-8590-E873CC86696A.PDF,data/raw/GDC Data Thyroid/gdc_download_20260123_154153.943271/61d259b0-7648-40ea-9f87-47220c167495/nationwidechildrens.org_clinical.TCGA-EL-A3ZS.xml,data/raw/GDC Data Thyroid/gdc_download_20260123_154153.943271/04d1ebc1-a6a8-4d77-be73-8249533869bb/TCGA-EL-A3ZS.28FCCF82-C2A7-462A-8590-E873CC86696A.PDF,Papillary Thyroid Carcinoma,Classical,T1a,N1,M0,No ETE,R0,Unifocal,YES,40,13,OK
TCGA-E8-A419,nationwidechildrens.org_clinical.TCGA-E8-A419.xml,TCGA-E8-A419.96AD2BE9-B8DF-4696-BD0F-61FA2CA60871.PDF,data/raw/GDC Data Thyroid/gdc_download_20260123_154153.943271/fa830c82-9706-40bd-a2c6-1a497045352b/nationwidechildrens.org_clinical.TCGA-E8-A419.xml,data/raw/GDC Data Thyroid/gdc_download_20260123_154153.943271/4d5ed014-a866-4802-98bc-2eecabe3f97d/TCGA-E8-A419.96AD2BE9-B8DF-4696-BD0F-61FA2CA60871.PDF,Papillary Thyroid Carcinoma,Classical,T2,N1,M0,No ETE,R0,Unifocal,YES,5,1,OK
TCGA-DJ-A3UX,nationwidechildrens.org_clinical.TCGA-DJ-A3UX.xml,TCGA-DJ-A3UX.8791C9F6-CB05-47BE-900F-76A896823EC2.PDF,data/raw/GDC Data Thyroid/gdc_download_20260123_154153.943271/ab1c6e7a-7844-4908-9b29-554c19711850/nationwidechildrens.org_clinical.TCGA-DJ-A3UX.xml,data/raw/GDC Data Thyroid/gdc_download_20260123_154153.943271/80255daa-4cbb-400b-8a88-01c938ce3e64/TCGA-DJ-A3UX.8791C9F6-CB05-47BE-900F-76A896823EC2.PDF,Papillary Thyroid Carcinoma,Classical,T1,N0,M0,No ETE,R0,Unifocal,YES,3,0,OK
TCGA-BJ-A0ZG,nationwidechildrens.org_clinical.TCGA-BJ-A0ZG.xml,TCGA-BJ-A0ZG.A2821B1D-5D8B-45B0-8976-99A15E49B84E.PDF,data/raw/GDC Data Thyroid/gdc_download_20260123_154153.943271/5aeb907e-a4c9-4435-aeed-c33dc8cd9091/nationwidechildrens.org_clinical.TCGA-BJ-A0ZG.xml,data/raw/GDC Data Thyroid/gdc_download_20260123_154153.943271/ae2839e7-4d83-4e11-85b4-33a89ecba540/TCGA-BJ-A0ZG.A2821B1D-5D8B-45B0-8976-99A15E49B84E.PDF,Papillary Thyroid Carcinoma,Follicular,T1,N0,M0,No ETE,Not Available,,,,,INCOMPLETE
TCGA-BJ-A3F0,nationwidechildrens.org_clinical.TCGA-BJ-A3F0.xml,TCGA-BJ-A3F0.76EF266D-8501-468F-9269-2ABA8D19CA53.PDF,data/raw/GDC Data Thyroid/gdc_download_20260123_154153.943271/ec1f4240-576b-403d-8abb-3b8170097cf1/nationwidechildrens.org_clinical.TCGA-BJ-A3F0.xml,data/raw/GDC Data Thyroid/gdc_download_20260123_154153.943271/9c04c9b7-b064-4624-88c3-cf3173169e32/TCGA-BJ-A3F0.76EF266D-8501-468F-9269-2ABA8D19CA53.PDF,Papillary Thyroid Carcinoma,Classical,T1b,N0,M0,No ETE,R0,Unifocal,NO,,,OK
TCGA-DJ-A3V8,nationwidechildrens.org_clinical.TCGA-DJ-A3V8.xml,TCGA-DJ-A3V8.DB6D3411-CF40-470F-8BE5-E4AC3CCD8437.PDF,data/raw/GDC Data Thyroid/gdc_download_20260123_154153.943271/f55dee3c-5c8c-40fe-8ff1-37e65ddf39d6/nationwidechildrens.org_clinical.TCGA-DJ-A3V8.xml,data/raw/GDC Data Thyroid/gdc_download_20260123_154153.943271/9f1b8fa9-f37f-4d8c-b721-a253d6edb7eb/TCGA-DJ-A3V8.DB6D3411-CF40-470F-8BE5-E4AC3CCD8437.PDF,Papillary Thyroid Carcinoma,Tall Cell,T3,N1b,M0,Microscopic,R0,Multifocal,YES,16,8,OK
TCGA-EM-A3AQ,nationwidechildrens.org_clinical.TCGA-EM-A3AQ.xml,TCGA-EM-A3AQ.2925FDE2-F80E-4B19-A634-F7A5A341A69A.PDF,data/raw/GDC Data Thyroid/gdc_download_20260123_154153.943271/51f37abe-41f1-412d-a795-4581c66d44e9/nationwidechildrens.org_clinical.TCGA-EM-A3AQ.xml,data/raw/GDC Data Thyroid/gdc_download_20260123_154153.943271/f1eaddb4-68bd-4748-ae01-0f143d33fbf1/TCGA-EM-A3AQ.2925FDE2-F80E-4B19-A634-F7A5A341A69A.PDF,Papillary Thyroid Carcinoma,Classical,T1b,N0,MX,No ETE,R0,Multifocal,YES,3,0,OK
TCGA-J8-A4HW,nationwidechildrens.org_clinical.TCGA-J8-A4HW.xml,TCGA-J8-A4HW.44129C44-89D0-4967-92DE-8E8E2082519A.PDF,data/raw/GDC Data Thyroid/gdc_download_20260123_154153.943271/777f8596-e8ec-4d8b-9a3e-9129ef9211c8/nationwidechildrens.org_clinical.TCGA-J8-A4HW.xml,data/raw/GDC Data Thyroid/gdc_download_20260123_154153.943271/99a1e6c2-2de9-48a6-a848-00bdc584148e/TCGA-J8-A4HW.44129C44-89D0-4967-92DE-8E8E2082519A.PDF,Papillary Thyroid Carcinoma,Classical,T2,N1,M0,No ETE,R0,Multifocal,YES,8,7,OK
TCGA-H2-A3RH,nationwidechildrens.org_clinical.TCGA-H2-A3RH.xml,TCGA-H2-A3RH.4F197857-EB50-4345-BAD0-05D27B02D06D.PDF,data/raw/GDC Data Thyroid/gdc_download_20260123_154153.943271/509d41bf-3ab6-4024-ad9e-282c84bf67e4/nationwidechildrens.org_clinical.TCGA-H2-A3RH.xml,data/raw/GDC Data Thyroid/gdc_download_20260123_154153.943271/8f485bd9-2344-4dd7-9f4b-00484f514796/TCGA-H2-A3RH.4F197857-EB50-4345-BAD0-05D27B02D06D.PDF,Papillary Thyroid Carcinoma,Follicular,T1b,N0,M0,No ETE,Not Available,Multifocal,YES,3,0,INCOMPLETE
TCGA-EM-A4FK,nationwidechildrens.org_clinical.TCGA-EM-A4FK.xml,TCGA-EM-A4FK.EF94D807-0D05-49D5-B5B3-A9731D861BF8.PDF,data/raw/GDC Data Thyroid/gdc_download_20260123_154153.943271/743f0b13-3597-4bb1-bcc9-c0815e159fb5/nationwidechildrens.org_clinical.TCGA-EM-A4FK.xml,data/raw/GDC Data Thyroid/gdc_download_20260123_154153.943271/ebb840a7-95ae-4f30-bf2d-905cb171c4a1/TCGA-EM-A4FK.EF94D807-0D05-49D5-B5B3-A9731D861BF8.PDF,Papillary Thyroid Carcinoma,Follicular,T2,NX,MX,No ETE,R0,Unifocal,NO,,,OK
TCGA-EM-A22P,nationwidechildrens.org_clinical.TCGA-EM-A22P.xml,TCGA-EM-A22P.6BF2EBFF-85D8-4F48-A68B-3DDDA60183D5.PDF,data/raw/GDC Data Thyroid/gdc_download_20260123_154153.943271/01b75a4c-ab4b-4185-b4d1-eb3eeb8104ea/nationwidechildrens.org_clinical.TCGA-EM-A22P.xml,data/raw/GDC Data Thyroid/gdc_download_20260123_154153.943271/e691c7b0-01c3-4297-804c-7f8fc166d6e2/TCGA-EM-A22P.6BF2EBFF-85D8-4F48-A68B-3DDDA60183D5.PDF,Papillary Thyroid Carcinoma,Classical,T1b,N1b,MX,No ETE,R1,Multifocal,YES,28,14,OK
TCGA-EL-A3ZN,nationwidechildrens.org_clinical.TCGA-EL-A3ZN.xml,TCGA-EL-A3ZN.88D047C4-3144-4627-A7E8-2035D5C14852.PDF,data/raw/GDC Data Thyroid/gdc_download_20260123_154153.943271/959709bc-2129-4609-8a2c-c452e2fb1c4c/nationwidechildrens.org_clinical.TCGA-EL-A3ZN.xml,data/raw/GDC Data Thyroid/gdc_download_20260123_154153.943271/d2178443-e80f-4db7-8e36-beda608152df/TCGA-EL-A3ZN.88D047C4-3144-4627-A7E8-2035D5C14852.PDF,Papillary Thyroid Carcinoma,Classical,T3,N1,M0,Microscopic,R0,Unifocal,YES,55,6,OK
TCGA-EL-A4KI,nationwidechildrens.org_clinical.TCGA-EL-A4KI.xml,TCGA-EL-A4KI.D24515CA-CEF9-4311-B03D-3739277C8DE7.PDF,data/raw/GDC Data Thyroid/gdc_download_20260123_154153.943271/2d435375-653c-4ae6-a24d-880392d04d68/nationwidechildrens.org_clinical.TCGA-EL-A4KI.xml,data/raw/GDC Data Thyroid/gdc_download_20260123_154153.943271/c074479d-931a-485b-af8c-e763134422f3/TCGA-EL-A4KI.D24515CA-CEF9-4311-B03D-3739277C8DE7.PDF,Papillary Thyroid Carcinoma,Classical,T3,N0,MX,Microscopic,R0,Multifocal,YES,1,0,OK
TCGA-EM-A3OA,nationwidechildrens.org_clinical.TCGA-EM-A3OA.xml,TCGA-EM-A3OA.68C1C276-EB58-4A3C-8693-0A7229214A28.PDF,data/raw/GDC Data Thyroid/gdc_download_20260123_154153.943271/27769632-fa28-4c18-a3f6-65bb550cd013/nationwidechildrens.org_clinical.TCGA-EM-A3OA.xml,data/raw/GDC Data Thyroid/gdc_download_20260123_154153.943271/dab8f7af-9d67-4d1b-a6ff-17b887a41bcf/TCGA-EM-A3OA.68C1C276-EB58-4A3C-8693-0A7229214A28.PDF,Papillary Thyroid Carcinoma,Follicular,T2,N0,MX,No ETE,R0,Unifocal,YES,1,0,OK
TCGA-EM-A3O3,nationwidechildrens.org_clinical.TCGA-EM-A3O3.xml,TCGA-EM-A3O3.5595A0A9-FD0D-4F79-8DE5-28DC37C96C68.PDF,data/raw/GDC Data Thyroid/gdc_download_20260123_154153.943271/842a6ba3-1a9a-45c9-98d2-8b4f4ac78978/nationwidechildrens.org_clinical.TCGA-EM-A3O3.xml,data/raw/GDC Data Thyroid/gdc_download_20260123_154153.943271/a8875708-0f24-4c51-b257-0d70e225ba01/TCGA-EM-A3O3.5595A0A9-FD0D-4F79-8DE5-28DC37C96C68.PDF,Papillary Thyroid Carcinoma,Classical,T2,N1a,MX,No ETE,R0,Unifocal,YES,16,3,OK
TCGA-EL-A3CN,nationwidechildrens.org_clinical.TCGA-EL-A3CN.xml,TCGA-EL-A3CN.CF43F52C-E738-49CA-A3C5-33BC3E183867.PDF,data/raw/GDC Data Thyroid/gdc_download_20260123_154153.943271/eacbb057-f536-422d-b87a-7db5805005d1/nationwidechildrens.org_clinical.TCGA-EL-A3CN.xml,data/raw/GDC Data Thyroid/gdc_download_20260123_154153.943271/619eaffb-d3bb-41d3-ad4e-835769155764/TCGA-EL-A3CN.CF43F52C-E738-49CA-A3C5-33BC3E183867.PDF,Papillary Thyroid Carcinoma,Classical,T3,N0,M0,Microscopic,R2,Unifocal,YES,1,0,OK
TCGA-ET-A2N4,nationwidechildrens.org_clinical.TCGA-ET-A2N4.xml,TCGA-ET-A2N4.76F3BFF3-8538-4736-85AB-2BEE2629F3BE.PDF,data/raw/GDC Data Thyroid/gdc_download_20260123_154153.943271/23a98604-66c6-4783-acd1-e4afb6448d14/nationwidechildrens.org_clinical.TCGA-ET-A2N4.xml,data/raw/GDC Data Thyroid/gdc_download_20260123_154153.943271/3c83f67f-42a6-4cc9-b54b-5e44f1afebb2/TCGA-ET-A2N4.76F3BFF3-8538-4736-85AB-2BEE2629F3BE.PDF,Papillary Thyroid Carcinoma,Follicular,T3,N0,MX,Microscopic,Not Available,Multifocal,YES,2,0,INCOMPLETE
TCGA-DJ-A3UN,nationwidechildrens.org_clinical.TCGA-DJ-A3UN.xml,TCGA-DJ-A3UN.F69B781C-1912-4E31-8303-EAB84A84F9AE.PDF,data/raw/GDC Data Thyroid/gdc_download_20260123_154153.943271/03ad8130-93b5-492b-88e8-c4cd74ff03a1/nationwidechildrens.org_clinical.TCGA-DJ-A3UN.xml,data/raw/GDC Data Thyroid/gdc_download_20260123_154153.943271/77fe9770-56d1-4dde-bd10-a242604d33a6/TCGA-DJ-A3UN.F69B781C-1912-4E31-8303-EAB84A84F9AE.PDF,Papillary Thyroid Carcinoma,Classical,T1b,N0,M0,No ETE,R0,Multifocal,YES,3,0,OK
TCGA-BJ-A28Z,nationwidechildrens.org_clinical.TCGA-BJ-A28Z.xml,TCGA-BJ-A28Z.C0AFDCE6-F0D8-473C-A584-25DD53E2F832.PDF,data/raw/GDC Data Thyroid/gdc_download_20260123_154153.943271/303e4a8f-4b29-4405-80d5-dd82f27232e4/nationwidechildrens.org_clinical.TCGA-BJ-A28Z.xml,data/raw/GDC Data Thyroid/gdc_download_20260123_154153.943271/c1074945-1914-47f3-9a6d-e18cf37de341/TCGA-BJ-A28Z.C0AFDCE6-F0D8-473C-A584-25DD53E2F832.PDF,Papillary Thyroid Carcinoma,Classical,T3,N1a,M0,Microscopic,Not Available,Multifocal,YES,16,1,INCOMPLETE
TCGA-BJ-A2N8,nationwidechildrens.org_clinical.TCGA-BJ-A2N8.xml,TCGA-BJ-A2N8.8ED5135F-45E6-4B1D-813C-64D3E86EC9AD.PDF,data/raw/GDC Data Thyroid/gdc_download_20260123_154153.943271/c40faae2-6cd7-4e10-b3fb-f4db4f603e30/nationwidechildrens.org_clinical.TCGA-BJ-A2N8.xml,data/raw/GDC Data Thyroid/gdc_download_20260123_154153.943271/22eadea7-d15d-42c2-99ea-d1b1b90091fb/TCGA-BJ-A2N8.8ED5135F-45E6-4B1D-813C-64D3E86EC9AD.PDF,Papillary Thyroid Carcinoma,Classical,T1b,N0,M0,Not Available,Not Available,Multifocal,YES,2,0,INCOMPLETE
TCGA-BJ-A0Z0,nationwidechildrens.org_clinical.TCGA-BJ-A0Z0.xml,TCGA-BJ-A0Z0.55206358-DB4D-4FD8-B634-A2DB15F8F7C1.PDF,data/raw/GDC Data Thyroid/gdc_download_20260123_154153.943271/d9237ce4-e820-4e20-b7fc-018d6d734016/nationwidechildrens.org_clinical.TCGA-BJ-A0Z0.xml,data/raw/GDC Data Thyroid/gdc_download_20260123_154153.943271/5a40b8c7-c1ae-4220-ad22-239f9cc240f7/TCGA-BJ-A0Z0.55206358-DB4D-4FD8-B634-A2DB15F8F7C1.PDF,Papillary Thyroid Carcinoma,Classical,T2,N0,MX,No ETE,R0,Unifocal,YES,5,0,OK
TCGA-FY-A40M,nationwidechildrens.org_clinical.TCGA-FY-A40M.xml,TCGA-FY-A40M.868F9544-F5A4-43EC-9031-6F701E82E6FE.PDF,data/raw/GDC Data Thyroid/gdc_download_20260123_154153.943271/ef5c34ad-c665-4e89-8d1f-95b180673a58/nationwidechildrens.org_clinical.TCGA-FY-A40M.xml,data/raw/GDC Data Thyroid/gdc_download_20260123_154153.943271/27c8d937-e39a-4bd2-a458-130d47223267/TCGA-FY-A40M.868F9544-F5A4-43EC-9031-6F701E82E6FE.PDF,Papillary Thyroid Carcinoma,Classical,T1b,N0,MX,No ETE,R0,Multifocal,YES,5,0,OK
TCGA-EL-A3CU,nationwidechildrens.org_clinical.TCGA-EL-A3CU.xml,TCGA-EL-A3CU.2ED57CDC-E420-4895-A5A9-F62480DBBE1E.PDF,data/raw/GDC Data Thyroid/gdc_download_20260123_154153.943271/d86fcadd-e1f4-4bf9-9058-407bfddc2c8e/nationwidechildrens.org_clinical.TCGA-EL-A3CU.xml,data/raw/GDC Data Thyroid/gdc_download_20260123_154153.943271/e8d0c138-5a41-476d-af06-4e217cd742f6/TCGA-EL-A3CU.2ED57CDC-E420-4895-A5A9-F62480DBBE1E.PDF,Papillary Thyroid Carcinoma,Classical,T1,N1a,M0,No ETE,R0,Multifocal,YES,7,4,OK
TCGA-FK-A3SG,nationwidechildrens.org_clinical.TCGA-FK-A3SG.xml,TCGA-FK-A3SG.7BF00F56-23C5-4B17-B890-71D1E7AF1B7E.PDF,data/raw/GDC Data Thyroid/gdc_download_20260123_154153.943271/62477cfc-5a33-4ec2-ab9c-08589f2a68e4/nationwidechildrens.org_clinical.TCGA-FK-A3SG.xml,data/raw/GDC Data Thyroid/gdc_download_20260123_154153.943271/24a3d3ce-e0f0-47f7-af2a-c67d7c6e39cc/TCGA-FK-A3SG.7BF00F56-23C5-4B17-B890-71D1E7AF1B7E.PDF,Papillary Thyroid Carcinoma,Classical,T2,N1b,MX,No ETE,R0,Multifocal,YES,14,6,OK
TCGA-FY-A76V,nationwidechildrens.org_clinical.TCGA-FY-A76V.xml,TCGA-FY-A76V.9D4073DB-2494-4472-A3FD-190658622F05.PDF,data/raw/GDC Data Thyroid/gdc_download_20260123_154153.943271/587d2418-cc55-4f2b-9564-d50ff1c38e13/nationwidechildrens.org_clinical.TCGA-FY-A76V.xml,data/raw/GDC Data Thyroid/gdc_download_20260123_154153.943271/9d6c8037-030c-4007-9eb5-af0e1057ccff/TCGA-FY-A76V.9D4073DB-2494-4472-A3FD-190658622F05.PDF,Papillary Thyroid Carcinoma,Classical,T2,NX,MX,No ETE,R0,Multifocal,NO,,,OK
TCGA-E3-A3E1,nationwidechildrens.org_clinical.TCGA-E3-A3E1.xml,TCGA-E3-A3E1.EA6E1AAE-435A-4092-B4F3-59FC83D78BC4.PDF,data/raw/GDC Data Thyroid/gdc_download_20260123_154153.943271/5123e5fd-a4bf-4c49-a5cc-b71f6e84bd94/nationwidechildrens.org_clinical.TCGA-E3-A3E1.xml,data/raw/GDC Data Thyroid/gdc_download_20260123_154153.943271/f5005c19-1f8f-4eae-ba4c-a2862b1fdc70/TCGA-E3-A3E1.EA6E1AAE-435A-4092-B4F3-59FC83D78BC4.PDF,Papillary Thyroid Carcinoma,Classical,T1,N0,M0,No ETE,R0,Unifocal,YES,2,0,OK
TCGA-FK-A3SB,nationwidechildrens.org_clinical.TCGA-FK-A3SB.xml,TCGA-FK-A3SB.E4786207-1ECD-48F6-BDC0-C4C27209D926.PDF,data/raw/GDC Data Thyroid/gdc_download_20260123_154153.943271/374682d2-42ee-487e-b07b-dec8d12f0d05/nationwidechildrens.org_clinical.TCGA-FK-A3SB.xml,data/raw/GDC Data Thyroid/gdc_download_20260123_154153.943271/db653b89-3783-43b9-8329-71b2f513860b/TCGA-FK-A3SB.E4786207-1ECD-48F6-BDC0-C4C27209D926.PDF,Papillary Thyroid Carcinoma,Classical,T3,N1a,MX,Microscopic,R0,Unifocal,YES,14,2,OK
TCGA-EL-A3T1,nationwidechildrens.org_clinical.TCGA-EL-A3T1.xml,TCGA-EL-A3T1.9801ADBD-282E-494E-B703-BD1DB5CE4FC5.PDF,data/raw/GDC Data Thyroid/gdc_download_20260123_154153.943271/20ce387a-930c-4b78-b597-83ab02df259e/nationwidechildrens.org_clinical.TCGA-EL-A3T1.xml,data/raw/GDC Data Thyroid/gdc_download_20260123_154153.943271/0fc3e9d5-2c36-4a82-a3c8-3e3fab1fe9e5/TCGA-EL-A3T1.9801ADBD-282E-494E-B703-BD1DB5CE4FC5.PDF,Papillary Thyroid Carcinoma,Classical,T2,N0,M0,Microscopic,R0,Unifocal,YES,1,0,OK
TCGA-EM-A2OW,nationwidechildrens.org_clinical.TCGA-EM-A2OW.xml,TCGA-EM-A2OW.2BFED855-C6EB-479B-A359-2BE4139D045A.PDF,data/raw/GDC Data Thyroid/gdc_download_20260123_154153.943271/fd8d130d-1509-4429-85bf-48d9695282af/nationwidechildrens.org_clinical.TCGA-EM-A2OW.xml,data/raw/GDC Data Thyroid/gdc_download_20260123_154153.943271/90e8b9c4-1b03-45b0-b7b2-d5800fd7e3dd/TCGA-EM-A2OW.2BFED855-C6EB-479B-A359-2BE4139D045A.PDF,Papillary Thyroid Carcinoma,Follicular,T1b,NX,MX,No ETE,R0,Multifocal,NO,,,OK
